2025/08/15 07:37:40.811, 33.49 W, 46, 0 %, 0 %
2025/08/15 07:37:41.815, 33.46 W, 46, 0 %, 0 %
2025/08/15 07:37:42.818, 33.47 W, 46, 3 %, 0 %
2025/08/15 07:37:43.822, 33.47 W, 46, 0 %, 0 %
2025/08/15 07:37:44.825, 33.44 W, 46, 0 %, 0 %
2025/08/15 07:37:45.828, 56.70 W, 46, 98 %, 11 %
2025/08/15 07:37:46.832, 38.48 W, 46, 0 %, 0 %
2025/08/15 07:37:47.836, 81.07 W, 47, 51 %, 20 %
2025/08/15 07:37:48.841, 86.30 W, 48, 52 %, 21 %
2025/08/15 07:37:49.845, 85.27 W, 48, 48 %, 19 %
2025/08/15 07:37:50.852, 73.67 W, 48, 50 %, 20 %
2025/08/15 07:37:51.857, 79.25 W, 48, 46 %, 18 %
2025/08/15 07:37:52.861, 89.43 W, 48, 51 %, 20 %
2025/08/15 07:37:53.866, 68.80 W, 48, 0 %, 0 %
2025/08/15 07:37:54.869, 39.17 W, 47, 0 %, 0 %
2025/08/15 07:37:55.874, 54.72 W, 47, 28 %, 13 %
2025/08/15 07:37:56.877, 39.42 W, 47, 0 %, 0 %
2025/08/15 07:37:57.881, 80.43 W, 48, 48 %, 19 %
2025/08/15 07:37:58.888, 82.35 W, 48, 49 %, 19 %
2025/08/15 07:37:59.892, 73.42 W, 48, 48 %, 19 %
2025/08/15 07:38:00.895, 82.42 W, 48, 50 %, 20 %
2025/08/15 07:38:01.900, 83.21 W, 48, 45 %, 18 %
2025/08/15 07:38:02.907, 86.75 W, 49, 52 %, 20 %
2025/08/15 07:38:03.911, 87.44 W, 48, 20 %, 8 %
2025/08/15 07:38:04.916, 83.64 W, 49, 48 %, 19 %
2025/08/15 07:38:05.920, 83.35 W, 49, 50 %, 20 %
2025/08/15 07:38:06.926, 78.20 W, 49, 47 %, 18 %
2025/08/15 07:38:07.930, 85.78 W, 48, 51 %, 20 %
2025/08/15 07:38:08.934, 85.06 W, 49, 53 %, 21 %
2025/08/15 07:38:09.939, 82.85 W, 49, 53 %, 21 %
2025/08/15 07:38:10.943, 87.99 W, 48, 50 %, 20 %
2025/08/15 07:38:11.948, 86.31 W, 49, 48 %, 19 %
2025/08/15 07:38:12.952, 81.86 W, 49, 54 %, 21 %
2025/08/15 07:38:13.957, 88.69 W, 49, 54 %, 21 %
2025/08/15 07:38:14.961, 89.17 W, 49, 52 %, 20 %
2025/08/15 07:38:15.966, 84.00 W, 49, 52 %, 21 %
2025/08/15 07:38:16.969, 39.89 W, 48, 18 %, 6 %
2025/08/15 07:38:17.975, 82.32 W, 49, 52 %, 20 %
2025/08/15 07:38:18.980, 71.57 W, 49, 51 %, 20 %
2025/08/15 07:38:19.984, 79.33 W, 49, 49 %, 19 %
2025/08/15 07:38:20.988, 72.00 W, 49, 48 %, 19 %
2025/08/15 07:38:21.993, 78.56 W, 49, 44 %, 17 %
2025/08/15 07:38:22.998, 85.78 W, 49, 48 %, 19 %
2025/08/15 07:38:24.002, 87.62 W, 49, 50 %, 20 %
2025/08/15 07:38:25.007, 73.84 W, 49, 52 %, 20 %
2025/08/15 07:38:26.012, 85.27 W, 49, 50 %, 20 %
2025/08/15 07:38:27.017, 80.67 W, 49, 52 %, 20 %
2025/08/15 07:38:28.021, 75.63 W, 49, 52 %, 20 %
2025/08/15 07:38:29.026, 85.28 W, 49, 52 %, 20 %
2025/08/15 07:38:30.031, 56.18 W, 49, 44 %, 17 %
2025/08/15 07:38:31.036, 81.11 W, 49, 51 %, 20 %
2025/08/15 07:38:32.040, 78.10 W, 49, 49 %, 19 %
2025/08/15 07:38:33.044, 82.46 W, 49, 51 %, 20 %
2025/08/15 07:38:34.049, 85.02 W, 49, 51 %, 20 %
2025/08/15 07:38:35.053, 86.58 W, 49, 50 %, 20 %
2025/08/15 07:38:36.058, 86.51 W, 50, 49 %, 19 %
2025/08/15 07:38:37.062, 39.92 W, 49, 19 %, 6 %
2025/08/15 07:38:38.065, 87.50 W, 50, 51 %, 20 %
2025/08/15 07:38:39.069, 73.74 W, 50, 51 %, 20 %
2025/08/15 07:38:40.072, 81.33 W, 50, 50 %, 20 %
2025/08/15 07:38:41.079, 83.31 W, 50, 53 %, 21 %
2025/08/15 07:38:42.084, 82.92 W, 50, 51 %, 20 %
2025/08/15 07:38:43.089, 85.57 W, 50, 52 %, 20 %
2025/08/15 07:38:44.093, 85.66 W, 50, 53 %, 21 %
2025/08/15 07:38:45.097, 84.32 W, 50, 51 %, 20 %
2025/08/15 07:38:46.100, 86.84 W, 50, 52 %, 20 %
2025/08/15 07:38:47.105, 88.43 W, 50, 52 %, 20 %
2025/08/15 07:38:48.109, 82.85 W, 50, 52 %, 20 %
2025/08/15 07:38:49.113, 87.69 W, 50, 51 %, 20 %
2025/08/15 07:38:50.118, 56.99 W, 49, 16 %, 5 %
2025/08/15 07:38:51.122, 83.75 W, 49, 51 %, 20 %
2025/08/15 07:38:52.127, 86.77 W, 50, 51 %, 20 %
2025/08/15 07:38:53.131, 79.65 W, 50, 52 %, 20 %
2025/08/15 07:38:54.135, 81.37 W, 49, 48 %, 19 %
2025/08/15 07:38:55.139, 80.05 W, 49, 48 %, 19 %
2025/08/15 07:38:56.144, 77.26 W, 49, 48 %, 19 %
2025/08/15 07:38:57.147, 73.79 W, 48, 18 %, 6 %
2025/08/15 07:38:58.151, 85.02 W, 49, 50 %, 19 %
2025/08/15 07:38:59.156, 79.88 W, 49, 52 %, 20 %
2025/08/15 07:39:00.160, 88.54 W, 49, 52 %, 20 %
2025/08/15 07:39:01.165, 82.59 W, 49, 50 %, 19 %
2025/08/15 07:39:02.170, 79.39 W, 49, 49 %, 19 %
2025/08/15 07:39:03.174, 88.53 W, 49, 50 %, 20 %
2025/08/15 07:39:04.179, 77.61 W, 49, 52 %, 20 %
2025/08/15 07:39:05.184, 79.42 W, 49, 52 %, 20 %
2025/08/15 07:39:06.188, 76.77 W, 49, 50 %, 20 %
2025/08/15 07:39:07.193, 80.68 W, 49, 51 %, 20 %
2025/08/15 07:39:08.197, 80.78 W, 50, 50 %, 20 %
2025/08/15 07:39:09.201, 81.56 W, 50, 51 %, 20 %
2025/08/15 07:39:10.206, 53.98 W, 49, 30 %, 12 %
2025/08/15 07:39:11.210, 77.46 W, 49, 49 %, 19 %
2025/08/15 07:39:12.215, 80.53 W, 49, 45 %, 18 %
2025/08/15 07:39:13.221, 81.12 W, 50, 51 %, 20 %
2025/08/15 07:39:14.226, 79.35 W, 50, 52 %, 20 %
2025/08/15 07:39:15.229, 83.29 W, 50, 48 %, 19 %
2025/08/15 07:39:16.233, 88.10 W, 50, 51 %, 20 %
2025/08/15 07:39:17.238, 56.45 W, 50, 14 %, 4 %
2025/08/15 07:39:18.242, 80.08 W, 50, 49 %, 19 %
2025/08/15 07:39:19.247, 78.39 W, 50, 50 %, 20 %
2025/08/15 07:39:20.252, 82.71 W, 50, 50 %, 20 %
2025/08/15 07:39:21.257, 84.74 W, 50, 52 %, 20 %
2025/08/15 07:39:22.260, 84.25 W, 51, 50 %, 20 %
2025/08/15 07:39:23.264, 82.61 W, 51, 50 %, 20 %
2025/08/15 07:39:24.271, 85.78 W, 50, 12 %, 4 %
2025/08/15 07:39:25.275, 84.44 W, 50, 49 %, 19 %
2025/08/15 07:39:26.279, 78.08 W, 50, 49 %, 19 %
2025/08/15 07:39:27.284, 81.86 W, 51, 50 %, 19 %
2025/08/15 07:39:28.289, 79.85 W, 51, 49 %, 19 %
2025/08/15 07:39:29.293, 83.77 W, 50, 52 %, 20 %
2025/08/15 07:39:30.297, 44.15 W, 50, 52 %, 20 %
2025/08/15 07:39:31.301, 87.76 W, 50, 52 %, 20 %
2025/08/15 07:39:32.307, 84.32 W, 51, 50 %, 20 %
2025/08/15 07:39:33.310, 82.75 W, 51, 52 %, 20 %
2025/08/15 07:39:34.315, 78.91 W, 51, 52 %, 20 %
2025/08/15 07:39:35.318, 79.65 W, 51, 51 %, 20 %
2025/08/15 07:39:36.326, 80.38 W, 51, 50 %, 19 %
2025/08/15 07:39:37.330, 40.16 W, 50, 13 %, 4 %
2025/08/15 07:39:38.335, 81.17 W, 51, 51 %, 20 %
2025/08/15 07:39:39.338, 83.50 W, 50, 50 %, 20 %
2025/08/15 07:39:40.343, 84.68 W, 50, 50 %, 20 %
2025/08/15 07:39:41.346, 71.76 W, 51, 51 %, 20 %
2025/08/15 07:39:42.350, 73.94 W, 50, 41 %, 16 %
2025/08/15 07:39:43.357, 81.37 W, 51, 49 %, 19 %
2025/08/15 07:39:44.362, 76.54 W, 50, 20 %, 8 %
2025/08/15 07:39:45.366, 83.12 W, 51, 51 %, 20 %
2025/08/15 07:39:46.370, 81.86 W, 51, 51 %, 20 %
2025/08/15 07:39:47.375, 85.65 W, 51, 50 %, 20 %
2025/08/15 07:39:48.379, 81.97 W, 51, 52 %, 20 %
2025/08/15 07:39:49.383, 82.81 W, 51, 52 %, 20 %
2025/08/15 07:39:50.388, 86.32 W, 51, 52 %, 20 %
2025/08/15 07:39:51.392, 86.80 W, 51, 50 %, 19 %
2025/08/15 07:39:52.397, 80.77 W, 51, 50 %, 20 %
2025/08/15 07:39:53.401, 82.16 W, 51, 50 %, 20 %
2025/08/15 07:39:54.406, 76.39 W, 51, 51 %, 20 %
2025/08/15 07:39:55.412, 76.14 W, 51, 51 %, 20 %
2025/08/15 07:39:56.416, 78.60 W, 51, 52 %, 20 %
2025/08/15 07:39:57.421, 56.73 W, 51, 19 %, 6 %
2025/08/15 07:39:58.424, 74.91 W, 51, 51 %, 20 %
2025/08/15 07:39:59.432, 83.46 W, 51, 51 %, 20 %
2025/08/15 07:40:00.436, 84.23 W, 51, 52 %, 20 %
2025/08/15 07:40:01.439, 80.57 W, 51, 52 %, 20 %
2025/08/15 07:40:02.444, 82.37 W, 51, 50 %, 20 %
2025/08/15 07:40:03.447, 82.65 W, 51, 51 %, 20 %
2025/08/15 07:40:04.452, 87.29 W, 50, 35 %, 14 %
2025/08/15 07:40:05.456, 78.46 W, 51, 51 %, 20 %
2025/08/15 07:40:06.460, 79.14 W, 51, 51 %, 20 %
2025/08/15 07:40:07.464, 79.14 W, 51, 50 %, 20 %
2025/08/15 07:40:08.467, 73.50 W, 50, 49 %, 19 %
2025/08/15 07:40:09.472, 74.94 W, 51, 50 %, 19 %
2025/08/15 07:40:10.478, 79.10 W, 51, 50 %, 19 %
2025/08/15 07:40:11.483, 79.14 W, 50, 50 %, 20 %
2025/08/15 07:40:12.487, 81.97 W, 51, 50 %, 20 %
2025/08/15 07:40:13.492, 72.56 W, 50, 48 %, 19 %
2025/08/15 07:40:14.497, 76.42 W, 51, 48 %, 19 %
2025/08/15 07:40:15.501, 78.35 W, 51, 50 %, 20 %
2025/08/15 07:40:16.506, 87.01 W, 51, 52 %, 20 %
2025/08/15 07:40:17.510, 55.77 W, 50, 43 %, 17 %
2025/08/15 07:40:18.516, 79.63 W, 50, 50 %, 20 %
2025/08/15 07:40:19.521, 83.25 W, 51, 50 %, 19 %
2025/08/15 07:40:20.525, 85.78 W, 51, 50 %, 20 %
2025/08/15 07:40:21.529, 78.50 W, 51, 49 %, 19 %
2025/08/15 07:40:22.532, 84.54 W, 51, 50 %, 20 %
2025/08/15 07:40:23.537, 79.59 W, 51, 52 %, 20 %
2025/08/15 07:40:24.540, 54.71 W, 51, 18 %, 6 %
2025/08/15 07:40:25.545, 78.61 W, 51, 49 %, 19 %
2025/08/15 07:40:26.549, 79.83 W, 51, 50 %, 20 %
2025/08/15 07:40:27.554, 82.12 W, 51, 51 %, 20 %
2025/08/15 07:40:28.558, 86.68 W, 51, 51 %, 20 %
2025/08/15 07:40:29.564, 79.14 W, 51, 51 %, 20 %
2025/08/15 07:40:30.569, 77.26 W, 51, 51 %, 20 %
2025/08/15 07:40:31.572, 83.21 W, 51, 30 %, 12 %
2025/08/15 07:40:32.577, 83.55 W, 51, 50 %, 20 %
2025/08/15 07:40:33.583, 85.02 W, 51, 50 %, 20 %
2025/08/15 07:40:34.587, 72.32 W, 51, 52 %, 20 %
2025/08/15 07:40:35.591, 82.95 W, 51, 52 %, 20 %
2025/08/15 07:40:36.596, 81.11 W, 51, 50 %, 20 %
2025/08/15 07:40:37.600, 46.33 W, 51, 53 %, 21 %
2025/08/15 07:40:38.604, 78.11 W, 51, 51 %, 20 %
2025/08/15 07:40:39.608, 83.88 W, 51, 48 %, 19 %
2025/08/15 07:40:40.613, 77.51 W, 51, 49 %, 19 %
2025/08/15 07:40:41.617, 74.94 W, 51, 50 %, 20 %
2025/08/15 07:40:42.622, 69.00 W, 51, 49 %, 19 %
2025/08/15 07:40:43.625, 80.08 W, 51, 50 %, 19 %
2025/08/15 07:40:44.629, 54.24 W, 51, 19 %, 7 %
2025/08/15 07:40:45.633, 80.28 W, 51, 50 %, 20 %
2025/08/15 07:40:46.638, 84.58 W, 51, 42 %, 17 %
2025/08/15 07:40:47.641, 78.18 W, 51, 48 %, 19 %
2025/08/15 07:40:48.646, 76.93 W, 51, 49 %, 19 %
2025/08/15 07:40:49.651, 81.58 W, 51, 50 %, 20 %
2025/08/15 07:40:50.656, 82.61 W, 51, 50 %, 19 %
2025/08/15 07:40:51.660, 55.72 W, 51, 19 %, 6 %
2025/08/15 07:40:52.664, 80.09 W, 51, 52 %, 20 %
2025/08/15 07:40:53.669, 77.37 W, 51, 53 %, 21 %
2025/08/15 07:40:54.674, 78.40 W, 51, 52 %, 20 %
2025/08/15 07:40:55.677, 84.28 W, 51, 51 %, 20 %
2025/08/15 07:40:56.682, 83.50 W, 51, 53 %, 21 %
2025/08/15 07:40:57.688, 88.18 W, 51, 52 %, 20 %
2025/08/15 07:40:58.692, 83.74 W, 51, 51 %, 20 %
2025/08/15 07:40:59.696, 80.28 W, 51, 51 %, 20 %
2025/08/15 07:41:00.701, 86.26 W, 51, 51 %, 20 %
2025/08/15 07:41:01.707, 75.93 W, 51, 50 %, 20 %
2025/08/15 07:41:02.711, 86.51 W, 51, 52 %, 20 %
2025/08/15 07:41:03.716, 84.14 W, 51, 52 %, 20 %
2025/08/15 07:41:04.719, 55.95 W, 50, 27 %, 10 %
2025/08/15 07:41:05.725, 77.87 W, 50, 53 %, 21 %
2025/08/15 07:41:06.729, 82.16 W, 51, 52 %, 20 %
2025/08/15 07:41:07.733, 83.49 W, 51, 53 %, 21 %
2025/08/15 07:41:08.737, 87.94 W, 51, 52 %, 20 %
2025/08/15 07:41:09.741, 84.63 W, 50, 52 %, 20 %
2025/08/15 07:41:10.745, 83.40 W, 51, 52 %, 20 %
2025/08/15 07:41:11.749, 81.28 W, 50, 29 %, 12 %
2025/08/15 07:41:12.756, 78.84 W, 51, 52 %, 21 %
2025/08/15 07:41:13.760, 82.55 W, 51, 53 %, 21 %
2025/08/15 07:41:14.765, 86.51 W, 51, 53 %, 21 %
2025/08/15 07:41:15.769, 76.66 W, 51, 50 %, 20 %
2025/08/15 07:41:16.774, 83.00 W, 51, 52 %, 20 %
2025/08/15 07:41:17.778, 53.06 W, 50, 25 %, 9 %
2025/08/15 07:41:18.782, 81.30 W, 51, 50 %, 20 %
2025/08/15 07:41:19.787, 81.11 W, 51, 53 %, 21 %
2025/08/15 07:41:20.792, 87.74 W, 51, 53 %, 21 %
2025/08/15 07:41:21.797, 79.78 W, 51, 53 %, 21 %
2025/08/15 07:41:22.801, 81.22 W, 51, 52 %, 20 %
2025/08/15 07:41:23.804, 73.74 W, 51, 49 %, 19 %
2025/08/15 07:41:24.812, 85.31 W, 50, 18 %, 6 %
2025/08/15 07:41:25.816, 87.25 W, 51, 51 %, 20 %
2025/08/15 07:41:26.821, 78.47 W, 51, 53 %, 21 %
2025/08/15 07:41:27.825, 84.71 W, 51, 51 %, 20 %
2025/08/15 07:41:28.829, 83.54 W, 51, 51 %, 20 %
2025/08/15 07:41:29.837, 84.78 W, 51, 51 %, 20 %
2025/08/15 07:41:30.841, 82.30 W, 51, 52 %, 20 %
2025/08/15 07:41:31.846, 75.47 W, 51, 50 %, 19 %
2025/08/15 07:41:32.850, 83.55 W, 51, 49 %, 19 %
2025/08/15 07:41:33.855, 80.38 W, 51, 52 %, 21 %
2025/08/15 07:41:34.861, 84.90 W, 51, 51 %, 20 %
2025/08/15 07:41:35.865, 80.43 W, 51, 51 %, 20 %
2025/08/15 07:41:36.870, 74.73 W, 51, 51 %, 20 %
2025/08/15 07:41:37.874, 59.72 W, 51, 19 %, 6 %
2025/08/15 07:41:38.879, 84.23 W, 51, 52 %, 20 %
2025/08/15 07:41:39.884, 80.83 W, 51, 49 %, 19 %
2025/08/15 07:41:40.888, 79.60 W, 51, 49 %, 19 %
2025/08/15 07:41:41.892, 81.47 W, 51, 44 %, 17 %
2025/08/15 07:41:42.898, 81.11 W, 51, 50 %, 20 %
2025/08/15 07:41:43.902, 76.66 W, 51, 51 %, 20 %
2025/08/15 07:41:44.906, 40.38 W, 50, 16 %, 5 %
2025/08/15 07:41:45.909, 81.33 W, 51, 49 %, 19 %
2025/08/15 07:41:46.913, 70.98 W, 51, 49 %, 19 %
2025/08/15 07:41:47.918, 79.88 W, 51, 50 %, 20 %
2025/08/15 07:41:48.922, 80.51 W, 51, 52 %, 20 %
2025/08/15 07:41:49.927, 77.16 W, 51, 48 %, 19 %
2025/08/15 07:41:50.931, 70.73 W, 51, 48 %, 19 %
2025/08/15 07:41:51.935, 75.90 W, 51, 10 %, 4 %
2025/08/15 07:41:52.939, 86.12 W, 51, 50 %, 20 %
2025/08/15 07:41:53.943, 81.88 W, 51, 50 %, 19 %
2025/08/15 07:41:54.948, 75.72 W, 51, 50 %, 20 %
2025/08/15 07:41:55.952, 83.33 W, 51, 50 %, 20 %
2025/08/15 07:41:56.957, 82.11 W, 51, 52 %, 21 %
2025/08/15 07:41:57.961, 73.96 W, 51, 50 %, 20 %
2025/08/15 07:41:58.966, 82.18 W, 51, 51 %, 20 %
2025/08/15 07:41:59.970, 84.05 W, 51, 50 %, 19 %
2025/08/15 07:42:00.974, 74.46 W, 51, 50 %, 20 %
2025/08/15 07:42:01.978, 83.05 W, 51, 49 %, 19 %
2025/08/15 07:42:02.984, 79.94 W, 51, 51 %, 20 %
2025/08/15 07:42:03.988, 79.00 W, 51, 50 %, 20 %
2025/08/15 07:42:04.993, 41.89 W, 51, 50 %, 20 %
2025/08/15 07:42:05.997, 83.54 W, 51, 51 %, 20 %
2025/08/15 07:42:07.003, 82.85 W, 51, 51 %, 20 %
2025/08/15 07:42:08.006, 76.63 W, 51, 51 %, 20 %
2025/08/15 07:42:09.010, 79.10 W, 51, 50 %, 19 %
2025/08/15 07:42:10.015, 79.34 W, 51, 51 %, 20 %
2025/08/15 07:42:11.022, 76.11 W, 51, 50 %, 20 %
2025/08/15 07:42:12.026, 56.42 W, 51, 17 %, 5 %
2025/08/15 07:42:13.031, 80.33 W, 51, 50 %, 20 %
2025/08/15 07:42:14.035, 85.01 W, 51, 50 %, 19 %
2025/08/15 07:42:15.039, 79.64 W, 51, 53 %, 21 %
2025/08/15 07:42:16.043, 81.72 W, 51, 50 %, 20 %
2025/08/15 07:42:17.047, 75.18 W, 51, 49 %, 19 %
2025/08/15 07:42:18.053, 82.36 W, 51, 51 %, 20 %
2025/08/15 07:42:19.056, 73.62 W, 51, 10 %, 3 %
2025/08/15 07:42:20.059, 79.67 W, 51, 50 %, 19 %
2025/08/15 07:42:21.064, 79.88 W, 51, 50 %, 20 %
2025/08/15 07:42:22.070, 73.99 W, 51, 42 %, 17 %
2025/08/15 07:42:23.075, 85.64 W, 51, 48 %, 19 %
2025/08/15 07:42:24.080, 80.37 W, 51, 49 %, 19 %
2025/08/15 07:42:25.083, 85.02 W, 51, 50 %, 20 %
2025/08/15 07:42:26.089, 78.11 W, 51, 17 %, 6 %
2025/08/15 07:42:27.093, 82.07 W, 51, 50 %, 20 %
2025/08/15 07:42:28.097, 79.62 W, 51, 50 %, 19 %
2025/08/15 07:42:29.101, 73.95 W, 51, 49 %, 19 %
2025/08/15 07:42:30.108, 81.86 W, 51, 50 %, 20 %
2025/08/15 07:42:31.113, 84.10 W, 51, 51 %, 20 %
2025/08/15 07:42:32.117, 75.68 W, 51, 50 %, 20 %
2025/08/15 07:42:33.121, 84.58 W, 51, 49 %, 19 %
2025/08/15 07:42:34.127, 79.19 W, 51, 49 %, 19 %
2025/08/15 07:42:35.130, 76.19 W, 51, 49 %, 19 %
2025/08/15 07:42:36.135, 81.48 W, 51, 49 %, 19 %
2025/08/15 07:42:37.139, 81.42 W, 51, 49 %, 19 %
2025/08/15 07:42:38.143, 83.10 W, 51, 49 %, 19 %
2025/08/15 07:42:39.147, 56.96 W, 51, 45 %, 18 %
2025/08/15 07:42:40.151, 78.36 W, 51, 49 %, 19 %
2025/08/15 07:42:41.158, 82.53 W, 51, 50 %, 20 %
2025/08/15 07:42:42.163, 80.24 W, 51, 48 %, 19 %
2025/08/15 07:42:43.167, 79.10 W, 51, 48 %, 19 %
2025/08/15 07:42:44.172, 80.63 W, 51, 48 %, 19 %
2025/08/15 07:42:45.175, 85.78 W, 51, 49 %, 19 %
2025/08/15 07:42:46.180, 56.23 W, 51, 12 %, 4 %
2025/08/15 07:42:47.184, 83.84 W, 51, 47 %, 18 %
2025/08/15 07:42:48.188, 81.72 W, 51, 47 %, 19 %
2025/08/15 07:42:49.194, 78.64 W, 51, 46 %, 18 %
2025/08/15 07:42:50.197, 77.41 W, 51, 48 %, 19 %
2025/08/15 07:42:51.201, 82.28 W, 51, 50 %, 20 %
2025/08/15 07:42:52.206, 80.84 W, 51, 48 %, 19 %
2025/08/15 07:42:53.213, 52.75 W, 51, 18 %, 6 %
2025/08/15 07:42:54.216, 80.12 W, 51, 49 %, 19 %
2025/08/15 07:42:55.221, 83.00 W, 51, 49 %, 19 %
2025/08/15 07:42:56.225, 77.18 W, 51, 48 %, 19 %
2025/08/15 07:42:57.230, 77.65 W, 51, 50 %, 20 %
2025/08/15 07:42:58.235, 78.62 W, 51, 47 %, 19 %
2025/08/15 07:42:59.239, 83.79 W, 51, 48 %, 19 %
2025/08/15 07:43:00.244, 52.06 W, 51, 17 %, 5 %
2025/08/15 07:43:01.248, 78.45 W, 51, 49 %, 19 %
2025/08/15 07:43:02.253, 76.14 W, 51, 48 %, 19 %
2025/08/15 07:43:03.256, 77.66 W, 51, 47 %, 19 %
2025/08/15 07:43:04.262, 80.14 W, 51, 47 %, 19 %
2025/08/15 07:43:05.266, 80.13 W, 51, 47 %, 18 %
2025/08/15 07:43:06.271, 77.62 W, 51, 48 %, 19 %
2025/08/15 07:43:07.275, 51.21 W, 50, 18 %, 6 %
2025/08/15 07:43:08.280, 78.86 W, 51, 49 %, 19 %
2025/08/15 07:43:09.284, 75.89 W, 51, 46 %, 18 %
2025/08/15 07:43:10.288, 81.37 W, 51, 47 %, 19 %
2025/08/15 07:43:11.292, 80.98 W, 51, 49 %, 19 %
2025/08/15 07:43:12.298, 83.83 W, 50, 49 %, 19 %
2025/08/15 07:43:13.302, 75.32 W, 51, 50 %, 20 %
2025/08/15 07:43:14.305, 53.91 W, 50, 17 %, 5 %
2025/08/15 07:43:15.309, 76.62 W, 50, 49 %, 19 %
2025/08/15 07:43:16.314, 76.63 W, 50, 50 %, 20 %
2025/08/15 07:43:17.317, 81.07 W, 50, 50 %, 20 %
2025/08/15 07:43:18.321, 77.36 W, 50, 49 %, 19 %
2025/08/15 07:43:19.325, 76.98 W, 50, 50 %, 20 %
2025/08/15 07:43:20.329, 85.71 W, 50, 48 %, 19 %
2025/08/15 07:43:21.333, 42.62 W, 50, 18 %, 6 %
2025/08/15 07:43:22.337, 86.79 W, 50, 50 %, 20 %
2025/08/15 07:43:23.342, 81.80 W, 50, 52 %, 20 %
2025/08/15 07:43:24.346, 80.38 W, 50, 52 %, 20 %
2025/08/15 07:43:25.350, 67.52 W, 50, 46 %, 18 %
2025/08/15 07:43:26.354, 82.61 W, 51, 49 %, 19 %
2025/08/15 07:43:27.359, 81.52 W, 51, 52 %, 20 %
2025/08/15 07:43:28.365, 75.43 W, 50, 24 %, 9 %
2025/08/15 07:43:29.369, 87.23 W, 51, 50 %, 20 %
2025/08/15 07:43:30.374, 78.95 W, 51, 52 %, 20 %
2025/08/15 07:43:31.378, 77.16 W, 51, 48 %, 19 %
2025/08/15 07:43:32.383, 82.37 W, 51, 50 %, 19 %
2025/08/15 07:43:33.388, 77.41 W, 51, 50 %, 19 %
2025/08/15 07:43:34.392, 84.52 W, 51, 50 %, 20 %
2025/08/15 07:43:35.396, 84.03 W, 51, 52 %, 20 %
2025/08/15 07:43:36.402, 84.58 W, 51, 50 %, 20 %
2025/08/15 07:43:37.407, 78.36 W, 51, 49 %, 19 %
2025/08/15 07:43:38.411, 83.22 W, 51, 51 %, 20 %
2025/08/15 07:43:39.416, 81.03 W, 51, 52 %, 20 %
2025/08/15 07:43:40.421, 79.38 W, 51, 52 %, 20 %
2025/08/15 07:43:41.426, 53.77 W, 51, 18 %, 6 %
2025/08/15 07:43:42.430, 84.07 W, 51, 50 %, 20 %
2025/08/15 07:43:43.434, 84.73 W, 51, 51 %, 20 %
2025/08/15 07:43:44.438, 82.55 W, 51, 51 %, 20 %
2025/08/15 07:43:45.443, 81.23 W, 51, 51 %, 20 %
2025/08/15 07:43:46.447, 74.44 W, 51, 48 %, 19 %
2025/08/15 07:43:47.451, 78.89 W, 51, 47 %, 18 %
2025/08/15 07:43:48.454, 79.68 W, 50, 36 %, 14 %
2025/08/15 07:43:49.459, 83.79 W, 50, 51 %, 20 %
2025/08/15 07:43:50.463, 83.05 W, 51, 47 %, 19 %
2025/08/15 07:43:51.470, 76.88 W, 50, 48 %, 19 %
2025/08/15 07:43:52.474, 83.54 W, 51, 51 %, 20 %
2025/08/15 07:43:53.479, 85.56 W, 50, 48 %, 19 %
2025/08/15 07:43:54.483, 82.85 W, 50, 49 %, 19 %
2025/08/15 07:43:55.489, 77.42 W, 50, 52 %, 20 %
2025/08/15 07:43:56.493, 83.51 W, 50, 49 %, 19 %
2025/08/15 07:43:57.498, 78.36 W, 50, 43 %, 17 %
2025/08/15 07:43:58.503, 70.93 W, 50, 49 %, 19 %
2025/08/15 07:43:59.507, 81.90 W, 50, 49 %, 19 %
2025/08/15 07:44:00.511, 82.55 W, 50, 49 %, 19 %
2025/08/15 07:44:01.516, 73.20 W, 51, 50 %, 20 %
2025/08/15 07:44:02.520, 81.47 W, 50, 49 %, 19 %
2025/08/15 07:44:03.527, 77.91 W, 50, 49 %, 19 %
2025/08/15 07:44:04.531, 79.88 W, 50, 48 %, 19 %
2025/08/15 07:44:05.536, 75.23 W, 50, 49 %, 19 %
2025/08/15 07:44:06.541, 82.85 W, 51, 49 %, 19 %
2025/08/15 07:44:07.545, 81.85 W, 51, 50 %, 20 %
2025/08/15 07:44:08.549, 66.53 W, 51, 49 %, 19 %
2025/08/15 07:44:09.558, 76.93 W, 51, 49 %, 19 %
2025/08/15 07:44:10.563, 82.16 W, 51, 49 %, 19 %
2025/08/15 07:44:11.567, 78.10 W, 51, 49 %, 19 %
2025/08/15 07:44:12.572, 81.38 W, 51, 52 %, 20 %
2025/08/15 07:44:13.575, 81.62 W, 51, 52 %, 20 %
2025/08/15 07:44:14.579, 79.45 W, 51, 52 %, 20 %
2025/08/15 07:44:15.584, 57.65 W, 51, 19 %, 6 %
2025/08/15 07:44:16.588, 75.96 W, 51, 50 %, 20 %
2025/08/15 07:44:17.593, 73.47 W, 51, 48 %, 19 %
2025/08/15 07:44:18.597, 84.84 W, 51, 48 %, 19 %
2025/08/15 07:44:19.602, 84.23 W, 51, 53 %, 21 %
2025/08/15 07:44:20.606, 76.65 W, 51, 52 %, 20 %
2025/08/15 07:44:21.613, 79.59 W, 51, 50 %, 20 %
2025/08/15 07:44:22.617, 81.42 W, 51, 13 %, 5 %
2025/08/15 07:44:23.621, 78.62 W, 51, 49 %, 19 %
2025/08/15 07:44:24.625, 78.50 W, 51, 52 %, 20 %
2025/08/15 07:44:25.631, 87.93 W, 51, 53 %, 21 %
2025/08/15 07:44:26.635, 81.84 W, 51, 53 %, 21 %
2025/08/15 07:44:27.640, 82.02 W, 51, 53 %, 21 %
2025/08/15 07:44:28.644, 51.78 W, 51, 51 %, 20 %
2025/08/15 07:44:29.649, 84.25 W, 51, 49 %, 19 %
2025/08/15 07:44:30.653, 83.58 W, 51, 52 %, 20 %
2025/08/15 07:44:31.658, 82.64 W, 51, 52 %, 20 %
2025/08/15 07:44:32.662, 80.79 W, 51, 52 %, 20 %
2025/08/15 07:44:33.666, 82.07 W, 51, 52 %, 20 %
2025/08/15 07:44:34.671, 82.85 W, 51, 50 %, 19 %
2025/08/15 07:44:35.675, 57.27 W, 51, 16 %, 5 %
2025/08/15 07:44:36.679, 79.79 W, 51, 51 %, 20 %
2025/08/15 07:44:37.683, 79.09 W, 51, 51 %, 20 %
2025/08/15 07:44:38.688, 85.52 W, 51, 52 %, 20 %
2025/08/15 07:44:39.692, 80.94 W, 51, 53 %, 21 %
2025/08/15 07:44:40.697, 86.51 W, 51, 51 %, 20 %
2025/08/15 07:44:41.702, 80.83 W, 51, 48 %, 19 %
2025/08/15 07:44:42.705, 84.45 W, 50, 11 %, 4 %
2025/08/15 07:44:43.710, 76.24 W, 51, 52 %, 20 %
2025/08/15 07:44:44.717, 82.92 W, 51, 49 %, 19 %
2025/08/15 07:44:45.722, 82.02 W, 51, 48 %, 19 %
2025/08/15 07:44:46.726, 82.36 W, 51, 48 %, 19 %
2025/08/15 07:44:47.731, 83.05 W, 51, 50 %, 20 %
2025/08/15 07:44:48.738, 81.26 W, 51, 49 %, 19 %
2025/08/15 07:44:49.743, 78.84 W, 50, 23 %, 9 %
2025/08/15 07:44:50.747, 82.80 W, 51, 49 %, 19 %
2025/08/15 07:44:51.752, 82.24 W, 51, 51 %, 20 %
2025/08/15 07:44:52.756, 88.15 W, 51, 52 %, 20 %
2025/08/15 07:44:53.760, 79.05 W, 51, 48 %, 19 %
2025/08/15 07:44:54.765, 82.57 W, 51, 53 %, 21 %
2025/08/15 07:44:55.768, 70.08 W, 51, 51 %, 20 %
2025/08/15 07:44:56.772, 75.43 W, 51, 50 %, 20 %
2025/08/15 07:44:57.777, 83.84 W, 51, 52 %, 20 %
2025/08/15 07:44:58.784, 81.53 W, 51, 50 %, 20 %
2025/08/15 07:44:59.788, 84.28 W, 51, 50 %, 19 %
2025/08/15 07:45:00.793, 74.44 W, 51, 46 %, 18 %
2025/08/15 07:45:01.797, 75.18 W, 51, 48 %, 19 %
2025/08/15 07:45:02.802, 56.21 W, 50, 22 %, 8 %
2025/08/15 07:45:03.807, 83.29 W, 51, 49 %, 19 %
2025/08/15 07:45:04.812, 77.66 W, 51, 51 %, 20 %
2025/08/15 07:45:05.816, 82.20 W, 51, 50 %, 20 %
2025/08/15 07:45:06.822, 84.03 W, 51, 52 %, 20 %
2025/08/15 07:45:07.826, 84.82 W, 51, 51 %, 20 %
2025/08/15 07:45:08.830, 80.78 W, 51, 50 %, 19 %
2025/08/15 07:45:09.834, 80.18 W, 50, 18 %, 6 %
2025/08/15 07:45:10.838, 79.85 W, 51, 53 %, 21 %
2025/08/15 07:45:11.842, 74.07 W, 51, 52 %, 20 %
2025/08/15 07:45:12.845, 81.56 W, 51, 51 %, 20 %
2025/08/15 07:45:13.850, 80.66 W, 51, 49 %, 19 %
2025/08/15 07:45:14.854, 83.54 W, 51, 49 %, 19 %
2025/08/15 07:45:15.858, 72.22 W, 51, 51 %, 20 %
2025/08/15 07:45:16.863, 82.61 W, 50, 49 %, 19 %
2025/08/15 07:45:17.867, 77.86 W, 50, 50 %, 20 %
2025/08/15 07:45:18.871, 83.59 W, 50, 49 %, 19 %
2025/08/15 07:45:19.876, 83.05 W, 50, 50 %, 20 %
2025/08/15 07:45:20.881, 76.77 W, 50, 50 %, 20 %
2025/08/15 07:45:21.885, 78.94 W, 50, 49 %, 19 %
2025/08/15 07:45:22.890, 54.50 W, 50, 49 %, 19 %
2025/08/15 07:45:23.894, 80.29 W, 50, 53 %, 21 %
2025/08/15 07:45:24.899, 85.88 W, 50, 49 %, 19 %
2025/08/15 07:45:25.903, 86.27 W, 50, 52 %, 20 %
2025/08/15 07:45:26.908, 87.00 W, 50, 53 %, 21 %
2025/08/15 07:45:27.912, 82.44 W, 50, 51 %, 20 %
2025/08/15 07:45:28.916, 81.23 W, 50, 50 %, 20 %
2025/08/15 07:45:29.921, 81.61 W, 50, 24 %, 9 %
2025/08/15 07:45:30.927, 82.52 W, 50, 50 %, 20 %
2025/08/15 07:45:31.931, 80.87 W, 50, 47 %, 18 %
2025/08/15 07:45:32.935, 77.24 W, 50, 48 %, 19 %
2025/08/15 07:45:33.940, 84.09 W, 50, 51 %, 20 %
2025/08/15 07:45:34.945, 84.97 W, 50, 52 %, 20 %
2025/08/15 07:45:35.948, 79.43 W, 51, 49 %, 19 %
2025/08/15 07:45:36.952, 83.55 W, 50, 50 %, 20 %
2025/08/15 07:45:37.957, 80.98 W, 51, 50 %, 20 %
2025/08/15 07:45:38.961, 77.89 W, 51, 50 %, 20 %
2025/08/15 07:45:39.965, 83.61 W, 51, 49 %, 19 %
2025/08/15 07:45:40.969, 74.04 W, 51, 49 %, 19 %
2025/08/15 07:45:41.974, 77.48 W, 51, 50 %, 20 %
2025/08/15 07:45:42.978, 81.19 W, 51, 49 %, 19 %
2025/08/15 07:45:43.983, 77.56 W, 50, 47 %, 18 %
2025/08/15 07:45:44.987, 78.61 W, 50, 49 %, 19 %
2025/08/15 07:45:45.992, 76.87 W, 51, 50 %, 20 %
2025/08/15 07:45:46.997, 79.44 W, 51, 48 %, 19 %
2025/08/15 07:45:48.001, 81.02 W, 51, 50 %, 19 %
2025/08/15 07:45:49.006, 81.37 W, 51, 49 %, 19 %
2025/08/15 07:45:50.012, 50.56 W, 51, 41 %, 16 %
2025/08/15 07:45:51.017, 82.37 W, 50, 49 %, 19 %
2025/08/15 07:45:52.021, 85.64 W, 51, 48 %, 19 %
2025/08/15 07:45:53.026, 76.95 W, 51, 50 %, 20 %
2025/08/15 07:45:54.031, 76.39 W, 51, 49 %, 19 %
2025/08/15 07:45:55.036, 80.29 W, 51, 51 %, 20 %
2025/08/15 07:45:56.040, 82.71 W, 51, 47 %, 18 %
2025/08/15 07:45:57.045, 55.18 W, 50, 21 %, 8 %
2025/08/15 07:45:58.049, 80.63 W, 51, 52 %, 20 %
2025/08/15 07:45:59.054, 86.02 W, 51, 53 %, 21 %
2025/08/15 07:46:00.058, 77.97 W, 51, 50 %, 20 %
2025/08/15 07:46:01.063, 78.50 W, 51, 49 %, 19 %
2025/08/15 07:46:02.067, 73.84 W, 51, 49 %, 19 %
2025/08/15 07:46:03.071, 75.95 W, 51, 50 %, 20 %
2025/08/15 07:46:04.075, 47.08 W, 50, 19 %, 6 %
2025/08/15 07:46:05.079, 79.35 W, 50, 48 %, 19 %
2025/08/15 07:46:06.084, 80.63 W, 51, 51 %, 20 %
2025/08/15 07:46:07.088, 81.56 W, 51, 51 %, 20 %
2025/08/15 07:46:08.093, 81.38 W, 50, 51 %, 20 %
2025/08/15 07:46:09.098, 83.77 W, 51, 53 %, 21 %
2025/08/15 07:46:10.103, 84.97 W, 51, 52 %, 20 %
2025/08/15 07:46:11.107, 77.62 W, 50, 11 %, 4 %
2025/08/15 07:46:12.111, 76.22 W, 50, 48 %, 19 %
2025/08/15 07:46:13.118, 83.64 W, 50, 50 %, 20 %
2025/08/15 07:46:14.122, 83.31 W, 51, 50 %, 20 %
2025/08/15 07:46:15.126, 78.15 W, 51, 49 %, 19 %
2025/08/15 07:46:16.131, 76.97 W, 51, 46 %, 18 %
2025/08/15 07:46:17.137, 82.97 W, 51, 50 %, 20 %
2025/08/15 07:46:18.141, 82.84 W, 50, 46 %, 18 %
2025/08/15 07:46:19.146, 78.89 W, 51, 52 %, 20 %
2025/08/15 07:46:20.150, 81.82 W, 51, 51 %, 20 %
2025/08/15 07:46:21.155, 79.34 W, 51, 49 %, 19 %
2025/08/15 07:46:22.159, 81.33 W, 51, 48 %, 19 %
2025/08/15 07:46:23.166, 82.69 W, 51, 49 %, 19 %
2025/08/15 07:46:24.170, 56.48 W, 51, 38 %, 15 %
2025/08/15 07:46:25.174, 78.64 W, 51, 49 %, 19 %
2025/08/15 07:46:26.179, 81.33 W, 51, 51 %, 20 %
2025/08/15 07:46:27.184, 82.74 W, 51, 49 %, 19 %
2025/08/15 07:46:28.188, 80.57 W, 51, 51 %, 20 %
2025/08/15 07:46:29.193, 83.75 W, 51, 51 %, 20 %
2025/08/15 07:46:30.197, 85.02 W, 51, 52 %, 20 %
2025/08/15 07:46:31.202, 40.38 W, 50, 18 %, 6 %
2025/08/15 07:46:32.207, 83.18 W, 51, 52 %, 20 %
2025/08/15 07:46:33.211, 81.47 W, 51, 48 %, 19 %
2025/08/15 07:46:34.215, 79.14 W, 51, 48 %, 19 %
2025/08/15 07:46:35.223, 85.67 W, 51, 50 %, 19 %
2025/08/15 07:46:36.227, 74.44 W, 51, 45 %, 18 %
2025/08/15 07:46:37.232, 77.19 W, 51, 47 %, 18 %
2025/08/15 07:46:38.236, 76.14 W, 50, 11 %, 4 %
2025/08/15 07:46:39.242, 71.86 W, 51, 50 %, 20 %
2025/08/15 07:46:40.247, 81.32 W, 50, 50 %, 20 %
2025/08/15 07:46:41.251, 78.36 W, 51, 51 %, 20 %
2025/08/15 07:46:42.256, 83.16 W, 51, 50 %, 20 %
2025/08/15 07:46:43.260, 71.72 W, 51, 50 %, 20 %
2025/08/15 07:46:44.265, 81.02 W, 51, 49 %, 19 %
2025/08/15 07:46:45.272, 73.80 W, 50, 50 %, 20 %
2025/08/15 07:46:46.276, 83.75 W, 51, 49 %, 19 %
2025/08/15 07:46:47.281, 76.68 W, 51, 47 %, 19 %
2025/08/15 07:46:48.285, 76.17 W, 51, 49 %, 19 %
2025/08/15 07:46:49.290, 78.96 W, 51, 47 %, 18 %
2025/08/15 07:46:50.294, 81.66 W, 51, 49 %, 19 %
2025/08/15 07:46:51.298, 51.22 W, 51, 49 %, 19 %
2025/08/15 07:46:52.303, 80.59 W, 51, 51 %, 20 %
2025/08/15 07:46:53.308, 76.17 W, 51, 50 %, 19 %
2025/08/15 07:46:54.313, 81.36 W, 51, 50 %, 20 %
2025/08/15 07:46:55.317, 83.28 W, 51, 49 %, 19 %
2025/08/15 07:46:56.322, 80.63 W, 51, 52 %, 20 %
2025/08/15 07:46:57.328, 84.03 W, 51, 51 %, 20 %
2025/08/15 07:46:58.332, 57.97 W, 51, 18 %, 6 %
2025/08/15 07:46:59.337, 87.61 W, 51, 52 %, 20 %
2025/08/15 07:47:00.341, 83.54 W, 51, 53 %, 21 %
2025/08/15 07:47:01.347, 81.30 W, 51, 53 %, 21 %
2025/08/15 07:47:02.352, 81.27 W, 51, 53 %, 21 %
2025/08/15 07:47:03.356, 79.95 W, 51, 54 %, 21 %
2025/08/15 07:47:04.360, 79.38 W, 51, 52 %, 21 %
2025/08/15 07:47:05.365, 80.10 W, 51, 52 %, 20 %
2025/08/15 07:47:06.369, 84.96 W, 51, 52 %, 21 %
2025/08/15 07:47:07.377, 79.88 W, 51, 48 %, 19 %
2025/08/15 07:47:08.380, 69.05 W, 51, 47 %, 18 %
2025/08/15 07:47:09.385, 79.35 W, 51, 50 %, 19 %
2025/08/15 07:47:10.388, 80.57 W, 51, 52 %, 20 %
2025/08/15 07:47:11.395, 54.66 W, 50, 13 %, 4 %
2025/08/15 07:47:12.399, 71.97 W, 51, 53 %, 21 %
2025/08/15 07:47:13.404, 85.31 W, 51, 52 %, 20 %
2025/08/15 07:47:14.408, 85.02 W, 51, 52 %, 20 %
2025/08/15 07:47:15.414, 83.53 W, 51, 52 %, 21 %
2025/08/15 07:47:16.418, 82.81 W, 51, 52 %, 21 %
2025/08/15 07:47:17.422, 80.57 W, 51, 53 %, 21 %
2025/08/15 07:47:18.426, 82.30 W, 50, 52 %, 20 %
2025/08/15 07:47:19.433, 82.61 W, 50, 52 %, 20 %
2025/08/15 07:47:20.437, 79.40 W, 50, 52 %, 20 %
2025/08/15 07:47:21.442, 85.76 W, 50, 52 %, 20 %
2025/08/15 07:47:22.445, 79.96 W, 50, 50 %, 19 %
2025/08/15 07:47:23.452, 78.86 W, 50, 53 %, 21 %
2025/08/15 07:47:24.456, 51.49 W, 50, 18 %, 6 %
2025/08/15 07:47:25.460, 85.46 W, 50, 51 %, 20 %
2025/08/15 07:47:26.465, 82.11 W, 50, 52 %, 21 %
2025/08/15 07:47:27.469, 81.72 W, 50, 53 %, 21 %
2025/08/15 07:47:28.474, 87.04 W, 50, 53 %, 21 %
2025/08/15 07:47:29.477, 78.11 W, 50, 52 %, 20 %
2025/08/15 07:47:30.482, 80.43 W, 50, 50 %, 20 %
2025/08/15 07:47:31.487, 81.08 W, 50, 53 %, 21 %
2025/08/15 07:47:32.491, 81.82 W, 50, 53 %, 21 %
2025/08/15 07:47:33.496, 81.61 W, 50, 52 %, 20 %
2025/08/15 07:47:34.501, 81.08 W, 50, 52 %, 20 %
2025/08/15 07:47:35.504, 79.10 W, 50, 52 %, 20 %
2025/08/15 07:47:36.509, 81.86 W, 50, 54 %, 21 %
2025/08/15 07:47:37.513, 55.93 W, 50, 20 %, 6 %
2025/08/15 07:47:38.519, 81.08 W, 50, 53 %, 21 %
2025/08/15 07:47:39.523, 73.94 W, 50, 52 %, 20 %
2025/08/15 07:47:40.527, 78.71 W, 50, 51 %, 20 %
2025/08/15 07:47:41.532, 82.46 W, 50, 53 %, 21 %
2025/08/15 07:47:42.538, 80.32 W, 50, 53 %, 21 %
2025/08/15 07:47:43.543, 81.91 W, 50, 53 %, 21 %
2025/08/15 07:47:44.547, 86.77 W, 50, 53 %, 21 %
2025/08/15 07:47:45.551, 84.73 W, 50, 52 %, 20 %
2025/08/15 07:47:46.554, 86.94 W, 50, 53 %, 21 %
2025/08/15 07:47:47.558, 85.56 W, 51, 53 %, 21 %
2025/08/15 07:47:48.563, 83.67 W, 50, 52 %, 21 %
2025/08/15 07:47:49.569, 81.85 W, 51, 52 %, 20 %
2025/08/15 07:47:50.572, 48.31 W, 50, 19 %, 6 %
2025/08/15 07:47:51.576, 81.86 W, 51, 52 %, 20 %
2025/08/15 07:47:52.581, 86.26 W, 51, 52 %, 20 %
2025/08/15 07:47:53.587, 80.42 W, 50, 53 %, 21 %
2025/08/15 07:47:54.593, 79.39 W, 51, 52 %, 20 %
2025/08/15 07:47:55.597, 81.13 W, 51, 52 %, 20 %
2025/08/15 07:47:56.602, 79.31 W, 51, 52 %, 20 %
2025/08/15 07:47:57.606, 84.29 W, 50, 53 %, 21 %
2025/08/15 07:47:58.610, 82.02 W, 51, 53 %, 21 %
2025/08/15 07:47:59.615, 83.64 W, 51, 52 %, 20 %
2025/08/15 07:48:00.619, 79.46 W, 51, 52 %, 20 %
2025/08/15 07:48:01.624, 84.83 W, 51, 49 %, 19 %
2025/08/15 07:48:02.628, 76.18 W, 51, 52 %, 21 %
2025/08/15 07:48:03.633, 54.54 W, 50, 19 %, 6 %
2025/08/15 07:48:04.637, 80.33 W, 51, 51 %, 20 %
2025/08/15 07:48:05.643, 76.14 W, 51, 53 %, 21 %
2025/08/15 07:48:06.648, 86.01 W, 51, 52 %, 20 %
2025/08/15 07:48:07.652, 81.19 W, 51, 53 %, 21 %
2025/08/15 07:48:08.655, 84.72 W, 51, 51 %, 20 %
2025/08/15 07:48:09.660, 81.09 W, 51, 52 %, 20 %
2025/08/15 07:48:10.664, 74.96 W, 50, 53 %, 21 %
2025/08/15 07:48:11.669, 75.28 W, 50, 48 %, 19 %
2025/08/15 07:48:12.674, 76.87 W, 51, 50 %, 19 %
2025/08/15 07:48:13.678, 82.27 W, 51, 51 %, 20 %
2025/08/15 07:48:14.683, 80.33 W, 51, 52 %, 20 %
2025/08/15 07:48:15.687, 80.08 W, 50, 53 %, 21 %
2025/08/15 07:48:16.692, 56.76 W, 50, 16 %, 5 %
2025/08/15 07:48:17.696, 77.91 W, 50, 50 %, 20 %
2025/08/15 07:48:18.701, 83.61 W, 50, 52 %, 20 %
2025/08/15 07:48:19.704, 72.43 W, 51, 51 %, 20 %
2025/08/15 07:48:20.710, 78.61 W, 51, 52 %, 20 %
2025/08/15 07:48:21.715, 80.31 W, 51, 51 %, 20 %
2025/08/15 07:48:22.719, 79.30 W, 51, 52 %, 20 %
2025/08/15 07:48:23.723, 82.26 W, 50, 11 %, 3 %
2025/08/15 07:48:24.729, 85.08 W, 50, 52 %, 20 %
2025/08/15 07:48:25.733, 82.91 W, 51, 52 %, 21 %
2025/08/15 07:48:26.738, 78.07 W, 51, 52 %, 20 %
2025/08/15 07:48:27.743, 87.81 W, 51, 52 %, 20 %
2025/08/15 07:48:28.748, 87.00 W, 51, 51 %, 20 %
2025/08/15 07:48:29.752, 57.51 W, 50, 52 %, 20 %
2025/08/15 07:48:30.756, 81.08 W, 50, 51 %, 20 %
2025/08/15 07:48:31.760, 75.43 W, 51, 51 %, 20 %
2025/08/15 07:48:32.764, 80.26 W, 51, 51 %, 20 %
2025/08/15 07:48:33.768, 81.27 W, 51, 50 %, 20 %
2025/08/15 07:48:34.773, 81.82 W, 51, 52 %, 21 %
2025/08/15 07:48:35.779, 80.38 W, 51, 53 %, 21 %
2025/08/15 07:48:36.784, 80.08 W, 50, 18 %, 6 %
2025/08/15 07:48:37.788, 82.75 W, 51, 52 %, 21 %
2025/08/15 07:48:38.791, 85.29 W, 51, 54 %, 21 %
2025/08/15 07:48:39.798, 86.88 W, 51, 52 %, 20 %
2025/08/15 07:48:40.802, 84.93 W, 51, 52 %, 20 %
2025/08/15 07:48:41.806, 78.55 W, 51, 50 %, 20 %
2025/08/15 07:48:42.811, 57.97 W, 50, 52 %, 20 %
2025/08/15 07:48:43.816, 77.87 W, 50, 48 %, 19 %
2025/08/15 07:48:44.820, 81.08 W, 50, 50 %, 20 %
2025/08/15 07:48:45.825, 82.10 W, 51, 52 %, 20 %
2025/08/15 07:48:46.829, 79.70 W, 50, 52 %, 20 %
2025/08/15 07:48:47.834, 76.87 W, 51, 52 %, 20 %
2025/08/15 07:48:48.838, 81.08 W, 51, 53 %, 21 %
2025/08/15 07:48:49.843, 50.36 W, 50, 19 %, 6 %
2025/08/15 07:48:50.846, 84.78 W, 51, 53 %, 21 %
2025/08/15 07:48:51.853, 85.28 W, 51, 52 %, 20 %
2025/08/15 07:48:52.858, 84.34 W, 51, 53 %, 21 %
2025/08/15 07:48:53.862, 82.26 W, 51, 52 %, 20 %
2025/08/15 07:48:54.867, 85.04 W, 51, 52 %, 20 %
2025/08/15 07:48:55.871, 51.81 W, 50, 53 %, 21 %
2025/08/15 07:48:56.876, 78.71 W, 50, 52 %, 20 %
2025/08/15 07:48:57.880, 75.92 W, 50, 51 %, 20 %
2025/08/15 07:48:58.885, 78.89 W, 51, 51 %, 20 %
2025/08/15 07:48:59.889, 79.39 W, 51, 53 %, 21 %
2025/08/15 07:49:00.894, 85.68 W, 51, 53 %, 21 %
2025/08/15 07:49:01.898, 82.55 W, 51, 52 %, 20 %
2025/08/15 07:49:02.901, 40.41 W, 50, 19 %, 6 %
2025/08/15 07:49:03.906, 41.46 W, 49, 7 %, 0 %
2025/08/15 07:49:04.911, 41.62 W, 49, 7 %, 0 %
2025/08/15 07:49:05.915, 35.43 W, 49, 8 %, 0 %
2025/08/15 07:49:06.920, 35.20 W, 48, 7 %, 0 %
2025/08/15 07:49:07.924, 34.93 W, 48, 7 %, 0 %
2025/08/15 07:49:08.929, 35.44 W, 48, 7 %, 0 %
2025/08/15 07:49:09.934, 34.95 W, 48, 7 %, 0 %
2025/08/15 07:49:10.939, 34.95 W, 48, 6 %, 0 %
2025/08/15 07:49:11.944, 34.95 W, 48, 6 %, 0 %
2025/08/15 07:49:12.947, 33.92 W, 48, 0 %, 0 %
2025/08/15 07:49:13.951, 35.44 W, 47, 9 %, 0 %
2025/08/15 07:49:14.958, 35.45 W, 47, 8 %, 0 %
2025/08/15 07:49:15.962, 34.93 W, 47, 8 %, 0 %
2025/08/15 07:49:16.966, 35.46 W, 47, 8 %, 0 %
2025/08/15 07:49:17.970, 35.19 W, 47, 8 %, 0 %
2025/08/15 07:49:18.975, 35.47 W, 47, 9 %, 0 %
2025/08/15 07:49:19.980, 35.21 W, 46, 9 %, 0 %
2025/08/15 07:49:20.986, 33.22 W, 46, 0 %, 0 %
2025/08/15 07:49:21.990, 33.68 W, 46, 0 %, 0 %
2025/08/15 07:49:22.993, 33.73 W, 46, 0 %, 0 %
