2025/08/15 11:28:18.521, 36.26 W, 57, 0 %, 0 %
2025/08/15 11:28:19.524, 36.26 W, 57, 0 %, 0 %
2025/08/15 11:28:20.529, 36.01 W, 57, 1 %, 0 %
2025/08/15 11:28:21.533, 36.01 W, 57, 0 %, 0 %
2025/08/15 11:28:22.536, 36.01 W, 57, 0 %, 0 %
2025/08/15 11:28:23.541, 80.99 W, 57, 60 %, 13 %
2025/08/15 11:28:24.546, 88.92 W, 58, 60 %, 13 %
2025/08/15 11:28:25.551, 88.21 W, 58, 60 %, 13 %
2025/08/15 11:28:26.556, 87.42 W, 58, 60 %, 13 %
2025/08/15 11:28:27.559, 88.71 W, 59, 60 %, 13 %
2025/08/15 11:28:28.563, 91.09 W, 59, 61 %, 13 %
2025/08/15 11:28:29.568, 94.64 W, 59, 60 %, 13 %
2025/08/15 11:28:30.572, 79.05 W, 59, 61 %, 13 %
2025/08/15 11:28:31.576, 83.46 W, 59, 61 %, 13 %
2025/08/15 11:28:32.582, 88.13 W, 59, 59 %, 13 %
2025/08/15 11:28:33.586, 88.70 W, 59, 61 %, 13 %
2025/08/15 11:28:34.590, 81.03 W, 59, 61 %, 13 %
2025/08/15 11:28:35.594, 74.88 W, 58, 6 %, 2 %
2025/08/15 11:28:36.600, 81.03 W, 58, 52 %, 11 %
2025/08/15 11:28:37.603, 89.17 W, 59, 59 %, 13 %
2025/08/15 11:28:38.608, 85.90 W, 59, 58 %, 13 %
2025/08/15 11:28:39.612, 80.01 W, 59, 60 %, 13 %
2025/08/15 11:28:40.618, 90.14 W, 59, 61 %, 13 %
2025/08/15 11:28:41.623, 82.46 W, 59, 59 %, 13 %
2025/08/15 11:28:42.628, 86.97 W, 59, 61 %, 13 %
2025/08/15 11:28:43.632, 94.07 W, 59, 62 %, 14 %
2025/08/15 11:28:44.636, 86.90 W, 59, 61 %, 13 %
2025/08/15 11:28:45.641, 81.47 W, 59, 61 %, 13 %
2025/08/15 11:28:46.645, 85.15 W, 59, 62 %, 14 %
2025/08/15 11:28:47.649, 83.23 W, 59, 61 %, 13 %
2025/08/15 11:28:48.655, 73.86 W, 59, 41 %, 10 %
2025/08/15 11:28:49.659, 91.33 W, 59, 61 %, 13 %
2025/08/15 11:28:50.663, 81.94 W, 59, 61 %, 13 %
2025/08/15 11:28:51.668, 82.48 W, 59, 60 %, 13 %
2025/08/15 11:28:52.672, 87.38 W, 59, 61 %, 13 %
2025/08/15 11:28:53.676, 88.96 W, 59, 60 %, 13 %
2025/08/15 11:28:54.681, 89.15 W, 59, 60 %, 13 %
2025/08/15 11:28:55.686, 84.50 W, 59, 59 %, 13 %
2025/08/15 11:28:56.691, 83.96 W, 59, 60 %, 13 %
2025/08/15 11:28:57.696, 90.94 W, 59, 61 %, 13 %
2025/08/15 11:28:58.700, 83.29 W, 59, 61 %, 13 %
2025/08/15 11:28:59.705, 94.37 W, 59, 62 %, 14 %
2025/08/15 11:29:00.708, 91.79 W, 59, 60 %, 13 %
2025/08/15 11:29:01.712, 80.77 W, 59, 30 %, 7 %
2025/08/15 11:29:02.717, 83.70 W, 59, 60 %, 13 %
2025/08/15 11:29:03.722, 90.16 W, 59, 60 %, 13 %
2025/08/15 11:29:04.727, 87.43 W, 59, 60 %, 13 %
2025/08/15 11:29:05.731, 86.98 W, 60, 61 %, 13 %
2025/08/15 11:29:06.736, 89.91 W, 59, 61 %, 13 %
2025/08/15 11:29:07.741, 85.24 W, 59, 61 %, 13 %
2025/08/15 11:29:08.745, 79.34 W, 59, 58 %, 13 %
2025/08/15 11:29:09.750, 91.64 W, 59, 61 %, 13 %
2025/08/15 11:29:10.755, 82.23 W, 60, 60 %, 13 %
2025/08/15 11:29:11.760, 87.72 W, 60, 61 %, 13 %
2025/08/15 11:29:12.765, 84.75 W, 59, 61 %, 13 %
2025/08/15 11:29:13.768, 76.82 W, 59, 34 %, 8 %
2025/08/15 11:29:14.772, 87.47 W, 59, 61 %, 13 %
2025/08/15 11:29:15.777, 81.94 W, 59, 58 %, 13 %
2025/08/15 11:29:16.781, 92.14 W, 60, 60 %, 13 %
2025/08/15 11:29:17.786, 93.16 W, 60, 62 %, 14 %
2025/08/15 11:29:18.790, 90.93 W, 60, 60 %, 13 %
2025/08/15 11:29:19.793, 84.74 W, 60, 61 %, 13 %
2025/08/15 11:29:20.798, 93.28 W, 60, 61 %, 13 %
2025/08/15 11:29:21.802, 80.79 W, 60, 59 %, 13 %
2025/08/15 11:29:22.808, 90.40 W, 60, 59 %, 13 %
2025/08/15 11:29:23.813, 87.14 W, 60, 60 %, 13 %
2025/08/15 11:29:24.816, 95.40 W, 60, 61 %, 13 %
2025/08/15 11:29:25.819, 81.28 W, 60, 61 %, 13 %
2025/08/15 11:29:26.826, 79.26 W, 59, 41 %, 10 %
2025/08/15 11:29:27.829, 78.55 W, 60, 60 %, 13 %
2025/08/15 11:29:28.834, 88.95 W, 60, 60 %, 13 %
2025/08/15 11:29:29.838, 84.71 W, 60, 61 %, 13 %
2025/08/15 11:29:30.844, 92.33 W, 60, 61 %, 13 %
2025/08/15 11:29:31.848, 84.71 W, 60, 59 %, 13 %
2025/08/15 11:29:32.853, 85.48 W, 60, 60 %, 13 %
2025/08/15 11:29:33.857, 93.36 W, 60, 60 %, 13 %
2025/08/15 11:29:34.863, 88.95 W, 60, 60 %, 13 %
2025/08/15 11:29:35.867, 84.36 W, 60, 61 %, 13 %
2025/08/15 11:29:36.872, 88.41 W, 60, 61 %, 13 %
2025/08/15 11:29:37.876, 88.71 W, 60, 61 %, 13 %
2025/08/15 11:29:38.880, 72.86 W, 60, 57 %, 12 %
2025/08/15 11:29:39.885, 79.01 W, 60, 38 %, 8 %
2025/08/15 11:29:40.889, 84.67 W, 60, 58 %, 13 %
2025/08/15 11:29:41.893, 90.59 W, 60, 60 %, 13 %
2025/08/15 11:29:42.898, 87.17 W, 60, 61 %, 13 %
2025/08/15 11:29:43.901, 87.23 W, 60, 60 %, 13 %
2025/08/15 11:29:44.905, 86.23 W, 60, 61 %, 13 %
2025/08/15 11:29:45.911, 89.37 W, 60, 60 %, 13 %
2025/08/15 11:29:46.916, 84.25 W, 60, 59 %, 13 %
2025/08/15 11:29:47.920, 84.25 W, 60, 60 %, 13 %
2025/08/15 11:29:48.925, 87.18 W, 60, 60 %, 13 %
2025/08/15 11:29:49.930, 89.85 W, 60, 61 %, 13 %
2025/08/15 11:29:50.934, 87.59 W, 60, 59 %, 13 %
2025/08/15 11:29:51.939, 77.31 W, 60, 38 %, 10 %
2025/08/15 11:29:52.943, 87.47 W, 60, 61 %, 13 %
2025/08/15 11:29:53.947, 85.73 W, 60, 59 %, 13 %
2025/08/15 11:29:54.951, 89.06 W, 60, 61 %, 13 %
2025/08/15 11:29:55.955, 84.93 W, 60, 59 %, 13 %
2025/08/15 11:29:56.960, 81.52 W, 60, 58 %, 13 %
2025/08/15 11:29:57.964, 91.15 W, 60, 58 %, 13 %
2025/08/15 11:29:58.967, 80.74 W, 60, 57 %, 13 %
2025/08/15 11:29:59.972, 88.86 W, 60, 59 %, 13 %
2025/08/15 11:30:00.978, 83.66 W, 60, 58 %, 13 %
2025/08/15 11:30:01.982, 83.51 W, 60, 53 %, 11 %
2025/08/15 11:30:02.987, 85.48 W, 60, 58 %, 13 %
2025/08/15 11:30:03.992, 91.10 W, 60, 58 %, 13 %
2025/08/15 11:30:04.997, 74.63 W, 60, 39 %, 10 %
2025/08/15 11:30:06.001, 88.45 W, 60, 58 %, 13 %
2025/08/15 11:30:07.006, 84.46 W, 60, 59 %, 13 %
2025/08/15 11:30:08.010, 82.44 W, 60, 59 %, 13 %
2025/08/15 11:30:09.015, 86.52 W, 60, 58 %, 13 %
2025/08/15 11:30:10.019, 88.61 W, 60, 56 %, 12 %
2025/08/15 11:30:11.024, 86.15 W, 60, 60 %, 13 %
2025/08/15 11:30:12.028, 85.90 W, 60, 50 %, 11 %
2025/08/15 11:30:13.032, 87.51 W, 60, 59 %, 13 %
2025/08/15 11:30:14.036, 85.44 W, 60, 60 %, 13 %
2025/08/15 11:30:15.040, 87.67 W, 60, 60 %, 13 %
2025/08/15 11:30:16.044, 85.93 W, 60, 60 %, 13 %
2025/08/15 11:30:17.051, 88.21 W, 60, 60 %, 13 %
2025/08/15 11:30:18.056, 77.31 W, 60, 40 %, 10 %
2025/08/15 11:30:19.060, 96.13 W, 60, 59 %, 13 %
2025/08/15 11:30:20.065, 87.71 W, 60, 59 %, 13 %
2025/08/15 11:30:21.069, 85.90 W, 60, 61 %, 13 %
2025/08/15 11:30:22.072, 86.67 W, 60, 56 %, 12 %
2025/08/15 11:30:23.077, 89.00 W, 60, 60 %, 13 %
2025/08/15 11:30:24.083, 87.41 W, 60, 60 %, 13 %
2025/08/15 11:30:25.087, 94.65 W, 60, 60 %, 13 %
2025/08/15 11:30:26.091, 82.48 W, 60, 61 %, 13 %
2025/08/15 11:30:27.096, 90.93 W, 60, 61 %, 13 %
2025/08/15 11:30:28.101, 83.92 W, 60, 60 %, 13 %
2025/08/15 11:30:29.105, 87.96 W, 60, 61 %, 13 %
2025/08/15 11:30:30.110, 83.17 W, 60, 61 %, 13 %
2025/08/15 11:30:31.114, 85.98 W, 60, 32 %, 7 %
2025/08/15 11:30:32.119, 90.64 W, 60, 59 %, 13 %
2025/08/15 11:30:33.123, 87.44 W, 60, 58 %, 13 %
2025/08/15 11:30:34.128, 93.77 W, 60, 60 %, 13 %
2025/08/15 11:30:35.132, 88.37 W, 60, 61 %, 13 %
2025/08/15 11:30:36.137, 87.96 W, 60, 60 %, 13 %
2025/08/15 11:30:37.141, 90.84 W, 60, 60 %, 13 %
2025/08/15 11:30:38.146, 89.40 W, 60, 60 %, 13 %
2025/08/15 11:30:39.150, 85.00 W, 60, 60 %, 13 %
2025/08/15 11:30:40.156, 82.52 W, 60, 60 %, 13 %
2025/08/15 11:30:41.160, 89.20 W, 60, 59 %, 13 %
2025/08/15 11:30:42.163, 82.46 W, 60, 60 %, 13 %
2025/08/15 11:30:43.168, 76.07 W, 60, 37 %, 9 %
2025/08/15 11:30:44.172, 82.23 W, 60, 58 %, 13 %
2025/08/15 11:30:45.176, 85.19 W, 60, 60 %, 13 %
2025/08/15 11:30:46.181, 95.11 W, 60, 61 %, 13 %
2025/08/15 11:30:47.186, 89.61 W, 60, 61 %, 13 %
2025/08/15 11:30:48.190, 96.38 W, 60, 61 %, 13 %
2025/08/15 11:30:49.194, 80.04 W, 60, 60 %, 13 %
2025/08/15 11:30:50.199, 94.10 W, 60, 59 %, 13 %
2025/08/15 11:30:51.205, 88.45 W, 60, 60 %, 13 %
2025/08/15 11:30:52.209, 88.17 W, 60, 60 %, 13 %
2025/08/15 11:30:53.212, 85.72 W, 60, 61 %, 13 %
2025/08/15 11:30:54.217, 88.65 W, 60, 59 %, 13 %
2025/08/15 11:30:55.223, 91.88 W, 60, 59 %, 13 %
2025/08/15 11:30:56.227, 77.77 W, 60, 40 %, 10 %
2025/08/15 11:30:57.230, 90.18 W, 60, 58 %, 13 %
2025/08/15 11:30:58.234, 92.83 W, 60, 59 %, 13 %
2025/08/15 11:30:59.240, 92.33 W, 60, 57 %, 12 %
2025/08/15 11:31:00.244, 85.90 W, 60, 56 %, 12 %
2025/08/15 11:31:01.248, 91.69 W, 60, 60 %, 13 %
2025/08/15 11:31:02.253, 85.49 W, 60, 59 %, 13 %
2025/08/15 11:31:03.261, 94.15 W, 60, 59 %, 13 %
2025/08/15 11:31:04.264, 90.73 W, 60, 59 %, 13 %
2025/08/15 11:31:05.267, 85.70 W, 60, 59 %, 13 %
2025/08/15 11:31:06.271, 87.71 W, 60, 59 %, 13 %
2025/08/15 11:31:07.276, 86.69 W, 60, 59 %, 13 %
2025/08/15 11:31:08.280, 90.35 W, 60, 60 %, 13 %
2025/08/15 11:31:09.285, 82.42 W, 60, 24 %, 6 %
2025/08/15 11:31:10.290, 91.13 W, 60, 59 %, 13 %
2025/08/15 11:31:11.294, 87.46 W, 60, 59 %, 13 %
2025/08/15 11:31:12.298, 89.11 W, 60, 59 %, 13 %
2025/08/15 11:31:13.303, 84.71 W, 60, 59 %, 13 %
2025/08/15 11:31:14.309, 84.17 W, 60, 59 %, 13 %
2025/08/15 11:31:15.314, 83.20 W, 60, 55 %, 12 %
2025/08/15 11:31:16.318, 89.19 W, 60, 57 %, 13 %
2025/08/15 11:31:17.322, 88.41 W, 61, 60 %, 13 %
2025/08/15 11:31:18.327, 88.70 W, 60, 59 %, 13 %
2025/08/15 11:31:19.332, 89.38 W, 60, 60 %, 13 %
2025/08/15 11:31:20.337, 83.51 W, 60, 59 %, 13 %
2025/08/15 11:31:21.341, 88.95 W, 60, 58 %, 13 %
2025/08/15 11:31:22.346, 81.71 W, 60, 27 %, 7 %
2025/08/15 11:31:23.350, 82.22 W, 60, 61 %, 13 %
2025/08/15 11:31:24.354, 88.19 W, 60, 60 %, 13 %
2025/08/15 11:31:25.359, 89.75 W, 60, 60 %, 13 %
2025/08/15 11:31:26.363, 84.94 W, 60, 61 %, 13 %
2025/08/15 11:31:27.370, 82.26 W, 60, 61 %, 13 %
2025/08/15 11:31:28.374, 90.83 W, 60, 58 %, 13 %
2025/08/15 11:31:29.379, 88.46 W, 60, 60 %, 13 %
2025/08/15 11:31:30.383, 82.52 W, 61, 60 %, 13 %
2025/08/15 11:31:31.387, 84.00 W, 61, 60 %, 13 %
2025/08/15 11:31:32.392, 91.58 W, 60, 61 %, 13 %
2025/08/15 11:31:33.396, 87.22 W, 60, 61 %, 13 %
2025/08/15 11:31:34.399, 79.05 W, 60, 41 %, 10 %
2025/08/15 11:31:35.403, 90.04 W, 60, 61 %, 13 %
2025/08/15 11:31:36.407, 93.12 W, 60, 61 %, 13 %
2025/08/15 11:31:37.414, 91.07 W, 60, 61 %, 13 %
2025/08/15 11:31:38.418, 87.22 W, 60, 60 %, 13 %
2025/08/15 11:31:39.422, 88.85 W, 61, 61 %, 13 %
2025/08/15 11:31:40.427, 78.80 W, 60, 61 %, 13 %
2025/08/15 11:31:41.432, 92.32 W, 60, 60 %, 13 %
2025/08/15 11:31:42.436, 84.49 W, 60, 54 %, 12 %
2025/08/15 11:31:43.441, 84.91 W, 60, 53 %, 12 %
2025/08/15 11:31:44.444, 81.72 W, 60, 53 %, 12 %
2025/08/15 11:31:45.450, 83.90 W, 60, 54 %, 12 %
2025/08/15 11:31:46.454, 84.50 W, 60, 56 %, 12 %
2025/08/15 11:31:47.457, 72.40 W, 60, 34 %, 8 %
2025/08/15 11:31:48.461, 86.72 W, 60, 55 %, 12 %
2025/08/15 11:31:49.465, 82.48 W, 60, 54 %, 12 %
2025/08/15 11:31:50.470, 89.17 W, 60, 55 %, 12 %
2025/08/15 11:31:51.474, 86.69 W, 60, 56 %, 12 %
2025/08/15 11:31:52.481, 90.68 W, 60, 56 %, 12 %
2025/08/15 11:31:53.485, 91.18 W, 60, 58 %, 13 %
2025/08/15 11:31:54.490, 88.92 W, 60, 57 %, 13 %
2025/08/15 11:31:55.494, 87.67 W, 60, 59 %, 13 %
2025/08/15 11:31:56.499, 89.86 W, 60, 60 %, 13 %
2025/08/15 11:31:57.504, 84.74 W, 60, 59 %, 13 %
2025/08/15 11:31:58.508, 86.44 W, 60, 59 %, 13 %
2025/08/15 11:31:59.512, 75.56 W, 60, 58 %, 13 %
2025/08/15 11:32:00.517, 74.09 W, 60, 51 %, 11 %
2025/08/15 11:32:01.521, 82.93 W, 60, 45 %, 10 %
2025/08/15 11:32:02.525, 84.17 W, 60, 56 %, 12 %
2025/08/15 11:32:03.529, 89.14 W, 60, 56 %, 12 %
2025/08/15 11:32:04.536, 86.69 W, 60, 60 %, 13 %
2025/08/15 11:32:05.540, 84.67 W, 60, 57 %, 13 %
2025/08/15 11:32:06.544, 77.56 W, 60, 59 %, 13 %
2025/08/15 11:32:07.549, 88.95 W, 60, 58 %, 13 %
2025/08/15 11:32:08.554, 89.40 W, 60, 59 %, 13 %
2025/08/15 11:32:09.558, 84.67 W, 60, 57 %, 12 %
2025/08/15 11:32:10.563, 81.00 W, 60, 58 %, 13 %
2025/08/15 11:32:11.567, 88.63 W, 60, 53 %, 12 %
2025/08/15 11:32:12.572, 84.91 W, 60, 54 %, 12 %
2025/08/15 11:32:13.575, 82.76 W, 60, 54 %, 12 %
2025/08/15 11:32:14.579, 43.69 W, 60, 37 %, 9 %
2025/08/15 11:32:15.585, 77.52 W, 60, 53 %, 12 %
2025/08/15 11:32:16.590, 84.75 W, 60, 57 %, 12 %
2025/08/15 11:32:17.593, 83.29 W, 60, 53 %, 12 %
2025/08/15 11:32:18.597, 70.63 W, 60, 46 %, 10 %
2025/08/15 11:32:19.603, 82.46 W, 60, 47 %, 10 %
2025/08/15 11:32:20.608, 77.32 W, 60, 52 %, 11 %
2025/08/15 11:32:21.613, 88.21 W, 60, 53 %, 12 %
2025/08/15 11:32:22.617, 88.42 W, 60, 56 %, 12 %
2025/08/15 11:32:23.622, 86.18 W, 60, 57 %, 13 %
2025/08/15 11:32:24.626, 83.80 W, 60, 55 %, 12 %
2025/08/15 11:32:25.631, 90.16 W, 60, 58 %, 13 %
2025/08/15 11:32:26.634, 76.04 W, 60, 54 %, 12 %
2025/08/15 11:32:27.640, 77.28 W, 60, 51 %, 11 %
2025/08/15 11:32:28.643, 43.94 W, 60, 32 %, 8 %
2025/08/15 11:32:29.648, 83.17 W, 60, 58 %, 13 %
2025/08/15 11:32:30.651, 85.03 W, 60, 55 %, 12 %
2025/08/15 11:32:31.657, 82.48 W, 60, 56 %, 12 %
2025/08/15 11:32:32.662, 89.15 W, 60, 56 %, 12 %
2025/08/15 11:32:33.666, 81.19 W, 60, 57 %, 12 %
2025/08/15 11:32:34.670, 75.62 W, 60, 56 %, 12 %
2025/08/15 11:32:35.674, 82.01 W, 60, 55 %, 12 %
2025/08/15 11:32:36.678, 84.00 W, 60, 57 %, 12 %
2025/08/15 11:32:37.682, 79.84 W, 60, 56 %, 12 %
2025/08/15 11:32:38.688, 81.73 W, 60, 58 %, 13 %
2025/08/15 11:32:39.692, 77.28 W, 60, 56 %, 12 %
2025/08/15 11:32:40.697, 85.70 W, 60, 55 %, 12 %
2025/08/15 11:32:41.700, 70.88 W, 60, 34 %, 8 %
2025/08/15 11:32:42.707, 80.99 W, 60, 55 %, 12 %
2025/08/15 11:32:43.711, 84.75 W, 60, 56 %, 12 %
2025/08/15 11:32:44.715, 87.47 W, 60, 56 %, 12 %
2025/08/15 11:32:45.720, 79.30 W, 60, 56 %, 12 %
2025/08/15 11:32:46.725, 87.17 W, 60, 57 %, 12 %
2025/08/15 11:32:47.730, 77.07 W, 60, 55 %, 12 %
2025/08/15 11:32:48.735, 86.94 W, 60, 55 %, 12 %
2025/08/15 11:32:49.739, 81.52 W, 60, 55 %, 12 %
2025/08/15 11:32:50.744, 70.42 W, 60, 52 %, 11 %
2025/08/15 11:32:51.749, 88.71 W, 60, 52 %, 11 %
2025/08/15 11:32:52.752, 84.44 W, 60, 58 %, 13 %
2025/08/15 11:32:53.756, 81.24 W, 60, 59 %, 13 %
2025/08/15 11:32:54.762, 91.92 W, 60, 57 %, 12 %
2025/08/15 11:32:55.766, 72.61 W, 60, 39 %, 10 %
2025/08/15 11:32:56.770, 74.59 W, 60, 55 %, 12 %
2025/08/15 11:32:57.775, 83.18 W, 60, 56 %, 12 %
2025/08/15 11:32:58.778, 80.32 W, 60, 56 %, 12 %
2025/08/15 11:32:59.783, 89.69 W, 60, 58 %, 13 %
2025/08/15 11:33:00.786, 86.43 W, 60, 55 %, 12 %
2025/08/15 11:33:01.793, 70.92 W, 60, 54 %, 12 %
2025/08/15 11:33:02.798, 89.21 W, 60, 55 %, 12 %
2025/08/15 11:33:03.802, 85.29 W, 60, 54 %, 12 %
2025/08/15 11:33:04.806, 88.65 W, 60, 56 %, 12 %
2025/08/15 11:33:05.811, 78.55 W, 60, 56 %, 12 %
2025/08/15 11:33:06.815, 76.81 W, 60, 55 %, 12 %
2025/08/15 11:33:07.819, 82.20 W, 60, 55 %, 12 %
2025/08/15 11:33:08.824, 69.10 W, 60, 38 %, 8 %
2025/08/15 11:33:09.828, 87.17 W, 60, 35 %, 8 %
2025/08/15 11:33:10.833, 84.00 W, 60, 54 %, 12 %
2025/08/15 11:33:11.836, 72.40 W, 60, 55 %, 12 %
2025/08/15 11:33:12.839, 90.16 W, 60, 57 %, 12 %
2025/08/15 11:33:13.847, 87.42 W, 60, 55 %, 12 %
2025/08/15 11:33:14.850, 83.19 W, 60, 56 %, 12 %
2025/08/15 11:33:15.855, 87.14 W, 60, 56 %, 12 %
2025/08/15 11:33:16.860, 87.47 W, 60, 57 %, 12 %
2025/08/15 11:33:17.864, 90.69 W, 60, 57 %, 12 %
2025/08/15 11:33:18.869, 90.43 W, 60, 57 %, 12 %
2025/08/15 11:33:19.877, 89.95 W, 60, 55 %, 12 %
2025/08/15 11:33:20.881, 84.21 W, 60, 57 %, 12 %
2025/08/15 11:33:21.886, 76.37 W, 60, 55 %, 12 %
2025/08/15 11:33:22.890, 72.40 W, 60, 36 %, 9 %
2025/08/15 11:33:23.897, 78.35 W, 60, 53 %, 12 %
2025/08/15 11:33:24.902, 87.23 W, 60, 56 %, 12 %
2025/08/15 11:33:25.906, 87.42 W, 60, 55 %, 12 %
2025/08/15 11:33:26.910, 84.44 W, 60, 55 %, 12 %
2025/08/15 11:33:27.916, 89.11 W, 60, 57 %, 13 %
2025/08/15 11:33:28.920, 88.17 W, 60, 56 %, 12 %
2025/08/15 11:33:29.924, 81.49 W, 60, 56 %, 12 %
2025/08/15 11:33:30.929, 84.94 W, 60, 57 %, 13 %
2025/08/15 11:33:31.933, 85.49 W, 60, 54 %, 12 %
2025/08/15 11:33:32.938, 87.62 W, 60, 58 %, 13 %
2025/08/15 11:33:33.942, 92.38 W, 60, 57 %, 13 %
2025/08/15 11:33:34.947, 78.25 W, 60, 55 %, 12 %
2025/08/15 11:33:35.952, 74.34 W, 60, 55 %, 12 %
2025/08/15 11:33:36.956, 76.57 W, 59, 36 %, 9 %
2025/08/15 11:33:37.961, 85.28 W, 60, 57 %, 13 %
2025/08/15 11:33:38.965, 86.73 W, 60, 58 %, 13 %
2025/08/15 11:33:39.969, 84.25 W, 60, 56 %, 12 %
2025/08/15 11:33:40.977, 85.19 W, 60, 57 %, 12 %
2025/08/15 11:33:41.981, 87.96 W, 60, 53 %, 12 %
2025/08/15 11:33:42.985, 80.48 W, 60, 57 %, 12 %
2025/08/15 11:33:43.990, 81.72 W, 60, 56 %, 12 %
2025/08/15 11:33:44.994, 86.86 W, 60, 57 %, 12 %
2025/08/15 11:33:46.002, 87.47 W, 60, 56 %, 12 %
2025/08/15 11:33:47.005, 77.57 W, 60, 57 %, 12 %
2025/08/15 11:33:48.009, 83.01 W, 60, 57 %, 12 %
2025/08/15 11:33:49.013, 87.19 W, 60, 58 %, 13 %
2025/08/15 11:33:50.020, 71.87 W, 60, 38 %, 10 %
2025/08/15 11:33:51.025, 86.96 W, 60, 56 %, 12 %
2025/08/15 11:33:52.029, 82.21 W, 60, 52 %, 11 %
2025/08/15 11:33:53.033, 85.94 W, 60, 56 %, 12 %
2025/08/15 11:33:54.037, 82.50 W, 60, 53 %, 12 %
2025/08/15 11:33:55.042, 87.93 W, 60, 55 %, 12 %
2025/08/15 11:33:56.045, 81.45 W, 60, 57 %, 12 %
2025/08/15 11:33:57.050, 86.92 W, 60, 57 %, 13 %
2025/08/15 11:33:58.056, 88.94 W, 60, 58 %, 13 %
2025/08/15 11:33:59.061, 77.31 W, 60, 56 %, 12 %
2025/08/15 11:34:00.064, 88.41 W, 60, 57 %, 13 %
2025/08/15 11:34:01.068, 85.98 W, 60, 57 %, 13 %
2025/08/15 11:34:02.073, 80.00 W, 60, 50 %, 11 %
2025/08/15 11:34:03.076, 44.44 W, 60, 57 %, 13 %
2025/08/15 11:34:04.081, 82.72 W, 59, 34 %, 8 %
2025/08/15 11:34:05.087, 90.43 W, 60, 58 %, 13 %
2025/08/15 11:34:06.091, 75.34 W, 60, 57 %, 12 %
2025/08/15 11:34:07.094, 85.70 W, 60, 58 %, 13 %
2025/08/15 11:34:08.098, 84.21 W, 60, 58 %, 13 %
2025/08/15 11:34:09.105, 86.89 W, 60, 56 %, 12 %
2025/08/15 11:34:10.108, 83.51 W, 60, 57 %, 12 %
2025/08/15 11:34:11.113, 88.91 W, 60, 57 %, 12 %
2025/08/15 11:34:12.117, 85.23 W, 60, 57 %, 12 %
2025/08/15 11:34:13.124, 76.33 W, 60, 58 %, 13 %
2025/08/15 11:34:14.128, 79.29 W, 60, 56 %, 12 %
2025/08/15 11:34:15.132, 81.73 W, 60, 57 %, 12 %
2025/08/15 11:34:16.136, 79.95 W, 60, 56 %, 12 %
2025/08/15 11:34:17.142, 71.86 W, 59, 38 %, 10 %
2025/08/15 11:34:18.147, 86.19 W, 60, 58 %, 13 %
2025/08/15 11:34:19.150, 81.96 W, 60, 57 %, 13 %
2025/08/15 11:34:20.154, 87.90 W, 60, 57 %, 12 %
2025/08/15 11:34:21.160, 83.15 W, 60, 57 %, 12 %
2025/08/15 11:34:22.165, 91.93 W, 60, 57 %, 13 %
2025/08/15 11:34:23.169, 90.68 W, 60, 58 %, 13 %
2025/08/15 11:34:24.173, 86.94 W, 60, 57 %, 12 %
2025/08/15 11:34:25.178, 80.48 W, 60, 57 %, 12 %
2025/08/15 11:34:26.182, 88.16 W, 60, 50 %, 11 %
2025/08/15 11:34:27.187, 87.13 W, 60, 56 %, 12 %
2025/08/15 11:34:28.191, 90.11 W, 60, 55 %, 12 %
2025/08/15 11:34:29.194, 77.02 W, 60, 56 %, 12 %
2025/08/15 11:34:30.198, 71.16 W, 59, 37 %, 9 %
2025/08/15 11:34:31.201, 77.35 W, 59, 55 %, 12 %
2025/08/15 11:34:32.205, 85.90 W, 60, 56 %, 12 %
2025/08/15 11:34:33.209, 85.71 W, 60, 57 %, 13 %
2025/08/15 11:34:34.213, 79.54 W, 60, 55 %, 12 %
2025/08/15 11:34:35.217, 88.12 W, 60, 55 %, 12 %
2025/08/15 11:34:36.221, 83.47 W, 60, 53 %, 12 %
2025/08/15 11:34:37.227, 78.80 W, 60, 54 %, 12 %
2025/08/15 11:34:38.231, 78.60 W, 60, 56 %, 12 %
2025/08/15 11:34:39.235, 85.39 W, 60, 55 %, 12 %
2025/08/15 11:34:40.239, 88.46 W, 60, 55 %, 12 %
2025/08/15 11:34:41.245, 84.50 W, 60, 56 %, 12 %
2025/08/15 11:34:42.250, 86.48 W, 60, 55 %, 12 %
2025/08/15 11:34:43.254, 87.43 W, 60, 55 %, 12 %
2025/08/15 11:34:44.258, 67.94 W, 59, 33 %, 8 %
2025/08/15 11:34:45.264, 86.14 W, 59, 55 %, 12 %
2025/08/15 11:34:46.269, 88.07 W, 60, 57 %, 12 %
2025/08/15 11:34:47.273, 89.85 W, 60, 58 %, 13 %
2025/08/15 11:34:48.278, 91.10 W, 60, 59 %, 13 %
2025/08/15 11:34:49.282, 85.28 W, 60, 60 %, 13 %
2025/08/15 11:34:50.286, 86.89 W, 60, 60 %, 13 %
2025/08/15 11:34:51.291, 81.72 W, 60, 60 %, 13 %
2025/08/15 11:34:52.295, 91.18 W, 60, 59 %, 13 %
2025/08/15 11:34:53.299, 85.70 W, 60, 60 %, 13 %
2025/08/15 11:34:54.304, 84.44 W, 60, 61 %, 13 %
2025/08/15 11:34:55.308, 87.93 W, 60, 60 %, 13 %
2025/08/15 11:34:56.313, 89.89 W, 60, 59 %, 13 %
2025/08/15 11:34:57.318, 75.87 W, 60, 39 %, 10 %
2025/08/15 11:34:58.322, 82.48 W, 60, 57 %, 13 %
2025/08/15 11:34:59.327, 87.93 W, 60, 56 %, 12 %
2025/08/15 11:35:00.331, 87.59 W, 60, 59 %, 13 %
2025/08/15 11:35:01.336, 88.46 W, 60, 62 %, 13 %
2025/08/15 11:35:02.340, 84.50 W, 60, 59 %, 13 %
2025/08/15 11:35:03.345, 88.86 W, 60, 60 %, 13 %
2025/08/15 11:35:04.349, 79.50 W, 60, 58 %, 13 %
2025/08/15 11:35:05.354, 90.31 W, 60, 59 %, 13 %
2025/08/15 11:35:06.358, 93.61 W, 60, 60 %, 13 %
2025/08/15 11:35:07.361, 75.08 W, 60, 57 %, 12 %
2025/08/15 11:35:08.366, 81.72 W, 60, 60 %, 13 %
2025/08/15 11:35:09.373, 90.69 W, 60, 58 %, 13 %
2025/08/15 11:35:10.377, 77.56 W, 60, 41 %, 10 %
2025/08/15 11:35:11.382, 84.00 W, 60, 58 %, 13 %
2025/08/15 11:35:12.386, 87.72 W, 60, 59 %, 13 %
2025/08/15 11:35:13.391, 89.94 W, 60, 59 %, 13 %
2025/08/15 11:35:14.395, 84.00 W, 60, 56 %, 12 %
2025/08/15 11:35:15.400, 84.50 W, 60, 58 %, 13 %
2025/08/15 11:35:16.403, 84.00 W, 60, 56 %, 12 %
2025/08/15 11:35:17.406, 83.01 W, 60, 58 %, 13 %
2025/08/15 11:35:18.411, 90.62 W, 60, 56 %, 12 %
2025/08/15 11:35:19.417, 87.88 W, 60, 60 %, 13 %
2025/08/15 11:35:20.421, 83.68 W, 60, 58 %, 13 %
2025/08/15 11:35:21.425, 83.96 W, 60, 60 %, 13 %
2025/08/15 11:35:22.429, 87.18 W, 60, 57 %, 13 %
2025/08/15 11:35:23.436, 75.58 W, 60, 39 %, 10 %
2025/08/15 11:35:24.440, 87.88 W, 60, 58 %, 13 %
2025/08/15 11:35:25.444, 83.46 W, 60, 58 %, 13 %
2025/08/15 11:35:26.449, 90.40 W, 60, 58 %, 13 %
2025/08/15 11:35:27.453, 74.59 W, 60, 56 %, 12 %
2025/08/15 11:35:28.458, 87.68 W, 60, 56 %, 12 %
2025/08/15 11:35:29.462, 76.04 W, 60, 49 %, 11 %
2025/08/15 11:35:30.465, 88.63 W, 60, 54 %, 12 %
2025/08/15 11:35:31.470, 85.24 W, 60, 56 %, 12 %
2025/08/15 11:35:32.474, 82.96 W, 60, 56 %, 12 %
2025/08/15 11:35:33.479, 79.01 W, 60, 57 %, 12 %
2025/08/15 11:35:34.483, 80.74 W, 60, 58 %, 13 %
2025/08/15 11:35:35.488, 89.11 W, 60, 57 %, 12 %
2025/08/15 11:35:36.491, 75.87 W, 60, 34 %, 9 %
2025/08/15 11:35:37.495, 87.47 W, 60, 55 %, 12 %
2025/08/15 11:35:38.502, 87.67 W, 60, 58 %, 13 %
2025/08/15 11:35:39.507, 75.82 W, 60, 56 %, 12 %
2025/08/15 11:35:40.510, 81.28 W, 60, 56 %, 12 %
2025/08/15 11:35:41.515, 84.20 W, 60, 58 %, 13 %
2025/08/15 11:35:42.520, 84.42 W, 60, 58 %, 13 %
2025/08/15 11:35:43.525, 82.22 W, 60, 57 %, 13 %
2025/08/15 11:35:44.528, 83.21 W, 60, 59 %, 13 %
2025/08/15 11:35:45.532, 92.67 W, 60, 57 %, 12 %
2025/08/15 11:35:46.538, 84.73 W, 60, 55 %, 12 %
2025/08/15 11:35:47.542, 87.70 W, 60, 57 %, 12 %
2025/08/15 11:35:48.547, 90.43 W, 60, 56 %, 12 %
2025/08/15 11:35:49.551, 64.93 W, 59, 60 %, 13 %
2025/08/15 11:35:50.556, 85.74 W, 60, 24 %, 6 %
2025/08/15 11:35:51.559, 81.49 W, 60, 57 %, 12 %
2025/08/15 11:35:52.564, 89.15 W, 60, 57 %, 12 %
2025/08/15 11:35:53.568, 81.73 W, 60, 57 %, 12 %
2025/08/15 11:35:54.572, 82.19 W, 60, 56 %, 12 %
2025/08/15 11:35:55.576, 87.38 W, 60, 55 %, 12 %
2025/08/15 11:35:56.581, 85.90 W, 60, 55 %, 12 %
2025/08/15 11:35:57.588, 86.23 W, 60, 55 %, 12 %
2025/08/15 11:35:58.591, 78.76 W, 60, 56 %, 12 %
2025/08/15 11:35:59.595, 82.46 W, 60, 55 %, 12 %
2025/08/15 11:36:00.598, 76.32 W, 60, 56 %, 12 %
2025/08/15 11:36:01.602, 84.71 W, 60, 53 %, 12 %
2025/08/15 11:36:02.607, 86.94 W, 60, 56 %, 12 %
2025/08/15 11:36:03.610, 75.83 W, 60, 28 %, 7 %
2025/08/15 11:36:04.615, 90.15 W, 60, 58 %, 13 %
2025/08/15 11:36:05.619, 88.70 W, 60, 55 %, 12 %
2025/08/15 11:36:06.624, 87.92 W, 60, 55 %, 12 %
2025/08/15 11:36:07.627, 78.06 W, 60, 58 %, 13 %
2025/08/15 11:36:08.630, 87.91 W, 60, 56 %, 12 %
2025/08/15 11:36:09.635, 81.69 W, 60, 56 %, 12 %
2025/08/15 11:36:10.640, 83.56 W, 60, 55 %, 12 %
2025/08/15 11:36:11.645, 77.56 W, 60, 55 %, 12 %
2025/08/15 11:36:12.648, 81.24 W, 60, 55 %, 12 %
2025/08/15 11:36:13.653, 79.99 W, 60, 55 %, 12 %
2025/08/15 11:36:14.656, 81.52 W, 60, 55 %, 12 %
2025/08/15 11:36:15.664, 87.23 W, 60, 56 %, 12 %
2025/08/15 11:36:16.669, 83.18 W, 60, 57 %, 12 %
2025/08/15 11:36:17.672, 75.58 W, 59, 38 %, 9 %
2025/08/15 11:36:18.677, 88.51 W, 59, 57 %, 13 %
2025/08/15 11:36:19.681, 83.42 W, 60, 56 %, 12 %
2025/08/15 11:36:20.685, 82.27 W, 60, 56 %, 12 %
2025/08/15 11:36:21.691, 82.27 W, 60, 54 %, 12 %
2025/08/15 11:36:22.695, 82.19 W, 59, 55 %, 12 %
2025/08/15 11:36:23.700, 83.01 W, 60, 50 %, 11 %
2025/08/15 11:36:24.704, 91.34 W, 60, 57 %, 12 %
2025/08/15 11:36:25.709, 87.67 W, 60, 56 %, 12 %
2025/08/15 11:36:26.713, 84.30 W, 60, 56 %, 12 %
2025/08/15 11:36:27.716, 81.28 W, 60, 55 %, 12 %
2025/08/15 11:36:28.721, 90.59 W, 60, 55 %, 12 %
2025/08/15 11:36:29.727, 85.24 W, 60, 57 %, 12 %
2025/08/15 11:36:30.732, 70.87 W, 59, 35 %, 8 %
2025/08/15 11:36:31.736, 86.10 W, 59, 48 %, 10 %
2025/08/15 11:36:32.741, 81.28 W, 59, 56 %, 12 %
2025/08/15 11:36:33.745, 81.02 W, 60, 54 %, 12 %
2025/08/15 11:36:34.748, 84.99 W, 60, 56 %, 12 %
2025/08/15 11:36:35.752, 83.92 W, 60, 57 %, 13 %
2025/08/15 11:36:36.756, 90.06 W, 60, 57 %, 13 %
2025/08/15 11:36:37.761, 73.60 W, 60, 55 %, 12 %
2025/08/15 11:36:38.765, 91.87 W, 60, 57 %, 12 %
2025/08/15 11:36:39.770, 79.00 W, 60, 56 %, 12 %
2025/08/15 11:36:40.776, 89.09 W, 60, 57 %, 13 %
2025/08/15 11:36:41.781, 78.31 W, 59, 50 %, 11 %
2025/08/15 11:36:42.786, 89.62 W, 60, 54 %, 12 %
2025/08/15 11:36:43.789, 73.11 W, 60, 53 %, 12 %
2025/08/15 11:36:44.793, 72.15 W, 59, 35 %, 9 %
2025/08/15 11:36:45.798, 80.99 W, 59, 52 %, 11 %
2025/08/15 11:36:46.802, 83.51 W, 60, 53 %, 12 %
2025/08/15 11:36:47.807, 74.58 W, 59, 54 %, 12 %
2025/08/15 11:36:48.813, 84.44 W, 60, 52 %, 11 %
2025/08/15 11:36:49.817, 79.30 W, 60, 53 %, 12 %
2025/08/15 11:36:50.820, 86.94 W, 59, 52 %, 11 %
2025/08/15 11:36:51.824, 74.09 W, 59, 51 %, 11 %
2025/08/15 11:36:52.830, 70.38 W, 59, 52 %, 11 %
2025/08/15 11:36:53.835, 80.29 W, 60, 53 %, 12 %
2025/08/15 11:36:54.839, 85.45 W, 59, 52 %, 11 %
2025/08/15 11:36:55.844, 78.25 W, 59, 53 %, 12 %
2025/08/15 11:36:56.848, 79.75 W, 59, 52 %, 11 %
2025/08/15 11:36:57.852, 84.21 W, 59, 53 %, 12 %
2025/08/15 11:36:58.856, 56.07 W, 59, 52 %, 11 %
2025/08/15 11:36:59.859, 43.20 W, 59, 35 %, 9 %
2025/08/15 11:37:00.862, 80.53 W, 59, 48 %, 10 %
2025/08/15 11:37:01.866, 85.45 W, 59, 47 %, 10 %
2025/08/15 11:37:02.870, 83.21 W, 59, 55 %, 12 %
2025/08/15 11:37:03.875, 86.39 W, 59, 56 %, 12 %
2025/08/15 11:37:04.879, 83.96 W, 59, 51 %, 11 %
2025/08/15 11:37:05.884, 84.25 W, 59, 54 %, 12 %
2025/08/15 11:37:06.888, 86.92 W, 59, 56 %, 12 %
2025/08/15 11:37:07.892, 88.63 W, 59, 56 %, 12 %
2025/08/15 11:37:08.898, 86.43 W, 60, 57 %, 12 %
2025/08/15 11:37:09.902, 84.29 W, 59, 56 %, 12 %
2025/08/15 11:37:10.907, 88.91 W, 60, 57 %, 13 %
2025/08/15 11:37:11.910, 85.74 W, 59, 53 %, 12 %
2025/08/15 11:37:12.916, 68.68 W, 59, 55 %, 12 %
2025/08/15 11:37:13.919, 81.57 W, 59, 24 %, 6 %
2025/08/15 11:37:14.923, 84.40 W, 59, 55 %, 12 %
2025/08/15 11:37:15.927, 84.20 W, 60, 56 %, 12 %
2025/08/15 11:37:16.934, 90.61 W, 60, 55 %, 12 %
2025/08/15 11:37:17.938, 84.25 W, 59, 56 %, 12 %
2025/08/15 11:37:18.942, 84.00 W, 59, 57 %, 12 %
2025/08/15 11:37:19.945, 83.96 W, 59, 55 %, 12 %
2025/08/15 11:37:20.953, 85.46 W, 59, 57 %, 12 %
2025/08/15 11:37:21.956, 79.30 W, 59, 50 %, 11 %
2025/08/15 11:37:22.961, 81.54 W, 60, 56 %, 12 %
2025/08/15 11:37:23.965, 85.40 W, 59, 56 %, 12 %
2025/08/15 11:37:24.969, 84.20 W, 59, 55 %, 12 %
2025/08/15 11:37:25.974, 83.75 W, 60, 56 %, 12 %
2025/08/15 11:37:26.978, 77.36 W, 59, 38 %, 9 %
2025/08/15 11:37:27.983, 84.71 W, 59, 56 %, 12 %
2025/08/15 11:37:28.986, 84.16 W, 59, 55 %, 12 %
2025/08/15 11:37:29.990, 87.46 W, 59, 57 %, 12 %
2025/08/15 11:37:30.995, 79.75 W, 59, 57 %, 12 %
2025/08/15 11:37:32.001, 87.22 W, 59, 52 %, 11 %
2025/08/15 11:37:33.004, 76.78 W, 59, 56 %, 12 %
2025/08/15 11:37:34.007, 74.10 W, 59, 55 %, 12 %
2025/08/15 11:37:35.012, 84.95 W, 59, 57 %, 12 %
2025/08/15 11:37:36.017, 84.85 W, 60, 57 %, 12 %
2025/08/15 11:37:37.022, 83.22 W, 59, 51 %, 11 %
2025/08/15 11:37:38.026, 83.25 W, 59, 54 %, 12 %
2025/08/15 11:37:39.030, 90.64 W, 59, 57 %, 12 %
2025/08/15 11:37:40.037, 87.39 W, 59, 55 %, 12 %
2025/08/15 11:37:41.041, 44.19 W, 59, 38 %, 10 %
2025/08/15 11:37:42.045, 76.12 W, 59, 51 %, 11 %
2025/08/15 11:37:43.050, 80.53 W, 59, 57 %, 12 %
2025/08/15 11:37:44.058, 83.70 W, 59, 55 %, 12 %
2025/08/15 11:37:45.061, 85.74 W, 59, 57 %, 12 %
2025/08/15 11:37:46.066, 83.66 W, 60, 56 %, 12 %
2025/08/15 11:37:47.070, 75.33 W, 59, 56 %, 12 %
2025/08/15 11:37:48.073, 81.02 W, 59, 56 %, 12 %
2025/08/15 11:37:49.078, 79.30 W, 59, 55 %, 12 %
2025/08/15 11:37:50.082, 86.63 W, 59, 55 %, 12 %
2025/08/15 11:37:51.087, 78.60 W, 60, 57 %, 12 %
2025/08/15 11:37:52.091, 86.18 W, 59, 51 %, 11 %
2025/08/15 11:37:53.096, 82.96 W, 59, 57 %, 12 %
2025/08/15 11:37:54.100, 70.17 W, 59, 35 %, 8 %
2025/08/15 11:37:55.105, 94.89 W, 59, 38 %, 8 %
2025/08/15 11:37:56.109, 86.92 W, 59, 55 %, 12 %
2025/08/15 11:37:57.113, 83.51 W, 59, 56 %, 12 %
2025/08/15 11:37:58.118, 78.35 W, 59, 55 %, 12 %
2025/08/15 11:37:59.123, 83.25 W, 59, 56 %, 12 %
2025/08/15 11:38:00.127, 88.12 W, 59, 57 %, 13 %
2025/08/15 11:38:01.131, 87.42 W, 59, 56 %, 12 %
2025/08/15 11:38:02.136, 87.92 W, 59, 53 %, 12 %
2025/08/15 11:38:03.139, 82.30 W, 59, 56 %, 12 %
2025/08/15 11:38:04.143, 92.62 W, 59, 56 %, 12 %
2025/08/15 11:38:05.147, 88.41 W, 59, 56 %, 12 %
2025/08/15 11:38:06.152, 81.77 W, 59, 58 %, 13 %
2025/08/15 11:38:07.156, 77.81 W, 59, 58 %, 13 %
2025/08/15 11:38:08.161, 70.62 W, 59, 37 %, 9 %
2025/08/15 11:38:09.164, 82.68 W, 59, 56 %, 12 %
2025/08/15 11:38:10.172, 87.97 W, 59, 55 %, 12 %
2025/08/15 11:38:11.176, 80.99 W, 59, 58 %, 13 %
2025/08/15 11:38:12.179, 88.61 W, 59, 58 %, 13 %
2025/08/15 11:38:13.183, 82.27 W, 59, 59 %, 13 %
2025/08/15 11:38:14.190, 91.92 W, 59, 57 %, 12 %
2025/08/15 11:38:15.195, 85.93 W, 59, 58 %, 13 %
2025/08/15 11:38:16.200, 81.23 W, 59, 54 %, 12 %
2025/08/15 11:38:17.204, 90.36 W, 60, 56 %, 12 %
2025/08/15 11:38:18.209, 81.97 W, 59, 56 %, 12 %
2025/08/15 11:38:19.212, 81.73 W, 60, 57 %, 12 %
2025/08/15 11:38:20.216, 83.51 W, 59, 56 %, 12 %
2025/08/15 11:38:21.220, 77.36 W, 59, 30 %, 8 %
2025/08/15 11:38:22.227, 83.01 W, 59, 56 %, 12 %
2025/08/15 11:38:23.230, 81.23 W, 59, 53 %, 12 %
2025/08/15 11:38:24.234, 90.31 W, 59, 55 %, 12 %
2025/08/15 11:38:25.239, 87.13 W, 59, 55 %, 12 %
2025/08/15 11:38:26.245, 83.70 W, 59, 54 %, 12 %
2025/08/15 11:38:27.248, 84.00 W, 59, 56 %, 12 %
2025/08/15 11:38:28.252, 86.38 W, 59, 56 %, 12 %
2025/08/15 11:38:29.257, 88.58 W, 60, 56 %, 12 %
2025/08/15 11:38:30.260, 80.76 W, 59, 56 %, 12 %
2025/08/15 11:38:31.265, 83.25 W, 59, 58 %, 13 %
2025/08/15 11:38:32.269, 88.16 W, 59, 57 %, 13 %
2025/08/15 11:38:33.275, 90.45 W, 59, 57 %, 12 %
2025/08/15 11:38:34.280, 87.60 W, 59, 56 %, 12 %
2025/08/15 11:38:35.284, 77.81 W, 59, 38 %, 10 %
2025/08/15 11:38:36.289, 87.91 W, 59, 56 %, 12 %
2025/08/15 11:38:37.294, 82.16 W, 60, 58 %, 13 %
2025/08/15 11:38:38.297, 88.41 W, 59, 55 %, 12 %
2025/08/15 11:38:39.301, 80.50 W, 60, 57 %, 12 %
2025/08/15 11:38:40.305, 79.80 W, 59, 51 %, 11 %
2025/08/15 11:38:41.312, 82.02 W, 59, 54 %, 12 %
2025/08/15 11:38:42.316, 85.10 W, 59, 58 %, 13 %
2025/08/15 11:38:43.321, 81.45 W, 59, 56 %, 12 %
2025/08/15 11:38:44.326, 91.79 W, 59, 55 %, 12 %
2025/08/15 11:38:45.331, 87.61 W, 59, 57 %, 13 %
2025/08/15 11:38:46.335, 83.18 W, 59, 56 %, 12 %
2025/08/15 11:38:47.339, 79.79 W, 60, 58 %, 13 %
2025/08/15 11:38:48.344, 75.37 W, 59, 32 %, 7 %
2025/08/15 11:38:49.349, 87.86 W, 59, 56 %, 12 %
2025/08/15 11:38:50.354, 76.86 W, 59, 58 %, 13 %
2025/08/15 11:38:51.358, 82.52 W, 59, 57 %, 12 %
2025/08/15 11:38:52.362, 86.89 W, 59, 59 %, 13 %
2025/08/15 11:38:53.366, 84.71 W, 60, 57 %, 12 %
2025/08/15 11:38:54.370, 86.23 W, 60, 57 %, 12 %
2025/08/15 11:38:55.375, 88.95 W, 60, 56 %, 12 %
2025/08/15 11:38:56.379, 82.96 W, 59, 57 %, 13 %
2025/08/15 11:38:57.384, 90.69 W, 60, 58 %, 13 %
2025/08/15 11:38:58.388, 87.17 W, 60, 58 %, 13 %
2025/08/15 11:38:59.392, 88.16 W, 59, 57 %, 13 %
2025/08/15 11:39:00.397, 90.88 W, 59, 58 %, 13 %
2025/08/15 11:39:01.402, 80.73 W, 60, 57 %, 12 %
2025/08/15 11:39:02.405, 82.42 W, 59, 30 %, 7 %
2025/08/15 11:39:03.409, 77.51 W, 59, 55 %, 12 %
2025/08/15 11:39:04.415, 80.58 W, 59, 54 %, 12 %
2025/08/15 11:39:05.420, 87.97 W, 59, 55 %, 12 %
2025/08/15 11:39:06.424, 76.85 W, 59, 56 %, 12 %
2025/08/15 11:39:07.428, 78.51 W, 59, 55 %, 12 %
2025/08/15 11:39:08.433, 80.25 W, 59, 54 %, 12 %
2025/08/15 11:39:09.436, 76.57 W, 59, 54 %, 12 %
2025/08/15 11:39:10.441, 77.36 W, 59, 54 %, 12 %
2025/08/15 11:39:11.445, 88.17 W, 60, 56 %, 12 %
2025/08/15 11:39:12.452, 76.29 W, 59, 51 %, 11 %
2025/08/15 11:39:13.458, 82.96 W, 59, 49 %, 11 %
2025/08/15 11:39:14.461, 80.58 W, 59, 55 %, 12 %
2025/08/15 11:39:15.466, 86.23 W, 59, 55 %, 12 %
2025/08/15 11:39:16.470, 43.19 W, 59, 36 %, 9 %
2025/08/15 11:39:17.475, 87.71 W, 59, 53 %, 12 %
2025/08/15 11:39:18.482, 86.67 W, 59, 54 %, 12 %
2025/08/15 11:39:19.486, 80.54 W, 59, 53 %, 12 %
2025/08/15 11:39:20.491, 80.44 W, 59, 57 %, 12 %
2025/08/15 11:39:21.495, 80.25 W, 59, 57 %, 13 %
2025/08/15 11:39:22.499, 86.23 W, 59, 56 %, 12 %
2025/08/15 11:39:23.504, 88.30 W, 60, 57 %, 13 %
2025/08/15 11:39:24.508, 85.36 W, 60, 58 %, 13 %
2025/08/15 11:39:25.512, 88.92 W, 59, 59 %, 13 %
2025/08/15 11:39:26.518, 91.10 W, 60, 58 %, 13 %
2025/08/15 11:39:27.522, 78.50 W, 60, 57 %, 12 %
2025/08/15 11:39:28.525, 86.17 W, 60, 57 %, 12 %
2025/08/15 11:39:29.529, 74.63 W, 59, 39 %, 10 %
2025/08/15 11:39:30.536, 89.17 W, 59, 57 %, 12 %
2025/08/15 11:39:31.541, 84.69 W, 59, 58 %, 13 %
2025/08/15 11:39:32.545, 78.80 W, 59, 57 %, 12 %
2025/08/15 11:39:33.549, 94.41 W, 59, 56 %, 12 %
2025/08/15 11:39:34.555, 84.99 W, 59, 56 %, 12 %
2025/08/15 11:39:35.559, 92.12 W, 60, 58 %, 13 %
2025/08/15 11:39:36.563, 76.61 W, 59, 58 %, 13 %
2025/08/15 11:39:37.567, 78.88 W, 60, 58 %, 13 %
2025/08/15 11:39:38.571, 81.82 W, 59, 56 %, 12 %
2025/08/15 11:39:39.575, 84.29 W, 60, 57 %, 12 %
2025/08/15 11:39:40.580, 86.23 W, 60, 58 %, 13 %
2025/08/15 11:39:41.586, 74.35 W, 60, 57 %, 12 %
2025/08/15 11:39:42.591, 77.07 W, 59, 40 %, 8 %
2025/08/15 11:39:43.596, 90.16 W, 59, 44 %, 10 %
2025/08/15 11:39:44.600, 80.98 W, 59, 52 %, 11 %
2025/08/15 11:39:45.605, 87.47 W, 59, 55 %, 12 %
2025/08/15 11:39:46.609, 80.99 W, 60, 57 %, 12 %
2025/08/15 11:39:47.613, 83.50 W, 59, 57 %, 12 %
2025/08/15 11:39:48.618, 83.01 W, 60, 57 %, 12 %
2025/08/15 11:39:49.622, 89.00 W, 59, 56 %, 12 %
2025/08/15 11:39:50.627, 87.42 W, 59, 57 %, 13 %
2025/08/15 11:39:51.631, 87.43 W, 60, 58 %, 13 %
2025/08/15 11:39:52.636, 88.92 W, 60, 56 %, 12 %
2025/08/15 11:39:53.640, 84.42 W, 60, 56 %, 12 %
2025/08/15 11:39:54.644, 87.67 W, 60, 58 %, 13 %
2025/08/15 11:39:55.648, 89.95 W, 59, 57 %, 12 %
2025/08/15 11:39:56.651, 43.97 W, 59, 38 %, 10 %
2025/08/15 11:39:57.656, 86.72 W, 59, 56 %, 12 %
2025/08/15 11:39:58.660, 87.14 W, 59, 58 %, 13 %
2025/08/15 11:39:59.664, 80.26 W, 60, 57 %, 12 %
2025/08/15 11:40:00.668, 85.66 W, 60, 58 %, 13 %
2025/08/15 11:40:01.672, 81.77 W, 59, 55 %, 12 %
2025/08/15 11:40:02.677, 86.19 W, 59, 57 %, 12 %
2025/08/15 11:40:03.681, 83.56 W, 60, 56 %, 12 %
2025/08/15 11:40:04.684, 81.53 W, 60, 56 %, 12 %
2025/08/15 11:40:05.690, 94.40 W, 60, 60 %, 13 %
2025/08/15 11:40:06.694, 91.61 W, 60, 61 %, 13 %
2025/08/15 11:40:07.699, 88.92 W, 60, 61 %, 13 %
2025/08/15 11:40:08.703, 84.16 W, 60, 61 %, 13 %
2025/08/15 11:40:09.708, 45.43 W, 59, 34 %, 8 %
2025/08/15 11:40:10.711, 87.63 W, 60, 59 %, 13 %
2025/08/15 11:40:11.716, 86.18 W, 60, 59 %, 13 %
2025/08/15 11:40:12.721, 82.52 W, 60, 61 %, 14 %
2025/08/15 11:40:13.726, 84.95 W, 60, 59 %, 13 %
2025/08/15 11:40:14.731, 85.44 W, 60, 60 %, 13 %
2025/08/15 11:40:15.735, 85.49 W, 60, 58 %, 13 %
2025/08/15 11:40:16.739, 85.74 W, 60, 60 %, 13 %
2025/08/15 11:40:17.745, 80.05 W, 60, 61 %, 13 %
2025/08/15 11:40:18.749, 86.19 W, 60, 60 %, 13 %
2025/08/15 11:40:19.752, 82.48 W, 60, 59 %, 13 %
2025/08/15 11:40:20.757, 91.42 W, 60, 60 %, 13 %
2025/08/15 11:40:21.761, 78.35 W, 59, 40 %, 10 %
2025/08/15 11:40:22.765, 83.76 W, 60, 61 %, 13 %
2025/08/15 11:40:23.770, 91.87 W, 60, 59 %, 13 %
2025/08/15 11:40:24.776, 85.40 W, 60, 59 %, 13 %
2025/08/15 11:40:25.780, 91.86 W, 60, 60 %, 13 %
2025/08/15 11:40:26.785, 89.14 W, 60, 60 %, 13 %
2025/08/15 11:40:27.789, 92.62 W, 60, 59 %, 13 %
2025/08/15 11:40:28.795, 83.22 W, 60, 59 %, 13 %
2025/08/15 11:40:29.799, 86.97 W, 60, 59 %, 13 %
2025/08/15 11:40:30.803, 86.23 W, 60, 59 %, 13 %
2025/08/15 11:40:31.808, 82.76 W, 60, 60 %, 13 %
2025/08/15 11:40:32.813, 87.17 W, 60, 59 %, 13 %
2025/08/15 11:40:33.816, 85.90 W, 60, 61 %, 13 %
2025/08/15 11:40:34.821, 76.79 W, 60, 40 %, 10 %
2025/08/15 11:40:35.824, 86.89 W, 60, 60 %, 13 %
2025/08/15 11:40:36.831, 82.71 W, 60, 60 %, 13 %
2025/08/15 11:40:37.835, 90.39 W, 60, 61 %, 13 %
2025/08/15 11:40:38.839, 92.83 W, 60, 58 %, 13 %
2025/08/15 11:40:39.844, 86.94 W, 60, 61 %, 13 %
2025/08/15 11:40:40.849, 92.12 W, 60, 60 %, 13 %
2025/08/15 11:40:41.854, 91.39 W, 60, 59 %, 13 %
2025/08/15 11:40:42.857, 79.09 W, 60, 60 %, 13 %
2025/08/15 11:40:43.862, 86.65 W, 60, 61 %, 13 %
2025/08/15 11:40:44.866, 89.21 W, 60, 60 %, 13 %
2025/08/15 11:40:45.870, 85.99 W, 60, 61 %, 13 %
2025/08/15 11:40:46.875, 77.77 W, 60, 38 %, 8 %
2025/08/15 11:40:47.880, 93.11 W, 60, 54 %, 12 %
2025/08/15 11:40:48.885, 88.17 W, 60, 59 %, 13 %
2025/08/15 11:40:49.889, 90.80 W, 60, 61 %, 13 %
2025/08/15 11:40:50.893, 85.99 W, 60, 60 %, 13 %
2025/08/15 11:40:51.899, 88.71 W, 60, 56 %, 12 %
2025/08/15 11:40:52.903, 86.67 W, 60, 59 %, 13 %
2025/08/15 11:40:53.907, 83.95 W, 60, 61 %, 13 %
2025/08/15 11:40:54.912, 86.43 W, 60, 60 %, 13 %
2025/08/15 11:40:55.917, 86.92 W, 60, 60 %, 13 %
2025/08/15 11:40:56.921, 84.00 W, 60, 61 %, 13 %
2025/08/15 11:40:57.925, 91.63 W, 60, 61 %, 13 %
2025/08/15 11:40:58.929, 84.90 W, 60, 59 %, 13 %
2025/08/15 11:40:59.935, 73.89 W, 60, 41 %, 10 %
2025/08/15 11:41:00.939, 89.94 W, 60, 61 %, 13 %
2025/08/15 11:41:01.942, 83.46 W, 60, 57 %, 12 %
2025/08/15 11:41:02.947, 91.84 W, 60, 61 %, 13 %
2025/08/15 11:41:03.951, 90.48 W, 60, 60 %, 13 %
2025/08/15 11:41:04.958, 90.93 W, 60, 61 %, 13 %
2025/08/15 11:41:05.963, 89.40 W, 60, 60 %, 13 %
2025/08/15 11:41:06.967, 85.40 W, 60, 60 %, 13 %
2025/08/15 11:41:07.971, 84.69 W, 60, 61 %, 13 %
2025/08/15 11:41:08.976, 85.99 W, 60, 59 %, 13 %
2025/08/15 11:41:09.980, 90.20 W, 60, 62 %, 14 %
2025/08/15 11:41:10.985, 83.38 W, 60, 62 %, 14 %
2025/08/15 11:41:11.989, 74.59 W, 60, 53 %, 12 %
2025/08/15 11:41:12.993, 86.98 W, 60, 45 %, 10 %
2025/08/15 11:41:13.998, 88.91 W, 60, 61 %, 13 %
2025/08/15 11:41:15.002, 91.83 W, 60, 61 %, 13 %
2025/08/15 11:41:16.007, 82.76 W, 60, 60 %, 13 %
2025/08/15 11:41:17.012, 84.25 W, 60, 61 %, 13 %
2025/08/15 11:41:18.016, 79.75 W, 60, 61 %, 13 %
2025/08/15 11:41:19.019, 85.28 W, 60, 57 %, 12 %
2025/08/15 11:41:20.024, 80.69 W, 60, 56 %, 12 %
2025/08/15 11:41:21.028, 86.97 W, 60, 58 %, 13 %
2025/08/15 11:41:22.033, 87.70 W, 60, 53 %, 12 %
2025/08/15 11:41:23.038, 87.46 W, 60, 57 %, 12 %
2025/08/15 11:41:24.043, 81.69 W, 60, 58 %, 13 %
2025/08/15 11:41:25.046, 71.90 W, 60, 36 %, 8 %
2025/08/15 11:41:26.050, 89.17 W, 60, 55 %, 12 %
2025/08/15 11:41:27.054, 79.50 W, 60, 59 %, 13 %
2025/08/15 11:41:28.058, 86.42 W, 60, 56 %, 12 %
2025/08/15 11:41:29.063, 85.45 W, 60, 58 %, 13 %
2025/08/15 11:41:30.069, 81.29 W, 60, 57 %, 13 %
2025/08/15 11:41:31.072, 82.67 W, 60, 58 %, 13 %
2025/08/15 11:41:32.076, 82.68 W, 60, 54 %, 12 %
2025/08/15 11:41:33.080, 87.86 W, 60, 59 %, 13 %
2025/08/15 11:41:34.087, 82.48 W, 60, 59 %, 13 %
2025/08/15 11:41:35.092, 79.09 W, 60, 59 %, 13 %
2025/08/15 11:41:36.096, 85.73 W, 60, 57 %, 13 %
2025/08/15 11:41:37.101, 90.10 W, 60, 61 %, 14 %
2025/08/15 11:41:38.106, 74.84 W, 60, 39 %, 9 %
2025/08/15 11:41:39.110, 86.23 W, 60, 60 %, 13 %
2025/08/15 11:41:40.114, 86.15 W, 60, 62 %, 14 %
2025/08/15 11:41:41.119, 87.93 W, 60, 61 %, 13 %
2025/08/15 11:41:42.124, 92.17 W, 60, 59 %, 13 %
2025/08/15 11:41:43.128, 91.77 W, 60, 61 %, 13 %
2025/08/15 11:41:44.132, 89.36 W, 60, 60 %, 13 %
2025/08/15 11:41:45.137, 89.40 W, 60, 61 %, 13 %
2025/08/15 11:41:46.142, 91.18 W, 60, 60 %, 13 %
2025/08/15 11:41:47.147, 88.08 W, 60, 61 %, 13 %
2025/08/15 11:41:48.150, 85.68 W, 60, 61 %, 13 %
2025/08/15 11:41:49.154, 83.95 W, 60, 61 %, 13 %
2025/08/15 11:41:50.158, 85.66 W, 60, 60 %, 13 %
2025/08/15 11:41:51.162, 76.82 W, 60, 36 %, 9 %
2025/08/15 11:41:52.166, 89.17 W, 60, 58 %, 13 %
2025/08/15 11:41:53.174, 87.42 W, 60, 60 %, 13 %
2025/08/15 11:41:54.178, 93.56 W, 60, 61 %, 13 %
2025/08/15 11:41:55.182, 86.89 W, 60, 61 %, 13 %
2025/08/15 11:41:56.187, 86.67 W, 60, 62 %, 14 %
2025/08/15 11:41:57.192, 81.94 W, 60, 61 %, 13 %
2025/08/15 11:41:58.196, 91.13 W, 60, 62 %, 14 %
2025/08/15 11:41:59.201, 93.11 W, 60, 60 %, 13 %
2025/08/15 11:42:00.204, 83.70 W, 60, 61 %, 13 %
2025/08/15 11:42:01.209, 86.67 W, 60, 61 %, 13 %
2025/08/15 11:42:02.213, 84.69 W, 60, 61 %, 13 %
2025/08/15 11:42:03.218, 73.35 W, 60, 29 %, 7 %
2025/08/15 11:42:04.222, 85.70 W, 60, 61 %, 13 %
2025/08/15 11:42:05.228, 86.97 W, 60, 61 %, 13 %
2025/08/15 11:42:06.232, 91.33 W, 60, 60 %, 13 %
2025/08/15 11:42:07.237, 91.59 W, 60, 62 %, 14 %
2025/08/15 11:42:08.242, 81.03 W, 60, 61 %, 13 %
2025/08/15 11:42:09.247, 91.15 W, 60, 62 %, 14 %
2025/08/15 11:42:10.251, 87.43 W, 60, 60 %, 13 %
2025/08/15 11:42:11.256, 94.35 W, 60, 59 %, 13 %
2025/08/15 11:42:12.260, 81.03 W, 60, 61 %, 13 %
2025/08/15 11:42:13.264, 87.63 W, 60, 61 %, 13 %
2025/08/15 11:42:14.269, 88.61 W, 60, 62 %, 14 %
2025/08/15 11:42:15.272, 81.20 W, 60, 61 %, 13 %
2025/08/15 11:42:16.278, 75.87 W, 60, 39 %, 10 %
2025/08/15 11:42:17.282, 88.92 W, 60, 59 %, 13 %
2025/08/15 11:42:18.286, 88.37 W, 60, 62 %, 14 %
2025/08/15 11:42:19.291, 83.01 W, 60, 60 %, 13 %
2025/08/15 11:42:20.296, 94.85 W, 60, 62 %, 14 %
2025/08/15 11:42:21.300, 85.15 W, 60, 60 %, 13 %
2025/08/15 11:42:22.305, 87.43 W, 60, 60 %, 13 %
2025/08/15 11:42:23.309, 79.04 W, 60, 57 %, 13 %
2025/08/15 11:42:24.314, 86.92 W, 60, 61 %, 13 %
2025/08/15 11:42:25.318, 92.78 W, 60, 61 %, 13 %
2025/08/15 11:42:26.323, 85.44 W, 60, 61 %, 13 %
2025/08/15 11:42:27.327, 84.49 W, 60, 61 %, 13 %
2025/08/15 11:42:28.332, 76.32 W, 60, 34 %, 8 %
2025/08/15 11:42:29.336, 90.10 W, 60, 61 %, 13 %
2025/08/15 11:42:30.340, 84.75 W, 60, 61 %, 13 %
2025/08/15 11:42:31.344, 81.97 W, 60, 62 %, 13 %
2025/08/15 11:42:32.351, 87.17 W, 60, 60 %, 13 %
2025/08/15 11:42:33.355, 87.42 W, 60, 60 %, 13 %
2025/08/15 11:42:34.360, 84.46 W, 60, 61 %, 13 %
2025/08/15 11:42:35.364, 95.54 W, 60, 62 %, 14 %
2025/08/15 11:42:36.368, 91.13 W, 60, 62 %, 14 %
2025/08/15 11:42:37.373, 92.37 W, 60, 61 %, 13 %
2025/08/15 11:42:38.377, 93.77 W, 60, 60 %, 13 %
2025/08/15 11:42:39.382, 88.87 W, 60, 61 %, 13 %
2025/08/15 11:42:40.387, 85.89 W, 60, 62 %, 14 %
2025/08/15 11:42:41.391, 74.59 W, 60, 40 %, 10 %
2025/08/15 11:42:42.395, 88.90 W, 60, 61 %, 13 %
2025/08/15 11:42:43.401, 89.34 W, 60, 60 %, 13 %
2025/08/15 11:42:44.405, 86.60 W, 60, 60 %, 13 %
2025/08/15 11:42:45.409, 81.94 W, 60, 62 %, 14 %
2025/08/15 11:42:46.414, 91.59 W, 60, 61 %, 13 %
2025/08/15 11:42:47.419, 89.93 W, 60, 60 %, 13 %
2025/08/15 11:42:48.423, 85.40 W, 60, 61 %, 13 %
2025/08/15 11:42:49.427, 81.47 W, 60, 60 %, 13 %
2025/08/15 11:42:50.432, 85.93 W, 60, 61 %, 13 %
2025/08/15 11:42:51.437, 94.55 W, 60, 61 %, 13 %
2025/08/15 11:42:52.441, 92.62 W, 60, 61 %, 13 %
2025/08/15 11:42:53.445, 75.83 W, 60, 40 %, 10 %
2025/08/15 11:42:54.449, 86.94 W, 60, 57 %, 12 %
2025/08/15 11:42:55.453, 92.88 W, 60, 60 %, 13 %
2025/08/15 11:42:56.457, 88.42 W, 60, 61 %, 13 %
2025/08/15 11:42:57.465, 95.84 W, 60, 61 %, 13 %
2025/08/15 11:42:58.469, 92.37 W, 60, 62 %, 14 %
2025/08/15 11:42:59.474, 92.03 W, 60, 60 %, 13 %
2025/08/15 11:43:00.478, 90.43 W, 60, 61 %, 13 %
2025/08/15 11:43:01.482, 93.61 W, 60, 62 %, 14 %
2025/08/15 11:43:02.487, 87.93 W, 60, 61 %, 13 %
2025/08/15 11:43:03.491, 84.21 W, 60, 62 %, 14 %
2025/08/15 11:43:04.495, 92.62 W, 60, 61 %, 13 %
2025/08/15 11:43:05.499, 93.82 W, 60, 61 %, 13 %
2025/08/15 11:43:06.505, 43.69 W, 60, 41 %, 10 %
2025/08/15 11:43:07.509, 92.86 W, 60, 61 %, 13 %
2025/08/15 11:43:08.513, 88.64 W, 60, 60 %, 13 %
2025/08/15 11:43:09.517, 89.86 W, 60, 60 %, 13 %
2025/08/15 11:43:10.523, 88.17 W, 60, 60 %, 13 %
2025/08/15 11:43:11.527, 92.32 W, 60, 61 %, 13 %
2025/08/15 11:43:12.531, 86.19 W, 60, 61 %, 13 %
2025/08/15 11:43:13.536, 93.07 W, 60, 61 %, 13 %
2025/08/15 11:43:14.541, 90.40 W, 60, 61 %, 13 %
2025/08/15 11:43:15.545, 85.73 W, 60, 60 %, 13 %
2025/08/15 11:43:16.549, 83.50 W, 60, 60 %, 13 %
2025/08/15 11:43:17.554, 86.23 W, 61, 60 %, 13 %
2025/08/15 11:43:18.558, 74.34 W, 60, 40 %, 10 %
2025/08/15 11:43:19.563, 88.45 W, 60, 61 %, 13 %
2025/08/15 11:43:20.567, 84.20 W, 60, 60 %, 13 %
2025/08/15 11:43:21.571, 82.46 W, 60, 60 %, 13 %
2025/08/15 11:43:22.575, 92.41 W, 61, 60 %, 13 %
2025/08/15 11:43:23.579, 80.74 W, 60, 58 %, 13 %
2025/08/15 11:43:24.584, 83.95 W, 60, 55 %, 12 %
2025/08/15 11:43:25.590, 78.22 W, 60, 55 %, 12 %
2025/08/15 11:43:26.594, 84.65 W, 60, 54 %, 12 %
2025/08/15 11:43:27.598, 80.08 W, 60, 55 %, 12 %
2025/08/15 11:43:28.603, 78.02 W, 60, 58 %, 13 %
2025/08/15 11:43:29.608, 83.50 W, 60, 58 %, 13 %
2025/08/15 11:43:30.612, 84.21 W, 60, 59 %, 13 %
2025/08/15 11:43:31.617, 78.60 W, 60, 30 %, 7 %
2025/08/15 11:43:32.621, 89.60 W, 60, 60 %, 13 %
2025/08/15 11:43:33.626, 81.77 W, 60, 58 %, 13 %
2025/08/15 11:43:34.630, 86.92 W, 60, 56 %, 12 %
2025/08/15 11:43:35.635, 82.93 W, 60, 56 %, 12 %
2025/08/15 11:43:36.639, 89.66 W, 60, 54 %, 12 %
2025/08/15 11:43:37.645, 85.92 W, 60, 56 %, 12 %
2025/08/15 11:43:38.649, 92.92 W, 60, 58 %, 13 %
2025/08/15 11:43:39.652, 85.73 W, 60, 55 %, 12 %
2025/08/15 11:43:40.657, 83.47 W, 60, 54 %, 12 %
2025/08/15 11:43:41.661, 82.52 W, 60, 55 %, 12 %
2025/08/15 11:43:42.666, 79.29 W, 60, 56 %, 12 %
2025/08/15 11:43:43.669, 84.69 W, 60, 55 %, 12 %
2025/08/15 11:43:44.675, 89.89 W, 60, 55 %, 12 %
2025/08/15 11:43:45.679, 43.69 W, 60, 38 %, 9 %
2025/08/15 11:43:46.683, 88.10 W, 60, 58 %, 13 %
2025/08/15 11:43:47.687, 85.54 W, 60, 57 %, 12 %
2025/08/15 11:43:48.694, 77.07 W, 60, 54 %, 12 %
2025/08/15 11:43:49.699, 85.10 W, 60, 56 %, 12 %
2025/08/15 11:43:50.703, 89.39 W, 60, 57 %, 12 %
2025/08/15 11:43:51.706, 92.17 W, 60, 55 %, 12 %
2025/08/15 11:43:52.712, 77.31 W, 60, 57 %, 12 %
2025/08/15 11:43:53.716, 81.77 W, 60, 57 %, 13 %
2025/08/15 11:43:54.720, 82.67 W, 60, 55 %, 12 %
2025/08/15 11:43:55.725, 89.83 W, 60, 58 %, 13 %
2025/08/15 11:43:56.729, 91.64 W, 60, 57 %, 13 %
2025/08/15 11:43:57.734, 84.00 W, 60, 57 %, 12 %
2025/08/15 11:43:58.738, 69.39 W, 60, 36 %, 9 %
2025/08/15 11:43:59.743, 84.71 W, 60, 58 %, 13 %
2025/08/15 11:44:00.748, 80.03 W, 60, 58 %, 13 %
2025/08/15 11:44:01.752, 81.53 W, 60, 58 %, 13 %
2025/08/15 11:44:02.757, 83.26 W, 60, 59 %, 13 %
2025/08/15 11:44:03.761, 89.86 W, 60, 59 %, 13 %
2025/08/15 11:44:04.765, 85.93 W, 60, 59 %, 13 %
2025/08/15 11:44:05.770, 81.24 W, 60, 58 %, 13 %
2025/08/15 11:44:06.773, 89.85 W, 60, 61 %, 13 %
2025/08/15 11:44:07.780, 90.55 W, 60, 58 %, 13 %
2025/08/15 11:44:08.784, 84.91 W, 60, 61 %, 13 %
2025/08/15 11:44:09.789, 81.24 W, 60, 57 %, 13 %
2025/08/15 11:44:10.793, 94.40 W, 60, 61 %, 13 %
2025/08/15 11:44:11.798, 68.65 W, 60, 36 %, 9 %
2025/08/15 11:44:12.803, 91.61 W, 60, 57 %, 13 %
2025/08/15 11:44:13.807, 78.27 W, 60, 57 %, 13 %
2025/08/15 11:44:14.810, 83.50 W, 60, 56 %, 12 %
2025/08/15 11:44:15.816, 86.44 W, 60, 58 %, 13 %
2025/08/15 11:44:16.819, 81.60 W, 60, 57 %, 13 %
2025/08/15 11:44:17.824, 82.52 W, 60, 57 %, 13 %
2025/08/15 11:44:18.827, 86.63 W, 60, 56 %, 12 %
2025/08/15 11:44:19.834, 87.14 W, 60, 58 %, 13 %
2025/08/15 11:44:20.837, 80.50 W, 60, 57 %, 13 %
2025/08/15 11:44:21.841, 80.29 W, 60, 53 %, 12 %
2025/08/15 11:44:22.845, 84.75 W, 60, 57 %, 12 %
2025/08/15 11:44:23.850, 90.65 W, 60, 55 %, 12 %
2025/08/15 11:44:24.857, 83.76 W, 60, 56 %, 12 %
2025/08/15 11:44:25.861, 54.33 W, 59, 28 %, 7 %
2025/08/15 11:44:26.866, 82.92 W, 60, 56 %, 12 %
2025/08/15 11:44:27.869, 78.05 W, 60, 58 %, 13 %
2025/08/15 11:44:28.873, 84.25 W, 60, 56 %, 12 %
2025/08/15 11:44:29.878, 83.43 W, 60, 51 %, 11 %
2025/08/15 11:44:30.884, 87.11 W, 60, 54 %, 12 %
2025/08/15 11:44:31.888, 84.95 W, 60, 53 %, 12 %
2025/08/15 11:44:32.892, 83.96 W, 60, 58 %, 13 %
2025/08/15 11:44:33.896, 83.17 W, 60, 60 %, 13 %
2025/08/15 11:44:34.902, 91.38 W, 60, 58 %, 13 %
2025/08/15 11:44:35.906, 86.56 W, 60, 58 %, 13 %
2025/08/15 11:44:36.911, 82.50 W, 60, 59 %, 13 %
2025/08/15 11:44:37.915, 86.68 W, 60, 55 %, 12 %
2025/08/15 11:44:38.920, 73.84 W, 60, 38 %, 10 %
2025/08/15 11:44:39.925, 91.79 W, 60, 57 %, 12 %
2025/08/15 11:44:40.929, 85.00 W, 60, 58 %, 13 %
2025/08/15 11:44:41.933, 84.75 W, 60, 51 %, 11 %
2025/08/15 11:44:42.937, 83.76 W, 60, 57 %, 13 %
2025/08/15 11:44:43.942, 90.37 W, 60, 57 %, 12 %
2025/08/15 11:44:44.946, 81.77 W, 60, 56 %, 12 %
2025/08/15 11:44:45.951, 83.50 W, 60, 56 %, 12 %
2025/08/15 11:44:46.955, 83.41 W, 60, 56 %, 12 %
2025/08/15 11:44:47.959, 92.18 W, 60, 56 %, 12 %
2025/08/15 11:44:48.964, 77.07 W, 60, 56 %, 12 %
2025/08/15 11:44:49.969, 81.47 W, 60, 55 %, 12 %
2025/08/15 11:44:50.973, 79.25 W, 60, 55 %, 12 %
2025/08/15 11:44:51.978, 70.91 W, 59, 40 %, 9 %
2025/08/15 11:44:52.982, 86.18 W, 59, 27 %, 6 %
2025/08/15 11:44:53.988, 88.09 W, 60, 56 %, 12 %
2025/08/15 11:44:54.993, 85.70 W, 60, 56 %, 12 %
2025/08/15 11:44:55.997, 84.66 W, 60, 56 %, 12 %
2025/08/15 11:44:57.001, 87.17 W, 60, 57 %, 13 %
2025/08/15 11:44:58.007, 84.25 W, 60, 53 %, 12 %
2025/08/15 11:44:59.011, 80.54 W, 60, 55 %, 12 %
2025/08/15 11:45:00.016, 83.95 W, 60, 55 %, 12 %
2025/08/15 11:45:01.020, 79.74 W, 60, 57 %, 12 %
2025/08/15 11:45:02.025, 82.19 W, 60, 48 %, 10 %
2025/08/15 11:45:03.029, 91.89 W, 60, 55 %, 12 %
2025/08/15 11:45:04.033, 85.98 W, 60, 56 %, 12 %
2025/08/15 11:45:05.037, 90.73 W, 60, 58 %, 13 %
2025/08/15 11:45:06.043, 75.08 W, 59, 39 %, 10 %
2025/08/15 11:45:07.048, 89.62 W, 60, 56 %, 12 %
2025/08/15 11:45:08.051, 90.61 W, 60, 56 %, 12 %
2025/08/15 11:45:09.055, 88.86 W, 60, 57 %, 13 %
2025/08/15 11:45:10.060, 84.46 W, 60, 55 %, 12 %
2025/08/15 11:45:11.064, 84.44 W, 60, 57 %, 13 %
2025/08/15 11:45:12.069, 92.91 W, 60, 55 %, 12 %
2025/08/15 11:45:13.074, 80.71 W, 60, 55 %, 12 %
2025/08/15 11:45:14.078, 90.68 W, 60, 57 %, 13 %
2025/08/15 11:45:15.083, 85.20 W, 60, 57 %, 13 %
2025/08/15 11:45:16.087, 84.69 W, 60, 56 %, 12 %
2025/08/15 11:45:17.094, 88.41 W, 60, 58 %, 13 %
2025/08/15 11:45:18.098, 91.19 W, 60, 56 %, 12 %
2025/08/15 11:45:19.102, 78.06 W, 60, 39 %, 8 %
2025/08/15 11:45:20.107, 84.69 W, 60, 44 %, 10 %
2025/08/15 11:45:21.112, 86.15 W, 60, 57 %, 12 %
2025/08/15 11:45:22.117, 88.46 W, 60, 55 %, 12 %
2025/08/15 11:45:23.121, 88.90 W, 60, 56 %, 12 %
2025/08/15 11:45:24.125, 85.39 W, 60, 56 %, 12 %
2025/08/15 11:45:25.130, 90.43 W, 60, 56 %, 12 %
2025/08/15 11:45:26.134, 87.43 W, 60, 58 %, 13 %
2025/08/15 11:45:27.138, 82.19 W, 60, 57 %, 13 %
2025/08/15 11:45:28.143, 81.97 W, 60, 58 %, 13 %
2025/08/15 11:45:29.149, 81.03 W, 60, 56 %, 12 %
2025/08/15 11:45:30.153, 85.90 W, 60, 57 %, 13 %
2025/08/15 11:45:31.157, 82.49 W, 60, 55 %, 12 %
2025/08/15 11:45:32.161, 82.81 W, 60, 56 %, 12 %
2025/08/15 11:45:33.166, 72.15 W, 59, 36 %, 9 %
2025/08/15 11:45:34.170, 81.26 W, 60, 55 %, 12 %
2025/08/15 11:45:35.175, 85.24 W, 60, 55 %, 12 %
2025/08/15 11:45:36.180, 78.55 W, 60, 57 %, 12 %
2025/08/15 11:45:37.185, 79.75 W, 60, 58 %, 13 %
2025/08/15 11:45:38.190, 86.44 W, 60, 57 %, 12 %
2025/08/15 11:45:39.194, 87.39 W, 60, 57 %, 13 %
2025/08/15 11:45:40.197, 83.67 W, 60, 56 %, 12 %
2025/08/15 11:45:41.202, 85.94 W, 60, 58 %, 13 %
2025/08/15 11:45:42.205, 85.49 W, 60, 57 %, 13 %
2025/08/15 11:45:43.209, 77.80 W, 60, 59 %, 13 %
2025/08/15 11:45:44.216, 90.16 W, 60, 57 %, 12 %
2025/08/15 11:45:45.221, 92.82 W, 60, 56 %, 12 %
2025/08/15 11:45:46.225, 74.09 W, 60, 37 %, 9 %
2025/08/15 11:45:47.230, 85.16 W, 60, 58 %, 13 %
2025/08/15 11:45:48.235, 87.71 W, 60, 57 %, 13 %
2025/08/15 11:45:49.238, 78.05 W, 60, 57 %, 13 %
2025/08/15 11:45:50.242, 79.01 W, 60, 58 %, 13 %
2025/08/15 11:45:51.247, 86.23 W, 60, 57 %, 12 %
2025/08/15 11:45:52.254, 80.53 W, 60, 56 %, 12 %
2025/08/15 11:45:53.258, 88.63 W, 60, 57 %, 12 %
2025/08/15 11:45:54.262, 84.49 W, 60, 54 %, 12 %
2025/08/15 11:45:55.266, 90.24 W, 60, 55 %, 12 %
2025/08/15 11:45:56.270, 85.10 W, 60, 55 %, 12 %
2025/08/15 11:45:57.275, 75.58 W, 60, 55 %, 12 %
2025/08/15 11:45:58.278, 89.07 W, 60, 54 %, 12 %
2025/08/15 11:45:59.283, 46.92 W, 60, 47 %, 10 %
2025/08/15 11:46:00.288, 84.00 W, 59, 20 %, 5 %
2025/08/15 11:46:01.291, 85.44 W, 60, 57 %, 12 %
2025/08/15 11:46:02.296, 81.24 W, 60, 55 %, 12 %
2025/08/15 11:46:03.303, 78.06 W, 60, 55 %, 12 %
2025/08/15 11:46:04.307, 75.83 W, 60, 54 %, 12 %
2025/08/15 11:46:05.311, 84.21 W, 60, 51 %, 11 %
2025/08/15 11:46:06.314, 77.03 W, 60, 55 %, 12 %
2025/08/15 11:46:07.322, 81.23 W, 60, 54 %, 12 %
2025/08/15 11:46:08.325, 81.28 W, 60, 55 %, 12 %
2025/08/15 11:46:09.330, 81.43 W, 60, 55 %, 12 %
2025/08/15 11:46:10.333, 80.54 W, 60, 52 %, 11 %
2025/08/15 11:46:11.338, 78.55 W, 60, 51 %, 11 %
2025/08/15 11:46:12.343, 78.10 W, 60, 56 %, 12 %
2025/08/15 11:46:13.347, 61.53 W, 60, 55 %, 12 %
2025/08/15 11:46:14.351, 91.18 W, 59, 24 %, 6 %
2025/08/15 11:46:15.354, 81.72 W, 60, 57 %, 13 %
2025/08/15 11:46:16.358, 84.99 W, 60, 57 %, 12 %
2025/08/15 11:46:17.363, 86.18 W, 60, 56 %, 12 %
2025/08/15 11:46:18.369, 82.76 W, 60, 57 %, 12 %
2025/08/15 11:46:19.373, 87.88 W, 60, 57 %, 12 %
2025/08/15 11:46:20.378, 82.46 W, 60, 57 %, 12 %
2025/08/15 11:46:21.382, 81.53 W, 60, 57 %, 12 %
2025/08/15 11:46:22.388, 88.37 W, 60, 57 %, 12 %
2025/08/15 11:46:23.391, 83.96 W, 60, 57 %, 12 %
2025/08/15 11:46:24.396, 82.76 W, 60, 58 %, 13 %
2025/08/15 11:46:25.400, 83.22 W, 60, 56 %, 12 %
2025/08/15 11:46:26.406, 82.48 W, 60, 57 %, 12 %
2025/08/15 11:46:27.410, 73.60 W, 59, 37 %, 9 %
2025/08/15 11:46:28.414, 79.75 W, 60, 58 %, 13 %
2025/08/15 11:46:29.418, 89.44 W, 60, 55 %, 12 %
2025/08/15 11:46:30.424, 85.00 W, 60, 56 %, 12 %
2025/08/15 11:46:31.429, 80.00 W, 60, 55 %, 12 %
2025/08/15 11:46:32.432, 87.68 W, 60, 56 %, 12 %
2025/08/15 11:46:33.436, 86.63 W, 60, 57 %, 12 %
2025/08/15 11:46:34.441, 75.33 W, 60, 56 %, 12 %
2025/08/15 11:46:35.445, 90.16 W, 60, 55 %, 12 %
2025/08/15 11:46:36.449, 85.16 W, 60, 58 %, 13 %
2025/08/15 11:46:37.453, 77.06 W, 60, 52 %, 11 %
2025/08/15 11:46:38.457, 88.86 W, 60, 55 %, 12 %
2025/08/15 11:46:39.461, 85.98 W, 60, 58 %, 13 %
2025/08/15 11:46:40.466, 53.12 W, 59, 56 %, 12 %
2025/08/15 11:46:41.473, 88.69 W, 59, 29 %, 7 %
2025/08/15 11:46:42.478, 91.42 W, 60, 56 %, 12 %
2025/08/15 11:46:43.482, 85.68 W, 60, 57 %, 13 %
2025/08/15 11:46:44.486, 88.45 W, 60, 55 %, 12 %
2025/08/15 11:46:45.492, 82.00 W, 60, 57 %, 13 %
2025/08/15 11:46:46.496, 89.69 W, 60, 56 %, 12 %
2025/08/15 11:46:47.500, 79.75 W, 60, 58 %, 13 %
2025/08/15 11:46:48.504, 84.00 W, 60, 56 %, 12 %
2025/08/15 11:46:49.509, 80.54 W, 60, 58 %, 13 %
2025/08/15 11:46:50.514, 79.09 W, 60, 58 %, 13 %
2025/08/15 11:46:51.518, 82.27 W, 60, 57 %, 12 %
2025/08/15 11:46:52.522, 84.94 W, 60, 56 %, 12 %
2025/08/15 11:46:53.528, 87.38 W, 60, 58 %, 13 %
2025/08/15 11:46:54.533, 78.55 W, 60, 38 %, 9 %
2025/08/15 11:46:55.537, 80.28 W, 60, 57 %, 12 %
2025/08/15 11:46:56.541, 83.70 W, 60, 58 %, 13 %
2025/08/15 11:46:57.547, 82.30 W, 60, 58 %, 13 %
2025/08/15 11:46:58.551, 88.41 W, 60, 58 %, 13 %
2025/08/15 11:46:59.555, 84.46 W, 60, 58 %, 13 %
2025/08/15 11:47:00.560, 85.94 W, 60, 58 %, 13 %
2025/08/15 11:47:01.564, 90.35 W, 60, 58 %, 13 %
2025/08/15 11:47:02.569, 77.31 W, 60, 59 %, 13 %
2025/08/15 11:47:03.573, 90.16 W, 60, 59 %, 13 %
2025/08/15 11:47:04.579, 90.35 W, 60, 58 %, 13 %
2025/08/15 11:47:05.583, 83.95 W, 60, 59 %, 13 %
2025/08/15 11:47:06.588, 90.14 W, 60, 57 %, 13 %
2025/08/15 11:47:07.592, 76.57 W, 59, 38 %, 10 %
2025/08/15 11:47:08.597, 77.07 W, 59, 56 %, 12 %
2025/08/15 11:47:09.602, 75.58 W, 60, 52 %, 11 %
2025/08/15 11:47:10.607, 83.22 W, 60, 57 %, 12 %
2025/08/15 11:47:11.611, 89.17 W, 60, 58 %, 13 %
2025/08/15 11:47:12.615, 85.00 W, 60, 58 %, 13 %
2025/08/15 11:47:13.620, 82.28 W, 60, 58 %, 13 %
2025/08/15 11:47:14.623, 85.94 W, 60, 58 %, 13 %
2025/08/15 11:47:15.628, 90.48 W, 60, 57 %, 13 %
2025/08/15 11:47:16.633, 81.19 W, 60, 58 %, 13 %
2025/08/15 11:47:17.638, 85.72 W, 60, 57 %, 13 %
2025/08/15 11:47:18.642, 83.18 W, 60, 57 %, 12 %
2025/08/15 11:47:19.646, 87.87 W, 60, 58 %, 13 %
2025/08/15 11:47:20.652, 72.36 W, 59, 37 %, 8 %
2025/08/15 11:47:21.656, 82.95 W, 59, 51 %, 11 %
2025/08/15 11:47:22.661, 89.82 W, 60, 55 %, 12 %
2025/08/15 11:47:23.665, 88.10 W, 60, 57 %, 13 %
2025/08/15 11:47:24.669, 88.87 W, 60, 58 %, 13 %
2025/08/15 11:47:25.674, 91.18 W, 60, 58 %, 13 %
2025/08/15 11:47:26.678, 87.45 W, 60, 57 %, 12 %
2025/08/15 11:47:27.683, 83.01 W, 60, 57 %, 12 %
2025/08/15 11:47:28.687, 87.34 W, 60, 58 %, 13 %
2025/08/15 11:47:29.692, 83.01 W, 60, 58 %, 13 %
2025/08/15 11:47:30.696, 90.64 W, 60, 59 %, 13 %
2025/08/15 11:47:31.702, 91.18 W, 60, 58 %, 13 %
2025/08/15 11:47:32.706, 83.45 W, 60, 57 %, 12 %
2025/08/15 11:47:33.711, 81.53 W, 60, 58 %, 13 %
2025/08/15 11:47:34.714, 81.52 W, 59, 38 %, 9 %
2025/08/15 11:47:35.720, 90.37 W, 60, 57 %, 12 %
2025/08/15 11:47:36.724, 81.73 W, 60, 58 %, 13 %
2025/08/15 11:47:37.728, 82.71 W, 60, 56 %, 12 %
2025/08/15 11:47:38.733, 83.18 W, 60, 58 %, 13 %
2025/08/15 11:47:39.738, 91.63 W, 60, 59 %, 13 %
2025/08/15 11:47:40.741, 79.75 W, 60, 55 %, 12 %
2025/08/15 11:47:41.745, 74.58 W, 60, 51 %, 11 %
2025/08/15 11:47:42.751, 87.93 W, 60, 58 %, 13 %
2025/08/15 11:47:43.758, 84.21 W, 60, 55 %, 12 %
2025/08/15 11:47:44.762, 80.05 W, 60, 56 %, 12 %
2025/08/15 11:47:45.767, 74.33 W, 60, 56 %, 12 %
2025/08/15 11:47:46.771, 83.50 W, 60, 59 %, 13 %
2025/08/15 11:47:47.776, 75.34 W, 59, 40 %, 10 %
2025/08/15 11:47:48.780, 85.45 W, 60, 61 %, 13 %
2025/08/15 11:47:49.784, 87.38 W, 60, 58 %, 13 %
2025/08/15 11:47:50.789, 85.20 W, 60, 60 %, 13 %
2025/08/15 11:47:51.792, 82.80 W, 60, 58 %, 13 %
2025/08/15 11:47:52.797, 82.44 W, 60, 59 %, 13 %
2025/08/15 11:47:53.801, 83.67 W, 60, 60 %, 13 %
2025/08/15 11:47:54.806, 81.98 W, 60, 59 %, 13 %
2025/08/15 11:47:55.811, 90.14 W, 60, 60 %, 13 %
2025/08/15 11:47:56.815, 88.16 W, 60, 61 %, 13 %
2025/08/15 11:47:57.819, 85.48 W, 60, 60 %, 13 %
2025/08/15 11:47:58.824, 90.10 W, 60, 58 %, 13 %
2025/08/15 11:47:59.828, 90.39 W, 60, 59 %, 13 %
2025/08/15 11:48:00.833, 84.94 W, 60, 34 %, 7 %
2025/08/15 11:48:01.836, 80.27 W, 60, 56 %, 12 %
2025/08/15 11:48:02.841, 86.72 W, 60, 60 %, 13 %
2025/08/15 11:48:03.845, 81.02 W, 60, 59 %, 13 %
2025/08/15 11:48:04.849, 91.82 W, 60, 60 %, 13 %
2025/08/15 11:48:05.854, 85.44 W, 60, 61 %, 13 %
2025/08/15 11:48:06.858, 85.93 W, 60, 60 %, 13 %
2025/08/15 11:48:07.862, 86.73 W, 60, 60 %, 13 %
2025/08/15 11:48:08.867, 90.33 W, 60, 61 %, 13 %
2025/08/15 11:48:09.874, 81.98 W, 60, 61 %, 13 %
2025/08/15 11:48:10.878, 85.20 W, 60, 60 %, 13 %
2025/08/15 11:48:11.883, 81.23 W, 60, 50 %, 11 %
2025/08/15 11:48:12.886, 70.42 W, 59, 20 %, 5 %
2025/08/15 11:48:13.892, 90.62 W, 59, 41 %, 9 %
2025/08/15 11:48:14.896, 79.99 W, 60, 56 %, 12 %
2025/08/15 11:48:15.900, 82.26 W, 60, 57 %, 13 %
2025/08/15 11:48:16.905, 85.64 W, 60, 57 %, 13 %
2025/08/15 11:48:17.911, 91.34 W, 60, 58 %, 13 %
2025/08/15 11:48:18.915, 88.60 W, 60, 57 %, 13 %
2025/08/15 11:48:19.919, 91.13 W, 60, 58 %, 13 %
2025/08/15 11:48:20.924, 88.40 W, 60, 57 %, 12 %
2025/08/15 11:48:21.928, 84.20 W, 60, 51 %, 11 %
2025/08/15 11:48:22.933, 87.93 W, 60, 58 %, 13 %
2025/08/15 11:48:23.937, 77.81 W, 60, 56 %, 12 %
2025/08/15 11:48:24.942, 87.59 W, 60, 58 %, 13 %
2025/08/15 11:48:25.947, 91.42 W, 60, 58 %, 13 %
2025/08/15 11:48:26.951, 43.69 W, 59, 36 %, 9 %
2025/08/15 11:48:27.955, 82.96 W, 60, 56 %, 12 %
2025/08/15 11:48:28.959, 83.51 W, 60, 58 %, 13 %
2025/08/15 11:48:29.963, 80.24 W, 60, 59 %, 13 %
2025/08/15 11:48:30.967, 91.38 W, 60, 60 %, 13 %
2025/08/15 11:48:31.971, 86.89 W, 60, 55 %, 12 %
2025/08/15 11:48:32.978, 83.47 W, 60, 60 %, 13 %
2025/08/15 11:48:33.981, 86.14 W, 60, 60 %, 13 %
2025/08/15 11:48:34.985, 92.67 W, 60, 62 %, 14 %
2025/08/15 11:48:35.990, 84.46 W, 60, 61 %, 13 %
2025/08/15 11:48:36.995, 82.06 W, 60, 61 %, 13 %
2025/08/15 11:48:37.999, 92.13 W, 60, 59 %, 13 %
2025/08/15 11:48:39.004, 72.86 W, 60, 42 %, 9 %
2025/08/15 11:48:40.008, 82.72 W, 60, 60 %, 13 %
2025/08/15 11:48:41.013, 86.43 W, 60, 61 %, 13 %
2025/08/15 11:48:42.018, 90.39 W, 60, 57 %, 12 %
2025/08/15 11:48:43.022, 78.06 W, 60, 60 %, 13 %
2025/08/15 11:48:44.026, 91.37 W, 60, 57 %, 13 %
2025/08/15 11:48:45.032, 82.48 W, 60, 58 %, 13 %
2025/08/15 11:48:46.035, 91.33 W, 60, 60 %, 13 %
2025/08/15 11:48:47.040, 93.41 W, 60, 60 %, 13 %
2025/08/15 11:48:48.044, 87.23 W, 60, 60 %, 13 %
2025/08/15 11:48:49.051, 90.62 W, 60, 61 %, 13 %
2025/08/15 11:48:50.056, 89.85 W, 60, 60 %, 13 %
2025/08/15 11:48:51.059, 85.94 W, 60, 60 %, 13 %
2025/08/15 11:48:52.063, 76.32 W, 60, 39 %, 10 %
2025/08/15 11:48:53.068, 82.46 W, 60, 60 %, 13 %
2025/08/15 11:48:54.071, 89.15 W, 60, 60 %, 13 %
2025/08/15 11:48:55.075, 89.40 W, 60, 60 %, 13 %
2025/08/15 11:48:56.080, 90.64 W, 60, 60 %, 13 %
2025/08/15 11:48:57.084, 88.41 W, 60, 61 %, 13 %
2025/08/15 11:48:58.089, 88.25 W, 60, 59 %, 13 %
2025/08/15 11:48:59.093, 87.43 W, 60, 60 %, 13 %
2025/08/15 11:49:00.099, 82.67 W, 60, 59 %, 13 %
2025/08/15 11:49:01.104, 92.33 W, 60, 60 %, 13 %
2025/08/15 11:49:02.108, 90.14 W, 60, 60 %, 13 %
2025/08/15 11:49:03.113, 86.97 W, 60, 60 %, 13 %
2025/08/15 11:49:04.118, 89.61 W, 60, 59 %, 13 %
2025/08/15 11:49:05.122, 65.22 W, 60, 40 %, 10 %
2025/08/15 11:49:06.126, 89.21 W, 60, 61 %, 13 %
2025/08/15 11:49:07.130, 85.73 W, 60, 61 %, 13 %
2025/08/15 11:49:08.135, 91.89 W, 60, 61 %, 13 %
2025/08/15 11:49:09.140, 92.41 W, 60, 60 %, 13 %
2025/08/15 11:49:10.143, 91.84 W, 60, 60 %, 13 %
2025/08/15 11:49:11.147, 77.31 W, 60, 62 %, 14 %
2025/08/15 11:49:12.154, 89.11 W, 60, 60 %, 13 %
2025/08/15 11:49:13.159, 90.38 W, 60, 60 %, 13 %
2025/08/15 11:49:14.162, 76.78 W, 60, 60 %, 13 %
2025/08/15 11:49:15.166, 89.17 W, 60, 61 %, 13 %
2025/08/15 11:49:16.171, 86.92 W, 60, 54 %, 12 %
2025/08/15 11:49:17.175, 74.59 W, 60, 53 %, 11 %
2025/08/15 11:49:18.179, 87.71 W, 60, 46 %, 10 %
2025/08/15 11:49:19.184, 88.70 W, 60, 60 %, 13 %
2025/08/15 11:49:20.188, 82.44 W, 60, 59 %, 13 %
2025/08/15 11:49:21.193, 92.54 W, 60, 60 %, 13 %
2025/08/15 11:49:22.197, 85.68 W, 60, 60 %, 13 %
2025/08/15 11:49:23.202, 86.15 W, 60, 59 %, 13 %
2025/08/15 11:49:24.207, 90.64 W, 60, 60 %, 13 %
2025/08/15 11:49:25.211, 88.29 W, 60, 61 %, 13 %
2025/08/15 11:49:26.215, 88.90 W, 60, 61 %, 14 %
2025/08/15 11:49:27.220, 86.43 W, 60, 61 %, 13 %
2025/08/15 11:49:28.225, 95.05 W, 60, 61 %, 13 %
2025/08/15 11:49:29.229, 89.21 W, 60, 60 %, 13 %
2025/08/15 11:49:30.233, 73.35 W, 60, 41 %, 10 %
2025/08/15 11:49:31.238, 94.30 W, 60, 60 %, 13 %
2025/08/15 11:49:32.243, 90.35 W, 60, 59 %, 13 %
2025/08/15 11:49:33.247, 85.19 W, 60, 60 %, 13 %
2025/08/15 11:49:34.251, 88.42 W, 60, 60 %, 13 %
2025/08/15 11:49:35.256, 91.35 W, 60, 60 %, 13 %
2025/08/15 11:49:36.262, 86.89 W, 60, 60 %, 13 %
2025/08/15 11:49:37.266, 90.64 W, 60, 60 %, 13 %
2025/08/15 11:49:38.271, 95.40 W, 60, 60 %, 13 %
2025/08/15 11:49:39.275, 89.15 W, 60, 60 %, 13 %
2025/08/15 11:49:40.279, 89.74 W, 60, 61 %, 13 %
2025/08/15 11:49:41.284, 80.26 W, 60, 62 %, 14 %
2025/08/15 11:49:42.288, 90.64 W, 60, 61 %, 13 %
2025/08/15 11:49:43.292, 81.49 W, 60, 31 %, 8 %
2025/08/15 11:49:44.296, 90.16 W, 60, 61 %, 13 %
2025/08/15 11:49:45.301, 93.61 W, 60, 62 %, 14 %
2025/08/15 11:49:46.306, 85.44 W, 60, 60 %, 13 %
2025/08/15 11:49:47.309, 86.89 W, 60, 62 %, 14 %
2025/08/15 11:49:48.313, 82.02 W, 60, 57 %, 13 %
2025/08/15 11:49:49.318, 84.44 W, 60, 59 %, 13 %
2025/08/15 11:49:50.324, 89.91 W, 60, 60 %, 13 %
2025/08/15 11:49:51.327, 82.48 W, 60, 60 %, 13 %
2025/08/15 11:49:52.331, 88.62 W, 60, 60 %, 13 %
2025/08/15 11:49:53.335, 81.98 W, 60, 59 %, 13 %
2025/08/15 11:49:54.342, 87.47 W, 60, 61 %, 13 %
2025/08/15 11:49:55.346, 72.11 W, 60, 38 %, 10 %
2025/08/15 11:49:56.351, 93.26 W, 60, 60 %, 13 %
2025/08/15 11:49:57.355, 93.13 W, 60, 59 %, 13 %
2025/08/15 11:49:58.359, 82.76 W, 60, 61 %, 13 %
2025/08/15 11:49:59.364, 83.76 W, 60, 60 %, 13 %
2025/08/15 11:50:00.368, 90.10 W, 60, 59 %, 13 %
2025/08/15 11:50:01.372, 85.69 W, 60, 59 %, 13 %
2025/08/15 11:50:02.377, 91.42 W, 60, 60 %, 13 %
2025/08/15 11:50:03.381, 92.08 W, 60, 60 %, 13 %
2025/08/15 11:50:04.385, 91.93 W, 60, 61 %, 13 %
2025/08/15 11:50:05.391, 90.35 W, 60, 60 %, 13 %
2025/08/15 11:50:06.396, 85.40 W, 60, 60 %, 13 %
2025/08/15 11:50:07.400, 85.24 W, 60, 59 %, 13 %
2025/08/15 11:50:08.404, 73.84 W, 60, 40 %, 10 %
2025/08/15 11:50:09.409, 89.12 W, 60, 60 %, 13 %
2025/08/15 11:50:10.413, 90.40 W, 60, 60 %, 13 %
2025/08/15 11:50:11.418, 93.62 W, 60, 55 %, 12 %
2025/08/15 11:50:12.422, 88.61 W, 60, 58 %, 13 %
2025/08/15 11:50:13.427, 85.20 W, 60, 56 %, 12 %
2025/08/15 11:50:14.431, 73.89 W, 60, 56 %, 12 %
2025/08/15 11:50:15.436, 84.20 W, 60, 56 %, 12 %
2025/08/15 11:50:16.439, 79.84 W, 60, 56 %, 12 %
2025/08/15 11:50:17.445, 84.24 W, 60, 58 %, 13 %
2025/08/15 11:50:18.449, 83.91 W, 60, 55 %, 12 %
2025/08/15 11:50:19.454, 84.46 W, 60, 53 %, 11 %
2025/08/15 11:50:20.458, 75.05 W, 60, 55 %, 12 %
2025/08/15 11:50:21.462, 76.82 W, 60, 36 %, 9 %
2025/08/15 11:50:22.466, 46.17 W, 59, 22 %, 1 %
2025/08/15 11:50:23.469, 45.93 W, 59, 23 %, 1 %
2025/08/15 11:50:24.477, 39.00 W, 58, 23 %, 1 %
2025/08/15 11:50:25.482, 39.49 W, 58, 25 %, 1 %
2025/08/15 11:50:26.485, 39.72 W, 58, 26 %, 1 %
2025/08/15 11:50:27.489, 39.49 W, 58, 25 %, 1 %
2025/08/15 11:50:28.495, 39.22 W, 57, 24 %, 1 %
2025/08/15 11:50:29.499, 39.00 W, 57, 25 %, 1 %
2025/08/15 11:50:30.504, 39.24 W, 57, 25 %, 1 %
2025/08/15 11:50:31.507, 39.47 W, 57, 25 %, 1 %
2025/08/15 11:50:32.512, 39.00 W, 57, 26 %, 1 %
2025/08/15 11:50:33.517, 39.00 W, 57, 25 %, 1 %
2025/08/15 11:50:34.521, 39.47 W, 57, 25 %, 1 %
2025/08/15 11:50:35.525, 39.22 W, 57, 25 %, 1 %
2025/08/15 11:50:36.530, 39.00 W, 56, 26 %, 1 %
2025/08/15 11:50:37.534, 39.00 W, 56, 25 %, 1 %
2025/08/15 11:50:38.539, 39.00 W, 56, 25 %, 1 %
2025/08/15 11:50:39.543, 39.74 W, 56, 32 %, 2 %
2025/08/15 11:50:40.550, 39.72 W, 56, 33 %, 2 %
2025/08/15 11:50:41.554, 39.72 W, 56, 31 %, 2 %
2025/08/15 11:50:42.559, 39.99 W, 56, 33 %, 2 %
2025/08/15 11:50:43.562, 39.74 W, 56, 31 %, 2 %
2025/08/15 11:50:44.566, 39.22 W, 55, 31 %, 2 %
2025/08/15 11:50:45.570, 39.72 W, 55, 32 %, 2 %
2025/08/15 11:50:46.575, 39.97 W, 55, 32 %, 2 %
2025/08/15 11:50:47.579, 39.49 W, 55, 31 %, 2 %
2025/08/15 11:50:48.583, 39.47 W, 55, 32 %, 2 %
2025/08/15 11:50:49.588, 39.99 W, 55, 33 %, 2 %
2025/08/15 11:50:50.591, 35.77 W, 55, 0 %, 0 %
2025/08/15 11:50:51.595, 35.77 W, 54, 0 %, 0 %
2025/08/15 11:50:52.600, 35.77 W, 54, 0 %, 0 %
