2025/08/16 02:48:57.022, 37.41 W, 57, 0 %, 0 %
2025/08/16 02:48:58.025, 37.90 W, 57, 0 %, 0 %
2025/08/16 02:48:59.028, 37.41 W, 57, 0 %, 0 %
2025/08/16 02:49:00.033, 37.16 W, 56, 0 %, 0 %
2025/08/16 02:49:01.037, 84.94 W, 57, 57 %, 11 %
2025/08/16 02:49:02.042, 88.18 W, 58, 59 %, 11 %
2025/08/16 02:49:03.046, 84.96 W, 58, 59 %, 11 %
2025/08/16 02:49:04.051, 80.06 W, 58, 58 %, 11 %
2025/08/16 02:49:05.054, 43.83 W, 58, 59 %, 11 %
2025/08/16 02:49:06.059, 86.14 W, 58, 38 %, 7 %
2025/08/16 02:49:07.062, 89.39 W, 58, 58 %, 11 %
2025/08/16 02:49:08.065, 81.74 W, 58, 58 %, 11 %
2025/08/16 02:49:09.068, 78.10 W, 58, 58 %, 11 %
2025/08/16 02:49:10.073, 84.52 W, 58, 59 %, 11 %
2025/08/16 02:49:11.076, 83.21 W, 58, 59 %, 11 %
2025/08/16 02:49:12.082, 84.89 W, 58, 59 %, 11 %
2025/08/16 02:49:13.086, 88.17 W, 58, 59 %, 11 %
2025/08/16 02:49:14.091, 81.43 W, 58, 59 %, 11 %
2025/08/16 02:49:15.095, 87.93 W, 58, 60 %, 11 %
2025/08/16 02:49:16.100, 86.98 W, 58, 59 %, 11 %
2025/08/16 02:49:17.103, 88.63 W, 58, 59 %, 11 %
2025/08/16 02:49:18.107, 85.51 W, 58, 59 %, 11 %
2025/08/16 02:49:19.112, 83.94 W, 58, 59 %, 11 %
2025/08/16 02:49:20.118, 89.71 W, 58, 59 %, 11 %
2025/08/16 02:49:21.123, 87.53 W, 58, 59 %, 11 %
2025/08/16 02:49:22.127, 84.71 W, 58, 59 %, 11 %
2025/08/16 02:49:23.131, 84.72 W, 58, 57 %, 11 %
2025/08/16 02:49:24.138, 91.14 W, 58, 58 %, 11 %
2025/08/16 02:49:25.141, 53.97 W, 58, 59 %, 11 %
2025/08/16 02:49:26.145, 83.95 W, 58, 59 %, 11 %
2025/08/16 02:49:27.150, 84.52 W, 58, 58 %, 11 %
2025/08/16 02:49:28.153, 83.29 W, 58, 58 %, 11 %
2025/08/16 02:49:29.160, 76.81 W, 58, 59 %, 11 %
2025/08/16 02:49:30.164, 74.65 W, 58, 59 %, 11 %
2025/08/16 02:49:31.168, 79.53 W, 58, 58 %, 11 %
2025/08/16 02:49:32.173, 83.92 W, 58, 58 %, 11 %
2025/08/16 02:49:33.176, 84.73 W, 58, 58 %, 11 %
2025/08/16 02:49:34.180, 88.67 W, 58, 59 %, 11 %
2025/08/16 02:49:35.186, 73.65 W, 57, 44 %, 8 %
2025/08/16 02:49:36.191, 83.77 W, 58, 58 %, 11 %
2025/08/16 02:49:37.195, 82.99 W, 58, 58 %, 11 %
2025/08/16 02:49:38.199, 77.56 W, 58, 59 %, 11 %
2025/08/16 02:49:39.205, 90.39 W, 58, 59 %, 11 %
2025/08/16 02:49:40.209, 78.08 W, 57, 37 %, 8 %
2025/08/16 02:49:41.213, 83.44 W, 58, 59 %, 11 %
2025/08/16 02:49:42.218, 77.85 W, 58, 58 %, 11 %
2025/08/16 02:49:43.224, 81.31 W, 58, 59 %, 11 %
2025/08/16 02:49:44.228, 84.02 W, 57, 59 %, 11 %
2025/08/16 02:49:45.231, 83.33 W, 57, 35 %, 7 %
2025/08/16 02:49:46.236, 83.74 W, 58, 59 %, 11 %
2025/08/16 02:49:47.243, 90.36 W, 57, 59 %, 11 %
2025/08/16 02:49:48.246, 79.70 W, 57, 59 %, 11 %
2025/08/16 02:49:49.250, 83.25 W, 58, 59 %, 11 %
2025/08/16 02:49:50.253, 80.76 W, 57, 47 %, 9 %
2025/08/16 02:49:51.258, 87.47 W, 57, 60 %, 11 %
2025/08/16 02:49:52.262, 89.85 W, 57, 59 %, 11 %
2025/08/16 02:49:53.265, 80.28 W, 58, 57 %, 11 %
2025/08/16 02:49:54.268, 88.79 W, 58, 58 %, 11 %
2025/08/16 02:49:55.273, 85.38 W, 57, 59 %, 11 %
2025/08/16 02:49:56.276, 83.93 W, 57, 59 %, 11 %
2025/08/16 02:49:57.279, 85.02 W, 58, 58 %, 11 %
2025/08/16 02:49:58.282, 84.19 W, 57, 59 %, 11 %
2025/08/16 02:49:59.286, 87.39 W, 57, 59 %, 11 %
2025/08/16 02:50:00.291, 88.97 W, 57, 59 %, 11 %
2025/08/16 02:50:01.294, 83.23 W, 57, 58 %, 11 %
2025/08/16 02:50:02.298, 85.26 W, 57, 59 %, 11 %
2025/08/16 02:50:03.301, 87.89 W, 57, 59 %, 11 %
2025/08/16 02:50:04.308, 81.96 W, 57, 59 %, 11 %
2025/08/16 02:50:05.312, 85.96 W, 57, 59 %, 11 %
2025/08/16 02:50:06.315, 88.23 W, 57, 58 %, 11 %
2025/08/16 02:50:07.320, 89.94 W, 57, 59 %, 11 %
2025/08/16 02:50:08.324, 82.00 W, 57, 59 %, 11 %
2025/08/16 02:50:09.327, 89.94 W, 57, 58 %, 11 %
2025/08/16 02:50:10.330, 85.74 W, 57, 59 %, 11 %
2025/08/16 02:50:11.334, 84.47 W, 57, 59 %, 11 %
2025/08/16 02:50:12.339, 82.95 W, 57, 59 %, 11 %
2025/08/16 02:50:13.342, 87.64 W, 57, 59 %, 11 %
2025/08/16 02:50:14.345, 52.71 W, 57, 59 %, 11 %
2025/08/16 02:50:15.349, 80.61 W, 57, 59 %, 11 %
2025/08/16 02:50:16.353, 88.42 W, 57, 59 %, 11 %
2025/08/16 02:50:17.357, 87.64 W, 57, 59 %, 11 %
2025/08/16 02:50:18.360, 93.90 W, 57, 58 %, 11 %
2025/08/16 02:50:19.364, 78.05 W, 57, 42 %, 8 %
2025/08/16 02:50:20.367, 88.34 W, 57, 58 %, 11 %
2025/08/16 02:50:21.371, 86.46 W, 57, 58 %, 11 %
2025/08/16 02:50:22.375, 79.54 W, 57, 58 %, 11 %
2025/08/16 02:50:23.378, 83.00 W, 57, 59 %, 11 %
2025/08/16 02:50:24.381, 77.11 W, 57, 36 %, 7 %
2025/08/16 02:50:25.385, 79.03 W, 57, 58 %, 11 %
2025/08/16 02:50:26.389, 87.64 W, 57, 59 %, 11 %
2025/08/16 02:50:27.393, 88.14 W, 57, 58 %, 11 %
2025/08/16 02:50:28.397, 84.23 W, 57, 59 %, 11 %
2025/08/16 02:50:29.400, 72.66 W, 57, 46 %, 10 %
2025/08/16 02:50:30.405, 88.88 W, 57, 59 %, 11 %
2025/08/16 02:50:31.408, 85.46 W, 57, 59 %, 11 %
2025/08/16 02:50:32.413, 84.71 W, 57, 59 %, 11 %
2025/08/16 02:50:33.416, 88.67 W, 57, 59 %, 11 %
2025/08/16 02:50:34.420, 66.00 W, 57, 40 %, 8 %
2025/08/16 02:50:35.425, 91.68 W, 57, 59 %, 11 %
2025/08/16 02:50:36.429, 88.38 W, 57, 60 %, 11 %
2025/08/16 02:50:37.433, 80.31 W, 57, 60 %, 11 %
2025/08/16 02:50:38.436, 85.21 W, 57, 59 %, 11 %
2025/08/16 02:50:39.442, 83.48 W, 57, 42 %, 8 %
2025/08/16 02:50:40.445, 79.25 W, 57, 59 %, 11 %
2025/08/16 02:50:41.450, 82.48 W, 57, 59 %, 11 %
2025/08/16 02:50:42.453, 79.33 W, 57, 59 %, 11 %
2025/08/16 02:50:43.460, 89.61 W, 57, 59 %, 11 %
2025/08/16 02:50:44.465, 86.90 W, 57, 58 %, 11 %
2025/08/16 02:50:45.468, 84.68 W, 57, 58 %, 11 %
2025/08/16 02:50:46.472, 85.31 W, 57, 58 %, 11 %
2025/08/16 02:50:47.478, 83.29 W, 57, 59 %, 11 %
2025/08/16 02:50:48.481, 87.24 W, 57, 59 %, 11 %
2025/08/16 02:50:49.484, 86.49 W, 57, 58 %, 11 %
2025/08/16 02:50:50.488, 86.94 W, 57, 59 %, 11 %
2025/08/16 02:50:51.492, 84.23 W, 57, 58 %, 11 %
2025/08/16 02:50:52.498, 77.78 W, 57, 57 %, 11 %
2025/08/16 02:50:53.503, 81.72 W, 57, 59 %, 11 %
2025/08/16 02:50:54.507, 88.30 W, 57, 57 %, 11 %
2025/08/16 02:50:55.511, 81.79 W, 57, 58 %, 11 %
2025/08/16 02:50:56.517, 85.90 W, 57, 58 %, 11 %
2025/08/16 02:50:57.520, 80.06 W, 57, 58 %, 11 %
2025/08/16 02:50:58.524, 90.45 W, 57, 58 %, 11 %
2025/08/16 02:50:59.527, 88.42 W, 57, 59 %, 11 %
2025/08/16 02:51:00.532, 87.68 W, 57, 58 %, 11 %
2025/08/16 02:51:01.536, 85.01 W, 57, 58 %, 11 %
2025/08/16 02:51:02.540, 82.50 W, 57, 55 %, 10 %
2025/08/16 02:51:03.546, 59.14 W, 57, 59 %, 11 %
2025/08/16 02:51:04.550, 81.47 W, 57, 58 %, 11 %
2025/08/16 02:51:05.554, 81.27 W, 57, 58 %, 11 %
2025/08/16 02:51:06.558, 81.80 W, 57, 58 %, 11 %
2025/08/16 02:51:07.564, 88.71 W, 57, 59 %, 11 %
2025/08/16 02:51:08.567, 78.10 W, 57, 49 %, 9 %
2025/08/16 02:51:09.572, 82.99 W, 57, 59 %, 11 %
2025/08/16 02:51:10.576, 79.79 W, 57, 59 %, 11 %
2025/08/16 02:51:11.579, 89.12 W, 57, 59 %, 11 %
2025/08/16 02:51:12.584, 85.93 W, 57, 55 %, 10 %
2025/08/16 02:51:13.588, 77.60 W, 57, 40 %, 8 %
2025/08/16 02:51:14.591, 85.76 W, 57, 58 %, 11 %
2025/08/16 02:51:15.595, 90.69 W, 57, 58 %, 11 %
2025/08/16 02:51:16.599, 85.99 W, 57, 59 %, 11 %
2025/08/16 02:51:17.603, 82.34 W, 57, 59 %, 11 %
2025/08/16 02:51:18.607, 76.65 W, 57, 46 %, 10 %
2025/08/16 02:51:19.612, 82.75 W, 57, 59 %, 11 %
2025/08/16 02:51:20.615, 88.67 W, 57, 58 %, 11 %
2025/08/16 02:51:21.619, 84.95 W, 57, 58 %, 11 %
2025/08/16 02:51:22.623, 85.91 W, 57, 55 %, 10 %
2025/08/16 02:51:23.628, 59.14 W, 56, 45 %, 10 %
2025/08/16 02:51:24.632, 78.84 W, 57, 57 %, 11 %
2025/08/16 02:51:25.637, 80.78 W, 57, 58 %, 11 %
2025/08/16 02:51:26.641, 81.05 W, 57, 58 %, 11 %
2025/08/16 02:51:27.644, 85.76 W, 57, 59 %, 11 %
2025/08/16 02:51:28.651, 84.71 W, 56, 34 %, 7 %
2025/08/16 02:51:29.656, 83.78 W, 57, 58 %, 11 %
2025/08/16 02:51:30.660, 78.75 W, 57, 58 %, 11 %
2025/08/16 02:51:31.663, 85.21 W, 57, 59 %, 11 %
2025/08/16 02:51:32.670, 82.53 W, 57, 56 %, 11 %
2025/08/16 02:51:33.674, 83.70 W, 57, 41 %, 8 %
2025/08/16 02:51:34.677, 87.44 W, 57, 59 %, 11 %
2025/08/16 02:51:35.681, 76.61 W, 57, 59 %, 11 %
2025/08/16 02:51:36.688, 82.99 W, 57, 59 %, 11 %
2025/08/16 02:51:37.692, 85.69 W, 57, 59 %, 11 %
2025/08/16 02:51:38.697, 86.11 W, 57, 58 %, 11 %
2025/08/16 02:51:39.700, 83.23 W, 57, 59 %, 11 %
2025/08/16 02:51:40.707, 82.30 W, 57, 59 %, 11 %
2025/08/16 02:51:41.711, 83.24 W, 57, 58 %, 11 %
2025/08/16 02:51:42.715, 82.93 W, 57, 55 %, 10 %
2025/08/16 02:51:43.719, 86.94 W, 57, 59 %, 11 %
2025/08/16 02:51:44.723, 81.56 W, 57, 59 %, 11 %
2025/08/16 02:51:45.728, 81.46 W, 57, 59 %, 11 %
2025/08/16 02:51:46.732, 84.23 W, 57, 58 %, 11 %
2025/08/16 02:51:47.737, 88.88 W, 57, 59 %, 11 %
2025/08/16 02:51:48.742, 84.69 W, 57, 58 %, 11 %
2025/08/16 02:51:49.746, 78.59 W, 57, 58 %, 11 %
2025/08/16 02:51:50.749, 89.33 W, 57, 59 %, 11 %
2025/08/16 02:51:51.756, 89.12 W, 57, 59 %, 11 %
2025/08/16 02:51:52.760, 83.98 W, 57, 58 %, 11 %
2025/08/16 02:51:53.764, 84.52 W, 56, 58 %, 11 %
2025/08/16 02:51:54.768, 82.54 W, 57, 59 %, 11 %
2025/08/16 02:51:55.773, 84.19 W, 57, 51 %, 10 %
2025/08/16 02:51:56.778, 90.40 W, 57, 59 %, 11 %
2025/08/16 02:51:57.782, 72.66 W, 56, 58 %, 11 %
2025/08/16 02:51:58.786, 86.39 W, 57, 59 %, 11 %
2025/08/16 02:51:59.794, 86.20 W, 57, 59 %, 11 %
2025/08/16 02:52:00.798, 89.41 W, 57, 59 %, 11 %
2025/08/16 02:52:01.801, 84.47 W, 57, 59 %, 11 %
2025/08/16 02:52:02.804, 76.37 W, 56, 42 %, 8 %
2025/08/16 02:52:03.809, 77.85 W, 56, 57 %, 11 %
2025/08/16 02:52:04.813, 86.74 W, 56, 58 %, 11 %
2025/08/16 02:52:05.817, 85.96 W, 57, 58 %, 11 %
2025/08/16 02:52:06.823, 80.44 W, 56, 59 %, 11 %
2025/08/16 02:52:07.828, 75.66 W, 56, 40 %, 9 %
2025/08/16 02:52:08.831, 81.96 W, 57, 59 %, 11 %
2025/08/16 02:52:09.834, 78.31 W, 57, 59 %, 11 %
2025/08/16 02:52:10.837, 87.19 W, 56, 59 %, 11 %
2025/08/16 02:52:11.843, 85.70 W, 56, 58 %, 11 %
2025/08/16 02:52:12.847, 76.82 W, 56, 46 %, 10 %
2025/08/16 02:52:13.852, 87.14 W, 56, 59 %, 11 %
2025/08/16 02:52:14.855, 88.46 W, 56, 58 %, 11 %
2025/08/16 02:52:15.860, 91.88 W, 57, 58 %, 11 %
2025/08/16 02:52:16.865, 87.24 W, 57, 59 %, 11 %
2025/08/16 02:52:17.869, 84.71 W, 56, 42 %, 9 %
2025/08/16 02:52:18.873, 85.21 W, 56, 59 %, 11 %
2025/08/16 02:52:19.877, 88.72 W, 56, 58 %, 11 %
2025/08/16 02:52:20.882, 91.59 W, 57, 59 %, 11 %
2025/08/16 02:52:21.886, 91.14 W, 56, 59 %, 11 %
2025/08/16 02:52:22.890, 84.67 W, 56, 59 %, 11 %
2025/08/16 02:52:23.894, 78.06 W, 57, 59 %, 11 %
2025/08/16 02:52:24.899, 82.01 W, 56, 59 %, 11 %
2025/08/16 02:52:25.903, 83.98 W, 57, 58 %, 11 %
2025/08/16 02:52:26.907, 82.70 W, 57, 59 %, 11 %
2025/08/16 02:52:27.911, 84.75 W, 56, 58 %, 11 %
2025/08/16 02:52:28.916, 92.18 W, 56, 59 %, 11 %
2025/08/16 02:52:29.920, 85.87 W, 56, 58 %, 11 %
2025/08/16 02:52:30.923, 88.18 W, 56, 58 %, 11 %
2025/08/16 02:52:31.929, 79.54 W, 56, 59 %, 11 %
2025/08/16 02:52:32.932, 87.40 W, 56, 59 %, 11 %
2025/08/16 02:52:33.936, 80.82 W, 57, 59 %, 11 %
2025/08/16 02:52:34.940, 85.45 W, 56, 59 %, 11 %
2025/08/16 02:52:35.943, 83.18 W, 56, 58 %, 11 %
2025/08/16 02:52:36.948, 81.98 W, 56, 58 %, 11 %
2025/08/16 02:52:37.952, 89.37 W, 56, 59 %, 11 %
2025/08/16 02:52:38.956, 85.21 W, 56, 58 %, 11 %
2025/08/16 02:52:39.959, 79.58 W, 56, 58 %, 11 %
2025/08/16 02:52:40.967, 88.17 W, 56, 59 %, 11 %
2025/08/16 02:52:41.970, 82.30 W, 56, 59 %, 11 %
2025/08/16 02:52:42.973, 87.88 W, 56, 58 %, 11 %
2025/08/16 02:52:43.977, 84.19 W, 56, 58 %, 11 %
2025/08/16 02:52:44.982, 90.69 W, 56, 59 %, 11 %
2025/08/16 02:52:45.985, 87.47 W, 56, 59 %, 11 %
2025/08/16 02:52:46.989, 70.22 W, 56, 46 %, 9 %
2025/08/16 02:52:47.993, 76.56 W, 56, 58 %, 11 %
2025/08/16 02:52:48.998, 78.84 W, 56, 59 %, 11 %
2025/08/16 02:52:50.002, 82.71 W, 56, 58 %, 11 %
2025/08/16 02:52:51.005, 82.67 W, 56, 58 %, 11 %
2025/08/16 02:52:52.009, 73.93 W, 56, 39 %, 8 %
2025/08/16 02:52:53.016, 83.04 W, 56, 58 %, 11 %
2025/08/16 02:52:54.020, 81.30 W, 56, 59 %, 11 %
2025/08/16 02:52:55.024, 81.05 W, 56, 59 %, 11 %
2025/08/16 02:52:56.029, 82.95 W, 56, 59 %, 11 %
2025/08/16 02:52:57.035, 70.47 W, 56, 44 %, 9 %
2025/08/16 02:52:58.039, 78.88 W, 56, 59 %, 11 %
2025/08/16 02:52:59.043, 84.28 W, 56, 58 %, 11 %
2025/08/16 02:53:00.046, 88.83 W, 56, 59 %, 11 %
2025/08/16 02:53:01.054, 90.63 W, 56, 58 %, 11 %
2025/08/16 02:53:02.057, 77.31 W, 56, 45 %, 10 %
2025/08/16 02:53:03.061, 85.71 W, 56, 58 %, 11 %
2025/08/16 02:53:04.064, 82.46 W, 56, 59 %, 11 %
2025/08/16 02:53:05.068, 82.25 W, 56, 59 %, 11 %
2025/08/16 02:53:06.072, 81.22 W, 56, 59 %, 11 %
2025/08/16 02:53:07.076, 74.23 W, 56, 43 %, 9 %
2025/08/16 02:53:08.080, 86.37 W, 56, 59 %, 11 %
2025/08/16 02:53:09.084, 91.18 W, 56, 59 %, 11 %
2025/08/16 02:53:10.088, 87.40 W, 56, 59 %, 11 %
2025/08/16 02:53:11.094, 86.79 W, 56, 58 %, 11 %
2025/08/16 02:53:12.097, 81.98 W, 56, 33 %, 7 %
2025/08/16 02:53:13.101, 77.84 W, 56, 59 %, 11 %
2025/08/16 02:53:14.104, 87.49 W, 56, 58 %, 11 %
2025/08/16 02:53:15.109, 87.31 W, 56, 58 %, 11 %
2025/08/16 02:53:16.113, 83.98 W, 56, 56 %, 10 %
2025/08/16 02:53:17.120, 81.02 W, 56, 39 %, 8 %
2025/08/16 02:53:18.124, 83.73 W, 56, 58 %, 11 %
2025/08/16 02:53:19.127, 89.46 W, 56, 58 %, 11 %
2025/08/16 02:53:20.130, 83.52 W, 56, 58 %, 11 %
2025/08/16 02:53:21.135, 80.49 W, 56, 58 %, 11 %
2025/08/16 02:53:22.138, 94.94 W, 56, 54 %, 10 %
2025/08/16 02:53:23.142, 86.94 W, 56, 59 %, 11 %
2025/08/16 02:53:24.145, 80.06 W, 56, 58 %, 11 %
2025/08/16 02:53:25.149, 76.60 W, 56, 58 %, 11 %
2025/08/16 02:53:26.153, 77.07 W, 56, 58 %, 11 %
2025/08/16 02:53:27.157, 86.79 W, 56, 58 %, 11 %
2025/08/16 02:53:28.160, 82.74 W, 56, 58 %, 11 %
2025/08/16 02:53:29.164, 83.70 W, 56, 58 %, 11 %
2025/08/16 02:53:30.169, 88.67 W, 56, 58 %, 11 %
2025/08/16 02:53:31.175, 86.69 W, 56, 59 %, 11 %
2025/08/16 02:53:32.178, 82.79 W, 56, 58 %, 11 %
2025/08/16 02:53:33.181, 82.22 W, 56, 58 %, 11 %
2025/08/16 02:53:34.184, 81.72 W, 56, 59 %, 11 %
2025/08/16 02:53:35.188, 91.38 W, 56, 58 %, 11 %
2025/08/16 02:53:36.192, 87.23 W, 56, 57 %, 11 %
2025/08/16 02:53:37.196, 88.19 W, 56, 58 %, 11 %
2025/08/16 02:53:38.200, 83.77 W, 56, 58 %, 11 %
2025/08/16 02:53:39.205, 83.05 W, 56, 58 %, 11 %
2025/08/16 02:53:40.209, 87.40 W, 56, 58 %, 11 %
2025/08/16 02:53:41.213, 82.25 W, 56, 57 %, 11 %
2025/08/16 02:53:42.217, 78.79 W, 56, 58 %, 11 %
2025/08/16 02:53:43.223, 86.90 W, 56, 59 %, 11 %
2025/08/16 02:53:44.227, 88.71 W, 56, 58 %, 11 %
2025/08/16 02:53:45.231, 79.29 W, 56, 58 %, 11 %
2025/08/16 02:53:46.234, 82.46 W, 56, 58 %, 11 %
2025/08/16 02:53:47.239, 81.26 W, 56, 58 %, 11 %
2025/08/16 02:53:48.242, 86.61 W, 56, 57 %, 11 %
2025/08/16 02:53:49.246, 79.00 W, 56, 58 %, 11 %
2025/08/16 02:53:50.249, 81.84 W, 56, 58 %, 11 %
2025/08/16 02:53:51.253, 74.85 W, 56, 57 %, 11 %
2025/08/16 02:53:52.256, 80.49 W, 56, 58 %, 11 %
2025/08/16 02:53:53.261, 89.91 W, 56, 58 %, 11 %
2025/08/16 02:53:54.265, 85.46 W, 56, 57 %, 11 %
2025/08/16 02:53:55.268, 77.50 W, 56, 58 %, 11 %
2025/08/16 02:53:56.273, 78.82 W, 56, 57 %, 11 %
2025/08/16 02:53:57.276, 81.24 W, 56, 57 %, 11 %
2025/08/16 02:53:58.279, 79.07 W, 56, 56 %, 10 %
2025/08/16 02:53:59.284, 86.08 W, 56, 58 %, 11 %
2025/08/16 02:54:00.289, 88.38 W, 56, 58 %, 11 %
2025/08/16 02:54:01.293, 81.00 W, 56, 58 %, 11 %
2025/08/16 02:54:02.297, 81.76 W, 56, 57 %, 11 %
2025/08/16 02:54:03.300, 81.57 W, 56, 57 %, 11 %
2025/08/16 02:54:04.304, 88.37 W, 56, 58 %, 11 %
2025/08/16 02:54:05.309, 86.99 W, 56, 58 %, 11 %
2025/08/16 02:54:06.313, 85.17 W, 56, 58 %, 11 %
2025/08/16 02:54:07.317, 80.56 W, 56, 58 %, 11 %
2025/08/16 02:54:08.320, 75.90 W, 56, 58 %, 11 %
2025/08/16 02:54:09.327, 84.23 W, 56, 58 %, 11 %
2025/08/16 02:54:10.332, 81.84 W, 56, 58 %, 11 %
2025/08/16 02:54:11.335, 84.68 W, 56, 58 %, 11 %
2025/08/16 02:54:12.339, 85.67 W, 56, 59 %, 11 %
2025/08/16 02:54:13.346, 77.83 W, 56, 58 %, 11 %
2025/08/16 02:54:14.351, 87.23 W, 56, 58 %, 11 %
2025/08/16 02:54:15.355, 78.33 W, 56, 58 %, 11 %
2025/08/16 02:54:16.358, 79.07 W, 56, 58 %, 11 %
2025/08/16 02:54:17.363, 91.43 W, 56, 59 %, 11 %
2025/08/16 02:54:18.369, 80.57 W, 56, 59 %, 11 %
2025/08/16 02:54:19.373, 85.76 W, 56, 58 %, 11 %
2025/08/16 02:54:20.377, 77.07 W, 56, 58 %, 11 %
2025/08/16 02:54:21.380, 53.47 W, 56, 58 %, 11 %
2025/08/16 02:54:22.384, 88.30 W, 56, 58 %, 11 %
2025/08/16 02:54:23.388, 76.09 W, 56, 58 %, 11 %
2025/08/16 02:54:24.394, 74.14 W, 56, 58 %, 11 %
2025/08/16 02:54:25.397, 81.80 W, 56, 58 %, 11 %
2025/08/16 02:54:26.400, 71.47 W, 56, 58 %, 11 %
2025/08/16 02:54:27.405, 82.79 W, 56, 58 %, 11 %
2025/08/16 02:54:28.408, 80.80 W, 56, 58 %, 11 %
2025/08/16 02:54:29.413, 78.80 W, 56, 55 %, 10 %
2025/08/16 02:54:30.417, 88.17 W, 56, 58 %, 11 %
2025/08/16 02:54:31.422, 73.89 W, 56, 58 %, 11 %
2025/08/16 02:54:32.427, 78.13 W, 56, 58 %, 11 %
2025/08/16 02:54:33.433, 88.09 W, 56, 57 %, 11 %
2025/08/16 02:54:34.436, 86.04 W, 56, 58 %, 11 %
2025/08/16 02:54:35.440, 76.85 W, 56, 58 %, 11 %
2025/08/16 02:54:36.445, 74.92 W, 56, 58 %, 11 %
2025/08/16 02:54:37.451, 80.53 W, 56, 58 %, 11 %
2025/08/16 02:54:38.455, 82.24 W, 56, 59 %, 11 %
2025/08/16 02:54:39.459, 82.79 W, 56, 59 %, 11 %
2025/08/16 02:54:40.464, 83.48 W, 56, 59 %, 11 %
2025/08/16 02:54:41.468, 72.41 W, 56, 46 %, 9 %
2025/08/16 02:54:42.472, 77.14 W, 56, 59 %, 11 %
2025/08/16 02:54:43.476, 85.46 W, 56, 58 %, 11 %
2025/08/16 02:54:44.480, 88.18 W, 56, 59 %, 11 %
2025/08/16 02:54:45.484, 72.89 W, 56, 59 %, 11 %
2025/08/16 02:54:46.488, 72.91 W, 56, 38 %, 8 %
2025/08/16 02:54:47.491, 82.69 W, 56, 59 %, 11 %
2025/08/16 02:54:48.495, 79.05 W, 56, 58 %, 11 %
2025/08/16 02:54:49.500, 79.28 W, 56, 59 %, 11 %
2025/08/16 02:54:50.504, 81.92 W, 56, 59 %, 11 %
2025/08/16 02:54:51.507, 49.51 W, 56, 46 %, 10 %
2025/08/16 02:54:52.512, 77.60 W, 56, 57 %, 11 %
2025/08/16 02:54:53.518, 84.22 W, 56, 58 %, 11 %
2025/08/16 02:54:54.521, 87.68 W, 56, 58 %, 11 %
2025/08/16 02:54:55.525, 84.12 W, 56, 58 %, 11 %
2025/08/16 02:54:56.529, 62.35 W, 56, 45 %, 10 %
2025/08/16 02:54:57.533, 75.13 W, 56, 58 %, 11 %
2025/08/16 02:54:58.537, 80.82 W, 56, 58 %, 11 %
2025/08/16 02:54:59.541, 81.60 W, 56, 58 %, 11 %
2025/08/16 02:55:00.545, 76.82 W, 56, 58 %, 11 %
2025/08/16 02:55:01.548, 81.75 W, 56, 46 %, 10 %
2025/08/16 02:55:02.552, 79.25 W, 56, 57 %, 11 %
2025/08/16 02:55:03.557, 90.40 W, 56, 58 %, 11 %
2025/08/16 02:55:04.561, 85.02 W, 56, 58 %, 11 %
2025/08/16 02:55:05.566, 79.86 W, 56, 58 %, 11 %
2025/08/16 02:55:06.570, 86.79 W, 56, 41 %, 8 %
2025/08/16 02:55:07.574, 87.19 W, 56, 58 %, 11 %
2025/08/16 02:55:08.579, 84.77 W, 56, 58 %, 11 %
2025/08/16 02:55:09.584, 80.52 W, 56, 58 %, 11 %
2025/08/16 02:55:10.589, 80.00 W, 56, 58 %, 11 %
2025/08/16 02:55:11.593, 81.22 W, 56, 58 %, 11 %
2025/08/16 02:55:12.597, 79.79 W, 56, 54 %, 10 %
2025/08/16 02:55:13.604, 83.53 W, 56, 58 %, 11 %
2025/08/16 02:55:14.608, 90.61 W, 56, 58 %, 11 %
2025/08/16 02:55:15.612, 80.98 W, 56, 58 %, 11 %
2025/08/16 02:55:16.617, 80.78 W, 56, 58 %, 11 %
2025/08/16 02:55:17.623, 80.28 W, 56, 59 %, 11 %
2025/08/16 02:55:18.627, 84.91 W, 56, 58 %, 11 %
2025/08/16 02:55:19.631, 86.45 W, 56, 58 %, 11 %
2025/08/16 02:55:20.636, 89.91 W, 56, 58 %, 11 %
2025/08/16 02:55:21.641, 85.45 W, 56, 59 %, 11 %
2025/08/16 02:55:22.645, 83.40 W, 56, 55 %, 10 %
2025/08/16 02:55:23.649, 83.97 W, 56, 58 %, 11 %
2025/08/16 02:55:24.652, 84.03 W, 56, 58 %, 11 %
2025/08/16 02:55:25.656, 83.04 W, 56, 58 %, 11 %
2025/08/16 02:55:26.660, 88.71 W, 56, 58 %, 11 %
2025/08/16 02:55:27.664, 76.56 W, 56, 58 %, 11 %
2025/08/16 02:55:28.671, 89.51 W, 56, 58 %, 11 %
2025/08/16 02:55:29.676, 88.59 W, 56, 58 %, 11 %
2025/08/16 02:55:30.679, 84.01 W, 56, 56 %, 11 %
2025/08/16 02:55:31.682, 84.28 W, 56, 59 %, 11 %
2025/08/16 02:55:32.689, 86.98 W, 56, 58 %, 11 %
2025/08/16 02:55:33.692, 81.54 W, 56, 58 %, 11 %
2025/08/16 02:55:34.696, 87.18 W, 56, 58 %, 11 %
2025/08/16 02:55:35.699, 76.33 W, 56, 58 %, 11 %
2025/08/16 02:55:36.704, 90.19 W, 56, 59 %, 11 %
2025/08/16 02:55:37.708, 79.75 W, 56, 58 %, 11 %
2025/08/16 02:55:38.711, 89.71 W, 56, 58 %, 11 %
2025/08/16 02:55:39.715, 82.00 W, 56, 58 %, 11 %
2025/08/16 02:55:40.719, 80.73 W, 56, 58 %, 11 %
2025/08/16 02:55:41.724, 85.67 W, 56, 58 %, 11 %
2025/08/16 02:55:42.728, 78.38 W, 56, 58 %, 11 %
2025/08/16 02:55:43.732, 81.48 W, 56, 58 %, 11 %
2025/08/16 02:55:44.736, 86.08 W, 56, 59 %, 11 %
2025/08/16 02:55:45.739, 58.89 W, 56, 56 %, 10 %
2025/08/16 02:55:46.742, 89.41 W, 56, 58 %, 11 %
2025/08/16 02:55:47.745, 83.94 W, 56, 59 %, 11 %
2025/08/16 02:55:48.749, 83.03 W, 56, 58 %, 11 %
2025/08/16 02:55:49.753, 86.20 W, 56, 58 %, 11 %
2025/08/16 02:55:50.757, 68.95 W, 56, 58 %, 11 %
2025/08/16 02:55:51.760, 86.69 W, 56, 58 %, 11 %
2025/08/16 02:55:52.765, 81.92 W, 56, 58 %, 11 %
2025/08/16 02:55:53.768, 83.03 W, 56, 58 %, 11 %
2025/08/16 02:55:54.773, 81.04 W, 56, 59 %, 11 %
2025/08/16 02:55:55.778, 77.06 W, 56, 45 %, 8 %
2025/08/16 02:55:56.781, 82.46 W, 56, 58 %, 11 %
2025/08/16 02:55:57.784, 88.17 W, 56, 59 %, 11 %
2025/08/16 02:55:58.788, 90.44 W, 56, 59 %, 11 %
2025/08/16 02:55:59.792, 82.53 W, 56, 59 %, 11 %
2025/08/16 02:56:00.796, 76.12 W, 56, 40 %, 8 %
2025/08/16 02:56:01.799, 89.26 W, 56, 57 %, 11 %
2025/08/16 02:56:02.803, 84.47 W, 56, 59 %, 11 %
2025/08/16 02:56:03.811, 85.36 W, 56, 59 %, 11 %
2025/08/16 02:56:04.815, 87.44 W, 56, 59 %, 11 %
2025/08/16 02:56:05.820, 73.65 W, 56, 43 %, 9 %
2025/08/16 02:56:06.823, 83.27 W, 56, 59 %, 11 %
2025/08/16 02:56:07.830, 86.50 W, 56, 58 %, 11 %
2025/08/16 02:56:08.834, 89.12 W, 56, 58 %, 11 %
2025/08/16 02:56:09.837, 78.05 W, 56, 58 %, 11 %
2025/08/16 02:56:10.841, 75.17 W, 56, 46 %, 10 %
2025/08/16 02:56:11.845, 80.48 W, 56, 59 %, 11 %
2025/08/16 02:56:12.849, 78.06 W, 56, 58 %, 11 %
2025/08/16 02:56:13.853, 81.02 W, 56, 59 %, 11 %
2025/08/16 02:56:14.860, 81.98 W, 56, 59 %, 11 %
2025/08/16 02:56:15.863, 64.79 W, 55, 45 %, 10 %
2025/08/16 02:56:16.867, 84.28 W, 56, 58 %, 11 %
2025/08/16 02:56:17.870, 86.61 W, 56, 58 %, 11 %
2025/08/16 02:56:18.878, 79.57 W, 56, 59 %, 11 %
2025/08/16 02:56:19.882, 80.98 W, 56, 58 %, 11 %
2025/08/16 02:56:20.886, 79.79 W, 56, 34 %, 7 %
2025/08/16 02:56:21.890, 84.96 W, 56, 57 %, 11 %
2025/08/16 02:56:22.895, 82.99 W, 56, 58 %, 11 %
2025/08/16 02:56:23.898, 88.17 W, 56, 58 %, 11 %
2025/08/16 02:56:24.902, 87.02 W, 56, 58 %, 11 %
2025/08/16 02:56:25.907, 85.69 W, 56, 37 %, 7 %
2025/08/16 02:56:26.911, 83.73 W, 56, 58 %, 11 %
2025/08/16 02:56:27.914, 84.47 W, 56, 58 %, 11 %
2025/08/16 02:56:28.919, 87.04 W, 56, 58 %, 11 %
2025/08/16 02:56:29.922, 85.00 W, 56, 58 %, 11 %
2025/08/16 02:56:30.926, 83.52 W, 56, 43 %, 8 %
2025/08/16 02:56:31.929, 90.45 W, 56, 59 %, 11 %
2025/08/16 02:56:32.932, 86.00 W, 56, 57 %, 11 %
2025/08/16 02:56:33.937, 83.78 W, 56, 58 %, 11 %
2025/08/16 02:56:34.941, 88.88 W, 56, 58 %, 11 %
2025/08/16 02:56:35.944, 80.53 W, 56, 48 %, 9 %
2025/08/16 02:56:36.949, 85.41 W, 56, 58 %, 11 %
2025/08/16 02:56:37.953, 83.92 W, 56, 58 %, 11 %
2025/08/16 02:56:38.956, 86.08 W, 56, 59 %, 11 %
2025/08/16 02:56:39.961, 87.47 W, 56, 58 %, 11 %
2025/08/16 02:56:40.965, 88.09 W, 56, 58 %, 11 %
2025/08/16 02:56:41.968, 84.91 W, 56, 59 %, 11 %
2025/08/16 02:56:42.971, 77.32 W, 56, 58 %, 11 %
2025/08/16 02:56:43.975, 83.56 W, 56, 58 %, 11 %
2025/08/16 02:56:44.980, 84.07 W, 56, 58 %, 11 %
2025/08/16 02:56:45.984, 87.47 W, 56, 58 %, 11 %
2025/08/16 02:56:46.988, 78.79 W, 56, 59 %, 11 %
2025/08/16 02:56:47.992, 82.71 W, 56, 59 %, 11 %
2025/08/16 02:56:48.996, 90.69 W, 56, 59 %, 11 %
2025/08/16 02:56:49.999, 85.91 W, 56, 58 %, 11 %
2025/08/16 02:56:51.004, 87.93 W, 56, 58 %, 11 %
2025/08/16 02:56:52.007, 90.13 W, 56, 59 %, 11 %
2025/08/16 02:56:53.010, 83.73 W, 56, 59 %, 11 %
2025/08/16 02:56:54.013, 90.69 W, 56, 58 %, 11 %
2025/08/16 02:56:55.017, 93.65 W, 56, 57 %, 11 %
2025/08/16 02:56:56.021, 83.78 W, 56, 59 %, 11 %
2025/08/16 02:56:57.025, 91.02 W, 56, 58 %, 11 %
2025/08/16 02:56:58.028, 81.68 W, 56, 58 %, 11 %
2025/08/16 02:56:59.032, 87.18 W, 56, 58 %, 11 %
2025/08/16 02:57:00.035, 83.73 W, 56, 59 %, 11 %
2025/08/16 02:57:01.039, 84.17 W, 56, 58 %, 11 %
2025/08/16 02:57:02.046, 93.12 W, 56, 59 %, 11 %
2025/08/16 02:57:03.049, 79.62 W, 56, 58 %, 11 %
2025/08/16 02:57:04.053, 83.18 W, 56, 56 %, 11 %
2025/08/16 02:57:05.058, 47.28 W, 56, 58 %, 11 %
2025/08/16 02:57:06.065, 80.70 W, 56, 58 %, 11 %
2025/08/16 02:57:07.068, 82.26 W, 56, 58 %, 11 %
2025/08/16 02:57:08.071, 89.83 W, 56, 58 %, 11 %
2025/08/16 02:57:09.075, 87.18 W, 56, 58 %, 11 %
2025/08/16 02:57:10.078, 68.91 W, 55, 58 %, 11 %
2025/08/16 02:57:11.084, 85.43 W, 56, 59 %, 11 %
2025/08/16 02:57:12.087, 85.66 W, 56, 59 %, 11 %
2025/08/16 02:57:13.092, 80.70 W, 56, 59 %, 11 %
2025/08/16 02:57:14.095, 77.77 W, 56, 58 %, 11 %
2025/08/16 02:57:15.098, 73.54 W, 56, 59 %, 11 %
2025/08/16 02:57:16.103, 50.01 W, 55, 37 %, 3 %
2025/08/16 02:57:17.106, 52.61 W, 55, 25 %, 2 %
