2025/08/15 12:00:58.838, 37.11 W, 54, 0 %, 0 %
2025/08/15 12:00:59.845, 37.36 W, 54, 0 %, 0 %
2025/08/15 12:01:00.848, 37.11 W, 54, 0 %, 0 %
2025/08/15 12:01:01.851, 36.87 W, 54, 0 %, 0 %
2025/08/15 12:01:02.856, 116.32 W, 56, 66 %, 21 %
2025/08/15 12:01:03.859, 113.85 W, 58, 66 %, 21 %
2025/08/15 12:01:04.864, 117.11 W, 58, 66 %, 21 %
2025/08/15 12:01:05.867, 116.24 W, 59, 66 %, 21 %
2025/08/15 12:01:06.871, 116.58 W, 59, 67 %, 21 %
2025/08/15 12:01:07.875, 116.54 W, 59, 65 %, 21 %
2025/08/15 12:01:08.879, 120.34 W, 59, 66 %, 21 %
2025/08/15 12:01:09.883, 120.56 W, 60, 66 %, 21 %
2025/08/15 12:01:10.886, 115.38 W, 60, 62 %, 20 %
2025/08/15 12:01:11.890, 104.29 W, 59, 58 %, 19 %
2025/08/15 12:01:12.897, 117.59 W, 60, 66 %, 22 %
2025/08/15 12:01:13.901, 127.64 W, 60, 64 %, 21 %
2025/08/15 12:01:14.906, 113.61 W, 60, 65 %, 21 %
2025/08/15 12:01:15.909, 120.67 W, 60, 64 %, 21 %
2025/08/15 12:01:16.912, 110.32 W, 60, 65 %, 21 %
2025/08/15 12:01:17.917, 113.41 W, 61, 65 %, 21 %
2025/08/15 12:01:18.923, 99.17 W, 59, 37 %, 11 %
2025/08/15 12:01:19.926, 115.07 W, 59, 27 %, 8 %
2025/08/15 12:01:20.931, 123.95 W, 61, 64 %, 21 %
2025/08/15 12:01:21.934, 102.38 W, 61, 65 %, 21 %
2025/08/15 12:01:22.938, 114.11 W, 61, 66 %, 22 %
2025/08/15 12:01:23.942, 113.83 W, 61, 67 %, 22 %
2025/08/15 12:01:24.947, 121.66 W, 61, 68 %, 22 %
2025/08/15 12:01:25.950, 121.66 W, 62, 66 %, 22 %
2025/08/15 12:01:26.953, 120.79 W, 62, 66 %, 21 %
2025/08/15 12:01:27.956, 118.83 W, 62, 66 %, 21 %
2025/08/15 12:01:28.960, 119.32 W, 62, 66 %, 21 %
2025/08/15 12:01:29.963, 123.68 W, 62, 67 %, 22 %
2025/08/15 12:01:30.969, 107.00 W, 62, 67 %, 22 %
2025/08/15 12:01:31.972, 112.05 W, 62, 67 %, 22 %
2025/08/15 12:01:32.976, 130.02 W, 62, 67 %, 22 %
2025/08/15 12:01:33.980, 125.51 W, 62, 67 %, 22 %
2025/08/15 12:01:34.983, 117.35 W, 63, 67 %, 22 %
2025/08/15 12:01:35.988, 102.38 W, 62, 54 %, 16 %
2025/08/15 12:01:36.992, 117.09 W, 62, 68 %, 22 %
2025/08/15 12:01:37.995, 132.17 W, 63, 66 %, 21 %
2025/08/15 12:01:39.000, 121.73 W, 63, 67 %, 22 %
2025/08/15 12:01:40.003, 123.38 W, 63, 68 %, 22 %
2025/08/15 12:01:41.006, 128.21 W, 63, 68 %, 22 %
2025/08/15 12:01:42.010, 118.94 W, 63, 65 %, 21 %
2025/08/15 12:01:43.013, 112.24 W, 63, 65 %, 21 %
2025/08/15 12:01:44.019, 132.55 W, 64, 66 %, 21 %
2025/08/15 12:01:45.022, 120.50 W, 64, 67 %, 22 %
2025/08/15 12:01:46.026, 127.40 W, 64, 68 %, 22 %
2025/08/15 12:01:47.029, 123.35 W, 64, 68 %, 22 %
2025/08/15 12:01:48.037, 120.59 W, 64, 68 %, 22 %
2025/08/15 12:01:49.041, 127.30 W, 64, 69 %, 22 %
2025/08/15 12:01:50.045, 115.55 W, 64, 68 %, 22 %
2025/08/15 12:01:51.048, 120.50 W, 64, 67 %, 22 %
2025/08/15 12:01:52.051, 103.61 W, 64, 64 %, 21 %
2025/08/15 12:01:53.055, 52.45 W, 63, 53 %, 15 %
2025/08/15 12:01:54.059, 117.78 W, 65, 67 %, 22 %
2025/08/15 12:01:55.062, 120.09 W, 65, 67 %, 22 %
2025/08/15 12:01:56.065, 131.40 W, 65, 67 %, 22 %
2025/08/15 12:01:57.068, 127.47 W, 65, 67 %, 22 %
2025/08/15 12:01:58.073, 120.99 W, 65, 67 %, 22 %
2025/08/15 12:01:59.076, 123.68 W, 65, 67 %, 22 %
2025/08/15 12:02:00.080, 125.96 W, 65, 67 %, 21 %
2025/08/15 12:02:01.084, 125.59 W, 65, 67 %, 22 %
2025/08/15 12:02:02.087, 123.32 W, 65, 62 %, 20 %
2025/08/15 12:02:03.090, 121.23 W, 65, 66 %, 21 %
2025/08/15 12:02:04.093, 128.22 W, 65, 66 %, 22 %
2025/08/15 12:02:05.097, 116.22 W, 65, 67 %, 22 %
2025/08/15 12:02:06.100, 116.12 W, 66, 66 %, 21 %
2025/08/15 12:02:07.104, 118.53 W, 66, 66 %, 22 %
2025/08/15 12:02:08.108, 121.03 W, 66, 67 %, 22 %
2025/08/15 12:02:09.113, 108.79 W, 65, 52 %, 15 %
2025/08/15 12:02:10.116, 114.41 W, 65, 67 %, 21 %
2025/08/15 12:02:11.123, 125.32 W, 66, 67 %, 21 %
2025/08/15 12:02:12.126, 122.86 W, 66, 65 %, 21 %
2025/08/15 12:02:13.129, 119.99 W, 66, 67 %, 22 %
2025/08/15 12:02:14.132, 115.25 W, 66, 68 %, 22 %
2025/08/15 12:02:15.136, 128.29 W, 66, 66 %, 21 %
2025/08/15 12:02:16.140, 123.38 W, 66, 67 %, 22 %
2025/08/15 12:02:17.145, 131.57 W, 66, 67 %, 22 %
2025/08/15 12:02:18.148, 125.76 W, 67, 67 %, 22 %
2025/08/15 12:02:19.152, 123.46 W, 67, 67 %, 22 %
2025/08/15 12:02:20.155, 123.96 W, 67, 68 %, 22 %
2025/08/15 12:02:21.159, 136.98 W, 67, 67 %, 22 %
2025/08/15 12:02:22.163, 113.60 W, 67, 65 %, 21 %
2025/08/15 12:02:23.166, 108.06 W, 67, 66 %, 21 %
2025/08/15 12:02:24.169, 123.61 W, 67, 66 %, 21 %
2025/08/15 12:02:25.173, 120.31 W, 67, 66 %, 22 %
2025/08/15 12:02:26.177, 108.30 W, 66, 53 %, 16 %
2025/08/15 12:02:27.180, 120.82 W, 67, 66 %, 21 %
2025/08/15 12:02:28.183, 119.08 W, 67, 67 %, 22 %
2025/08/15 12:02:29.186, 136.32 W, 67, 65 %, 21 %
2025/08/15 12:02:30.190, 127.73 W, 67, 65 %, 21 %
2025/08/15 12:02:31.197, 117.54 W, 67, 65 %, 21 %
2025/08/15 12:02:32.201, 122.28 W, 67, 66 %, 22 %
2025/08/15 12:02:33.204, 124.44 W, 67, 64 %, 21 %
2025/08/15 12:02:34.207, 122.72 W, 68, 67 %, 22 %
2025/08/15 12:02:35.212, 133.54 W, 68, 67 %, 22 %
2025/08/15 12:02:36.216, 137.05 W, 68, 67 %, 22 %
2025/08/15 12:02:37.220, 117.27 W, 68, 68 %, 22 %
2025/08/15 12:02:38.224, 135.34 W, 68, 67 %, 22 %
2025/08/15 12:02:39.228, 134.20 W, 68, 67 %, 22 %
2025/08/15 12:02:40.232, 121.24 W, 68, 67 %, 22 %
2025/08/15 12:02:41.236, 112.92 W, 68, 68 %, 22 %
2025/08/15 12:02:42.239, 104.60 W, 68, 67 %, 22 %
2025/08/15 12:02:43.242, 51.64 W, 67, 54 %, 16 %
2025/08/15 12:02:44.245, 126.25 W, 68, 68 %, 22 %
2025/08/15 12:02:45.250, 123.85 W, 68, 68 %, 22 %
2025/08/15 12:02:46.253, 136.17 W, 68, 64 %, 21 %
2025/08/15 12:02:47.257, 119.32 W, 68, 66 %, 21 %
2025/08/15 12:02:48.261, 126.10 W, 69, 68 %, 22 %
2025/08/15 12:02:49.265, 136.49 W, 69, 67 %, 22 %
2025/08/15 12:02:50.268, 123.88 W, 69, 67 %, 22 %
2025/08/15 12:02:51.271, 130.27 W, 69, 68 %, 22 %
2025/08/15 12:02:52.278, 119.17 W, 69, 67 %, 22 %
2025/08/15 12:02:53.282, 129.93 W, 69, 68 %, 22 %
2025/08/15 12:02:54.285, 121.54 W, 69, 67 %, 22 %
2025/08/15 12:02:55.288, 115.63 W, 69, 68 %, 22 %
2025/08/15 12:02:56.292, 125.37 W, 69, 67 %, 22 %
2025/08/15 12:02:57.296, 122.46 W, 69, 67 %, 22 %
2025/08/15 12:02:58.299, 125.43 W, 69, 68 %, 22 %
2025/08/15 12:02:59.302, 104.10 W, 69, 53 %, 16 %
2025/08/15 12:03:00.309, 119.61 W, 69, 67 %, 22 %
2025/08/15 12:03:01.312, 122.80 W, 69, 65 %, 21 %
2025/08/15 12:03:02.315, 135.86 W, 69, 68 %, 22 %
2025/08/15 12:03:03.319, 126.22 W, 69, 67 %, 22 %
2025/08/15 12:03:04.322, 124.01 W, 70, 68 %, 22 %
2025/08/15 12:03:05.326, 129.05 W, 70, 68 %, 22 %
2025/08/15 12:03:06.329, 117.11 W, 70, 67 %, 22 %
2025/08/15 12:03:07.334, 134.93 W, 70, 67 %, 22 %
2025/08/15 12:03:08.338, 126.31 W, 70, 68 %, 22 %
2025/08/15 12:03:09.345, 120.35 W, 70, 67 %, 22 %
2025/08/15 12:03:10.349, 121.73 W, 70, 68 %, 22 %
2025/08/15 12:03:11.353, 135.26 W, 70, 68 %, 22 %
2025/08/15 12:03:12.357, 133.22 W, 70, 68 %, 22 %
2025/08/15 12:03:13.363, 115.86 W, 70, 66 %, 21 %
2025/08/15 12:03:14.366, 125.17 W, 70, 67 %, 22 %
2025/08/15 12:03:15.369, 102.98 W, 70, 67 %, 22 %
2025/08/15 12:03:16.372, 55.88 W, 69, 54 %, 16 %
2025/08/15 12:03:17.376, 130.43 W, 70, 67 %, 22 %
2025/08/15 12:03:18.381, 121.23 W, 70, 65 %, 21 %
2025/08/15 12:03:19.384, 139.86 W, 70, 65 %, 21 %
2025/08/15 12:03:20.387, 132.39 W, 70, 67 %, 22 %
2025/08/15 12:03:21.394, 125.24 W, 70, 67 %, 22 %
2025/08/15 12:03:22.397, 124.86 W, 70, 67 %, 22 %
2025/08/15 12:03:23.401, 123.39 W, 71, 67 %, 22 %
2025/08/15 12:03:24.405, 123.30 W, 71, 68 %, 22 %
2025/08/15 12:03:25.410, 120.59 W, 71, 68 %, 22 %
2025/08/15 12:03:26.414, 126.64 W, 71, 68 %, 22 %
2025/08/15 12:03:27.417, 127.82 W, 71, 67 %, 22 %
2025/08/15 12:03:28.421, 118.61 W, 71, 67 %, 21 %
2025/08/15 12:03:29.424, 123.21 W, 71, 67 %, 22 %
2025/08/15 12:03:30.428, 120.99 W, 71, 67 %, 22 %
2025/08/15 12:03:31.431, 127.23 W, 71, 68 %, 22 %
2025/08/15 12:03:32.434, 106.93 W, 70, 54 %, 16 %
2025/08/15 12:03:33.437, 118.75 W, 71, 68 %, 22 %
2025/08/15 12:03:34.441, 125.92 W, 71, 66 %, 21 %
2025/08/15 12:03:35.446, 119.57 W, 71, 66 %, 22 %
2025/08/15 12:03:36.450, 121.54 W, 71, 65 %, 21 %
2025/08/15 12:03:37.453, 125.90 W, 71, 65 %, 21 %
2025/08/15 12:03:38.457, 123.63 W, 71, 65 %, 21 %
2025/08/15 12:03:39.460, 133.05 W, 71, 65 %, 21 %
2025/08/15 12:03:40.463, 118.93 W, 71, 66 %, 21 %
2025/08/15 12:03:41.467, 131.66 W, 71, 65 %, 21 %
2025/08/15 12:03:42.472, 123.69 W, 71, 65 %, 21 %
2025/08/15 12:03:43.476, 123.02 W, 71, 66 %, 21 %
2025/08/15 12:03:44.480, 129.05 W, 71, 65 %, 21 %
2025/08/15 12:03:45.483, 120.50 W, 71, 68 %, 22 %
2025/08/15 12:03:46.487, 127.33 W, 72, 67 %, 22 %
2025/08/15 12:03:47.493, 127.64 W, 71, 67 %, 22 %
2025/08/15 12:03:48.497, 131.43 W, 72, 67 %, 22 %
2025/08/15 12:03:49.502, 104.53 W, 71, 53 %, 15 %
2025/08/15 12:03:50.505, 114.39 W, 71, 65 %, 21 %
2025/08/15 12:03:51.512, 122.72 W, 71, 67 %, 22 %
2025/08/15 12:03:52.515, 125.17 W, 72, 67 %, 22 %
2025/08/15 12:03:53.518, 130.10 W, 72, 67 %, 22 %
2025/08/15 12:03:54.522, 127.39 W, 72, 67 %, 22 %
2025/08/15 12:03:55.530, 126.89 W, 72, 66 %, 21 %
2025/08/15 12:03:56.533, 118.26 W, 72, 67 %, 22 %
2025/08/15 12:03:57.538, 125.09 W, 72, 67 %, 22 %
2025/08/15 12:03:58.542, 124.44 W, 72, 67 %, 22 %
2025/08/15 12:03:59.549, 133.23 W, 72, 66 %, 22 %
2025/08/15 12:04:00.552, 115.45 W, 72, 67 %, 22 %
2025/08/15 12:04:01.556, 117.54 W, 72, 67 %, 22 %
2025/08/15 12:04:02.559, 116.31 W, 72, 67 %, 22 %
2025/08/15 12:04:03.562, 131.07 W, 72, 67 %, 22 %
2025/08/15 12:04:04.565, 123.30 W, 72, 67 %, 22 %
2025/08/15 12:04:05.569, 103.30 W, 72, 44 %, 13 %
2025/08/15 12:04:06.573, 119.76 W, 71, 35 %, 10 %
2025/08/15 12:04:07.577, 123.21 W, 72, 67 %, 22 %
2025/08/15 12:04:08.581, 124.74 W, 72, 67 %, 22 %
2025/08/15 12:04:09.584, 115.83 W, 72, 68 %, 22 %
2025/08/15 12:04:10.587, 122.22 W, 72, 65 %, 21 %
2025/08/15 12:04:11.590, 120.15 W, 72, 67 %, 22 %
2025/08/15 12:04:12.594, 128.69 W, 72, 67 %, 22 %
2025/08/15 12:04:13.598, 121.63 W, 73, 67 %, 22 %
2025/08/15 12:04:14.601, 119.93 W, 73, 67 %, 22 %
2025/08/15 12:04:15.604, 119.76 W, 72, 67 %, 22 %
2025/08/15 12:04:16.607, 128.13 W, 73, 68 %, 22 %
2025/08/15 12:04:17.611, 130.77 W, 73, 67 %, 22 %
2025/08/15 12:04:18.614, 129.05 W, 73, 67 %, 22 %
2025/08/15 12:04:19.617, 123.71 W, 73, 67 %, 22 %
2025/08/15 12:04:20.623, 123.05 W, 73, 68 %, 22 %
2025/08/15 12:04:21.628, 124.41 W, 73, 65 %, 21 %
2025/08/15 12:04:22.631, 111.68 W, 72, 52 %, 15 %
2025/08/15 12:04:23.634, 123.27 W, 72, 68 %, 22 %
2025/08/15 12:04:24.639, 132.55 W, 72, 68 %, 22 %
2025/08/15 12:04:25.643, 128.87 W, 73, 67 %, 22 %
2025/08/15 12:04:26.648, 132.07 W, 73, 67 %, 22 %
2025/08/15 12:04:27.651, 114.74 W, 73, 68 %, 22 %
2025/08/15 12:04:28.654, 124.34 W, 73, 68 %, 22 %
2025/08/15 12:04:29.658, 128.64 W, 73, 68 %, 22 %
2025/08/15 12:04:30.663, 136.74 W, 73, 68 %, 22 %
2025/08/15 12:04:31.666, 124.86 W, 73, 67 %, 22 %
2025/08/15 12:04:32.669, 141.42 W, 73, 68 %, 22 %
2025/08/15 12:04:33.672, 125.18 W, 73, 67 %, 22 %
2025/08/15 12:04:34.676, 126.97 W, 73, 67 %, 22 %
2025/08/15 12:04:35.681, 129.84 W, 73, 68 %, 22 %
2025/08/15 12:04:36.684, 128.46 W, 73, 68 %, 22 %
2025/08/15 12:04:37.688, 127.95 W, 73, 67 %, 22 %
2025/08/15 12:04:38.692, 104.60 W, 73, 42 %, 13 %
2025/08/15 12:04:39.696, 118.61 W, 72, 34 %, 10 %
2025/08/15 12:04:40.700, 126.83 W, 73, 68 %, 22 %
2025/08/15 12:04:41.703, 126.39 W, 73, 68 %, 22 %
2025/08/15 12:04:42.708, 139.80 W, 73, 68 %, 22 %
2025/08/15 12:04:43.712, 133.89 W, 73, 68 %, 22 %
2025/08/15 12:04:44.715, 127.05 W, 73, 67 %, 22 %
2025/08/15 12:04:45.718, 131.18 W, 73, 67 %, 22 %
2025/08/15 12:04:46.721, 129.04 W, 73, 66 %, 22 %
2025/08/15 12:04:47.727, 124.20 W, 73, 65 %, 21 %
2025/08/15 12:04:48.731, 116.61 W, 73, 66 %, 22 %
2025/08/15 12:04:49.734, 124.42 W, 73, 65 %, 21 %
2025/08/15 12:04:50.737, 122.89 W, 73, 66 %, 21 %
2025/08/15 12:04:51.741, 121.57 W, 74, 66 %, 21 %
2025/08/15 12:04:52.746, 123.36 W, 73, 66 %, 21 %
2025/08/15 12:04:53.749, 119.00 W, 74, 65 %, 21 %
2025/08/15 12:04:54.753, 126.97 W, 74, 66 %, 21 %
2025/08/15 12:04:55.756, 112.24 W, 73, 53 %, 16 %
2025/08/15 12:04:56.760, 124.80 W, 73, 65 %, 21 %
2025/08/15 12:04:57.764, 126.66 W, 73, 66 %, 22 %
2025/08/15 12:04:58.769, 135.94 W, 74, 68 %, 22 %
2025/08/15 12:04:59.774, 122.31 W, 74, 68 %, 22 %
2025/08/15 12:05:00.778, 130.99 W, 74, 68 %, 22 %
2025/08/15 12:05:01.781, 129.76 W, 74, 67 %, 22 %
2025/08/15 12:05:02.784, 138.64 W, 74, 67 %, 22 %
2025/08/15 12:05:03.789, 127.15 W, 74, 67 %, 22 %
2025/08/15 12:05:04.793, 130.22 W, 74, 66 %, 22 %
2025/08/15 12:05:05.796, 125.43 W, 74, 68 %, 22 %
2025/08/15 12:05:06.799, 119.57 W, 74, 67 %, 22 %
2025/08/15 12:05:07.803, 124.45 W, 74, 67 %, 22 %
2025/08/15 12:05:08.806, 123.55 W, 74, 67 %, 22 %
2025/08/15 12:05:09.812, 141.99 W, 74, 67 %, 22 %
2025/08/15 12:05:10.815, 122.04 W, 74, 66 %, 22 %
2025/08/15 12:05:11.818, 127.56 W, 73, 66 %, 22 %
2025/08/15 12:05:12.821, 112.00 W, 72, 54 %, 16 %
2025/08/15 12:05:13.824, 124.36 W, 73, 67 %, 22 %
2025/08/15 12:05:14.830, 127.32 W, 73, 67 %, 22 %
2025/08/15 12:05:15.833, 131.66 W, 73, 67 %, 22 %
2025/08/15 12:05:16.837, 124.79 W, 73, 67 %, 22 %
2025/08/15 12:05:17.841, 123.78 W, 73, 68 %, 22 %
2025/08/15 12:05:18.844, 126.89 W, 73, 67 %, 22 %
2025/08/15 12:05:19.852, 121.71 W, 73, 67 %, 22 %
2025/08/15 12:05:20.855, 133.54 W, 73, 67 %, 22 %
2025/08/15 12:05:21.858, 120.98 W, 73, 68 %, 22 %
2025/08/15 12:05:22.861, 124.86 W, 73, 68 %, 22 %
2025/08/15 12:05:23.865, 126.72 W, 73, 67 %, 22 %
2025/08/15 12:05:24.868, 124.85 W, 73, 68 %, 22 %
2025/08/15 12:05:25.871, 120.23 W, 73, 66 %, 21 %
2025/08/15 12:05:26.876, 120.56 W, 73, 68 %, 22 %
2025/08/15 12:05:27.879, 123.21 W, 73, 67 %, 22 %
2025/08/15 12:05:28.882, 112.99 W, 72, 53 %, 16 %
2025/08/15 12:05:29.885, 121.98 W, 72, 59 %, 19 %
2025/08/15 12:05:30.889, 123.21 W, 73, 67 %, 22 %
2025/08/15 12:05:31.894, 123.05 W, 73, 66 %, 22 %
2025/08/15 12:05:32.899, 133.88 W, 73, 68 %, 22 %
2025/08/15 12:05:33.902, 133.30 W, 73, 67 %, 22 %
2025/08/15 12:05:34.905, 122.28 W, 73, 67 %, 22 %
2025/08/15 12:05:35.909, 127.33 W, 73, 67 %, 22 %
2025/08/15 12:05:36.912, 132.49 W, 73, 67 %, 22 %
2025/08/15 12:05:37.916, 116.63 W, 73, 67 %, 22 %
2025/08/15 12:05:38.919, 123.96 W, 73, 68 %, 22 %
2025/08/15 12:05:39.922, 129.76 W, 73, 67 %, 22 %
2025/08/15 12:05:40.925, 117.22 W, 73, 66 %, 22 %
2025/08/15 12:05:41.929, 110.77 W, 73, 65 %, 21 %
2025/08/15 12:05:42.932, 133.29 W, 73, 68 %, 22 %
2025/08/15 12:05:43.936, 129.11 W, 73, 67 %, 22 %
2025/08/15 12:05:44.939, 140.11 W, 73, 68 %, 22 %
2025/08/15 12:05:45.946, 110.21 W, 73, 54 %, 16 %
2025/08/15 12:05:46.951, 127.98 W, 73, 69 %, 22 %
2025/08/15 12:05:47.955, 138.31 W, 73, 69 %, 23 %
2025/08/15 12:05:48.958, 126.25 W, 73, 68 %, 22 %
2025/08/15 12:05:49.965, 134.93 W, 73, 68 %, 22 %
2025/08/15 12:05:50.969, 138.88 W, 73, 67 %, 22 %
2025/08/15 12:05:51.973, 127.15 W, 73, 67 %, 22 %
2025/08/15 12:05:52.977, 129.86 W, 74, 68 %, 22 %
2025/08/15 12:05:53.985, 132.73 W, 74, 68 %, 22 %
2025/08/15 12:05:54.988, 126.23 W, 74, 67 %, 22 %
2025/08/15 12:05:55.991, 138.46 W, 74, 67 %, 22 %
2025/08/15 12:05:56.994, 131.42 W, 74, 65 %, 21 %
2025/08/15 12:05:57.998, 131.19 W, 73, 62 %, 20 %
2025/08/15 12:05:59.002, 119.82 W, 74, 66 %, 21 %
2025/08/15 12:06:00.005, 121.05 W, 74, 66 %, 21 %
2025/08/15 12:06:01.009, 129.68 W, 74, 66 %, 21 %
2025/08/15 12:06:02.012, 102.13 W, 73, 44 %, 13 %
2025/08/15 12:06:03.015, 124.94 W, 72, 31 %, 9 %
2025/08/15 12:06:04.021, 123.29 W, 73, 66 %, 21 %
2025/08/15 12:06:05.025, 121.33 W, 73, 65 %, 21 %
2025/08/15 12:06:06.028, 119.99 W, 73, 66 %, 21 %
2025/08/15 12:06:07.031, 116.30 W, 73, 65 %, 21 %
2025/08/15 12:06:08.036, 126.64 W, 73, 65 %, 21 %
2025/08/15 12:06:09.040, 130.84 W, 73, 66 %, 22 %
2025/08/15 12:06:10.043, 127.57 W, 73, 67 %, 22 %
2025/08/15 12:06:11.046, 116.88 W, 73, 67 %, 22 %
2025/08/15 12:06:12.050, 127.22 W, 73, 66 %, 21 %
2025/08/15 12:06:13.054, 126.47 W, 73, 67 %, 22 %
2025/08/15 12:06:14.057, 129.47 W, 73, 68 %, 22 %
2025/08/15 12:06:15.060, 127.64 W, 73, 67 %, 22 %
2025/08/15 12:06:16.063, 125.92 W, 73, 67 %, 22 %
2025/08/15 12:06:17.069, 135.76 W, 73, 68 %, 22 %
2025/08/15 12:06:18.072, 123.44 W, 73, 67 %, 22 %
2025/08/15 12:06:19.075, 109.04 W, 72, 54 %, 16 %
2025/08/15 12:06:20.078, 130.11 W, 73, 67 %, 22 %
2025/08/15 12:06:21.082, 135.10 W, 73, 68 %, 22 %
2025/08/15 12:06:22.087, 120.97 W, 73, 65 %, 21 %
2025/08/15 12:06:23.090, 127.81 W, 73, 67 %, 22 %
2025/08/15 12:06:24.094, 128.94 W, 73, 67 %, 22 %
2025/08/15 12:06:25.097, 127.33 W, 73, 68 %, 22 %
2025/08/15 12:06:26.100, 119.32 W, 73, 67 %, 22 %
2025/08/15 12:06:27.103, 132.24 W, 73, 67 %, 22 %
2025/08/15 12:06:28.107, 131.14 W, 73, 67 %, 22 %
2025/08/15 12:06:29.111, 134.86 W, 73, 64 %, 21 %
2025/08/15 12:06:30.115, 136.75 W, 73, 66 %, 22 %
2025/08/15 12:06:31.118, 134.29 W, 73, 67 %, 22 %
2025/08/15 12:06:32.121, 127.65 W, 73, 65 %, 21 %
2025/08/15 12:06:33.126, 114.39 W, 73, 66 %, 22 %
2025/08/15 12:06:34.129, 125.24 W, 73, 67 %, 22 %
2025/08/15 12:06:35.135, 111.75 W, 73, 65 %, 21 %
2025/08/15 12:06:36.139, 115.89 W, 72, 54 %, 16 %
2025/08/15 12:06:37.143, 133.88 W, 73, 68 %, 22 %
2025/08/15 12:06:38.146, 132.22 W, 73, 68 %, 22 %
2025/08/15 12:06:39.150, 120.99 W, 73, 67 %, 22 %
2025/08/15 12:06:40.155, 120.99 W, 73, 67 %, 22 %
2025/08/15 12:06:41.158, 139.55 W, 73, 66 %, 22 %
2025/08/15 12:06:42.161, 133.23 W, 73, 65 %, 21 %
2025/08/15 12:06:43.166, 129.12 W, 73, 67 %, 22 %
2025/08/15 12:06:44.169, 127.38 W, 73, 67 %, 22 %
2025/08/15 12:06:45.173, 127.98 W, 73, 67 %, 22 %
2025/08/15 12:06:46.176, 132.15 W, 73, 67 %, 22 %
2025/08/15 12:06:47.179, 124.44 W, 73, 67 %, 22 %
2025/08/15 12:06:48.182, 127.64 W, 73, 68 %, 22 %
2025/08/15 12:06:49.186, 133.29 W, 73, 66 %, 21 %
2025/08/15 12:06:50.189, 136.18 W, 73, 68 %, 22 %
2025/08/15 12:06:51.192, 120.50 W, 73, 68 %, 22 %
2025/08/15 12:06:52.195, 105.63 W, 73, 52 %, 15 %
2025/08/15 12:06:53.202, 134.53 W, 73, 68 %, 22 %
2025/08/15 12:06:54.206, 138.32 W, 73, 68 %, 22 %
2025/08/15 12:06:55.210, 131.66 W, 73, 68 %, 22 %
2025/08/15 12:06:56.213, 123.34 W, 73, 68 %, 22 %
2025/08/15 12:06:57.216, 127.82 W, 74, 67 %, 22 %
2025/08/15 12:06:58.220, 131.41 W, 73, 67 %, 22 %
2025/08/15 12:06:59.224, 124.93 W, 74, 66 %, 22 %
2025/08/15 12:07:00.229, 121.31 W, 74, 67 %, 22 %
2025/08/15 12:07:01.232, 123.87 W, 73, 65 %, 21 %
2025/08/15 12:07:02.235, 128.39 W, 74, 67 %, 22 %
2025/08/15 12:07:03.239, 134.04 W, 74, 67 %, 22 %
2025/08/15 12:07:04.243, 128.45 W, 74, 67 %, 22 %
2025/08/15 12:07:05.246, 134.77 W, 74, 66 %, 22 %
2025/08/15 12:07:06.249, 128.88 W, 73, 66 %, 22 %
2025/08/15 12:07:07.252, 138.28 W, 74, 66 %, 22 %
2025/08/15 12:07:08.257, 104.77 W, 73, 45 %, 14 %
2025/08/15 12:07:09.261, 76.31 W, 72, 50 %, 15 %
2025/08/15 12:07:10.265, 118.02 W, 73, 65 %, 21 %
2025/08/15 12:07:11.268, 122.96 W, 73, 64 %, 21 %
2025/08/15 12:07:12.272, 134.77 W, 73, 65 %, 21 %
2025/08/15 12:07:13.275, 113.48 W, 73, 64 %, 21 %
2025/08/15 12:07:14.278, 133.96 W, 73, 65 %, 21 %
2025/08/15 12:07:15.281, 110.80 W, 73, 64 %, 21 %
2025/08/15 12:07:16.288, 121.90 W, 73, 66 %, 22 %
2025/08/15 12:07:17.292, 122.37 W, 73, 66 %, 22 %
2025/08/15 12:07:18.295, 124.92 W, 73, 66 %, 21 %
2025/08/15 12:07:19.298, 124.62 W, 73, 65 %, 21 %
2025/08/15 12:07:20.302, 128.80 W, 73, 66 %, 21 %
2025/08/15 12:07:21.306, 124.20 W, 73, 66 %, 22 %
2025/08/15 12:07:22.309, 116.80 W, 73, 67 %, 22 %
2025/08/15 12:07:23.312, 121.16 W, 73, 67 %, 22 %
2025/08/15 12:07:24.315, 139.61 W, 73, 68 %, 22 %
2025/08/15 12:07:25.318, 107.86 W, 72, 42 %, 13 %
2025/08/15 12:07:26.324, 96.64 W, 71, 33 %, 10 %
2025/08/15 12:07:27.328, 122.89 W, 73, 67 %, 22 %
2025/08/15 12:07:28.331, 129.78 W, 73, 68 %, 22 %
2025/08/15 12:07:29.334, 129.05 W, 73, 67 %, 22 %
2025/08/15 12:07:30.338, 132.73 W, 73, 68 %, 22 %
2025/08/15 12:07:31.343, 125.92 W, 73, 67 %, 22 %
2025/08/15 12:07:32.346, 126.25 W, 73, 64 %, 21 %
2025/08/15 12:07:33.349, 129.76 W, 73, 66 %, 22 %
2025/08/15 12:07:34.352, 133.45 W, 73, 68 %, 22 %
2025/08/15 12:07:35.356, 125.72 W, 73, 67 %, 22 %
2025/08/15 12:07:36.359, 125.66 W, 73, 68 %, 22 %
2025/08/15 12:07:37.362, 130.53 W, 73, 67 %, 22 %
2025/08/15 12:07:38.365, 129.36 W, 73, 67 %, 22 %
2025/08/15 12:07:39.370, 121.63 W, 73, 68 %, 22 %
2025/08/15 12:07:40.373, 122.94 W, 73, 67 %, 22 %
2025/08/15 12:07:41.376, 141.43 W, 73, 68 %, 22 %
2025/08/15 12:07:42.379, 104.35 W, 72, 54 %, 16 %
2025/08/15 12:07:43.384, 125.92 W, 73, 67 %, 22 %
2025/08/15 12:07:44.387, 117.30 W, 73, 67 %, 22 %
2025/08/15 12:07:45.391, 123.44 W, 73, 67 %, 22 %
2025/08/15 12:07:46.395, 130.34 W, 73, 67 %, 22 %
2025/08/15 12:07:47.398, 127.23 W, 73, 68 %, 22 %
2025/08/15 12:07:48.401, 125.93 W, 73, 68 %, 22 %
2025/08/15 12:07:49.404, 126.51 W, 73, 68 %, 22 %
2025/08/15 12:07:50.411, 142.08 W, 73, 67 %, 22 %
2025/08/15 12:07:51.414, 134.23 W, 73, 67 %, 22 %
2025/08/15 12:07:52.417, 134.52 W, 73, 67 %, 22 %
2025/08/15 12:07:53.420, 122.47 W, 73, 67 %, 22 %
2025/08/15 12:07:54.424, 137.73 W, 73, 67 %, 22 %
2025/08/15 12:07:55.431, 126.74 W, 73, 67 %, 22 %
2025/08/15 12:07:56.435, 134.36 W, 73, 67 %, 22 %
2025/08/15 12:07:57.439, 123.93 W, 73, 67 %, 22 %
2025/08/15 12:07:58.442, 107.56 W, 73, 43 %, 13 %
2025/08/15 12:07:59.447, 100.67 W, 72, 36 %, 10 %
2025/08/15 12:08:00.450, 134.60 W, 73, 68 %, 22 %
2025/08/15 12:08:01.453, 124.93 W, 73, 66 %, 21 %
2025/08/15 12:08:02.458, 127.97 W, 73, 66 %, 22 %
2025/08/15 12:08:03.461, 127.07 W, 73, 67 %, 22 %
2025/08/15 12:08:04.464, 131.91 W, 73, 66 %, 21 %
2025/08/15 12:08:05.467, 129.70 W, 73, 68 %, 22 %
2025/08/15 12:08:06.472, 134.70 W, 73, 67 %, 22 %
2025/08/15 12:08:07.477, 124.26 W, 73, 67 %, 22 %
2025/08/15 12:08:08.480, 123.76 W, 73, 67 %, 22 %
2025/08/15 12:08:09.483, 127.89 W, 73, 67 %, 22 %
2025/08/15 12:08:10.488, 132.99 W, 73, 67 %, 22 %
2025/08/15 12:08:11.491, 125.69 W, 74, 68 %, 22 %
2025/08/15 12:08:12.495, 114.14 W, 73, 67 %, 22 %
2025/08/15 12:08:13.498, 128.30 W, 73, 67 %, 22 %
2025/08/15 12:08:14.503, 130.16 W, 73, 67 %, 22 %
2025/08/15 12:08:15.507, 111.94 W, 73, 53 %, 16 %
2025/08/15 12:08:16.515, 123.46 W, 73, 67 %, 22 %
2025/08/15 12:08:17.519, 140.36 W, 73, 67 %, 22 %
2025/08/15 12:08:18.522, 130.36 W, 73, 66 %, 21 %
2025/08/15 12:08:19.526, 129.29 W, 73, 67 %, 22 %
2025/08/15 12:08:20.530, 123.38 W, 73, 68 %, 22 %
2025/08/15 12:08:21.533, 126.50 W, 73, 66 %, 21 %
2025/08/15 12:08:22.536, 122.88 W, 73, 66 %, 22 %
2025/08/15 12:08:23.540, 132.06 W, 73, 66 %, 21 %
2025/08/15 12:08:24.544, 132.25 W, 73, 66 %, 21 %
2025/08/15 12:08:25.547, 115.87 W, 73, 65 %, 21 %
2025/08/15 12:08:26.551, 130.34 W, 73, 65 %, 21 %
2025/08/15 12:08:27.555, 133.54 W, 73, 66 %, 21 %
2025/08/15 12:08:28.559, 129.19 W, 73, 66 %, 21 %
2025/08/15 12:08:29.563, 119.18 W, 73, 67 %, 21 %
2025/08/15 12:08:30.567, 127.40 W, 73, 66 %, 22 %
2025/08/15 12:08:31.571, 127.65 W, 73, 66 %, 22 %
2025/08/15 12:08:32.574, 103.67 W, 72, 50 %, 15 %
2025/08/15 12:08:33.579, 130.53 W, 73, 68 %, 22 %
2025/08/15 12:08:34.583, 124.01 W, 73, 66 %, 21 %
2025/08/15 12:08:35.586, 122.78 W, 73, 64 %, 21 %
2025/08/15 12:08:36.590, 120.23 W, 73, 66 %, 21 %
2025/08/15 12:08:37.593, 133.80 W, 73, 67 %, 22 %
2025/08/15 12:08:38.599, 128.94 W, 73, 67 %, 22 %
2025/08/15 12:08:39.603, 130.11 W, 73, 66 %, 21 %
2025/08/15 12:08:40.606, 114.15 W, 73, 68 %, 22 %
2025/08/15 12:08:41.609, 124.44 W, 73, 68 %, 22 %
2025/08/15 12:08:42.612, 123.21 W, 73, 68 %, 22 %
2025/08/15 12:08:43.615, 127.96 W, 73, 68 %, 22 %
2025/08/15 12:08:44.619, 118.03 W, 73, 68 %, 22 %
2025/08/15 12:08:45.623, 127.81 W, 73, 67 %, 22 %
2025/08/15 12:08:46.630, 125.49 W, 73, 67 %, 22 %
2025/08/15 12:08:47.633, 129.37 W, 73, 67 %, 22 %
2025/08/15 12:08:48.637, 109.29 W, 73, 54 %, 16 %
2025/08/15 12:08:49.640, 133.47 W, 73, 50 %, 16 %
2025/08/15 12:08:50.643, 126.34 W, 73, 68 %, 22 %
2025/08/15 12:08:51.650, 128.31 W, 73, 68 %, 22 %
2025/08/15 12:08:52.653, 119.67 W, 73, 68 %, 22 %
2025/08/15 12:08:53.656, 131.67 W, 73, 67 %, 22 %
2025/08/15 12:08:54.659, 130.36 W, 73, 67 %, 22 %
2025/08/15 12:08:55.663, 129.85 W, 73, 67 %, 22 %
2025/08/15 12:08:56.667, 113.86 W, 73, 67 %, 22 %
2025/08/15 12:08:57.671, 130.85 W, 73, 67 %, 22 %
2025/08/15 12:08:58.674, 136.44 W, 73, 67 %, 22 %
2025/08/15 12:08:59.677, 129.86 W, 73, 67 %, 22 %
2025/08/15 12:09:00.680, 139.12 W, 74, 68 %, 22 %
2025/08/15 12:09:01.686, 129.84 W, 74, 68 %, 22 %
2025/08/15 12:09:02.689, 128.03 W, 73, 68 %, 22 %
2025/08/15 12:09:03.693, 124.20 W, 74, 67 %, 22 %
2025/08/15 12:09:04.696, 122.28 W, 73, 68 %, 22 %
2025/08/15 12:09:05.699, 103.92 W, 73, 54 %, 16 %
2025/08/15 12:09:06.704, 131.50 W, 73, 67 %, 22 %
2025/08/15 12:09:07.707, 133.54 W, 73, 65 %, 21 %
2025/08/15 12:09:08.711, 124.77 W, 73, 66 %, 21 %
2025/08/15 12:09:09.715, 132.40 W, 73, 67 %, 22 %
2025/08/15 12:09:10.719, 124.61 W, 73, 68 %, 22 %
2025/08/15 12:09:11.722, 125.74 W, 73, 67 %, 22 %
2025/08/15 12:09:12.725, 128.63 W, 73, 64 %, 21 %
2025/08/15 12:09:13.729, 126.91 W, 73, 67 %, 22 %
2025/08/15 12:09:14.735, 127.89 W, 73, 68 %, 22 %
2025/08/15 12:09:15.738, 129.79 W, 73, 67 %, 22 %
2025/08/15 12:09:16.742, 129.61 W, 73, 67 %, 22 %
2025/08/15 12:09:17.745, 119.49 W, 73, 68 %, 22 %
2025/08/15 12:09:18.748, 124.29 W, 73, 67 %, 22 %
2025/08/15 12:09:19.753, 128.97 W, 73, 68 %, 22 %
2025/08/15 12:09:20.756, 124.93 W, 73, 67 %, 22 %
2025/08/15 12:09:21.759, 108.74 W, 73, 47 %, 14 %
2025/08/15 12:09:22.764, 122.72 W, 72, 36 %, 11 %
2025/08/15 12:09:23.767, 133.47 W, 73, 67 %, 22 %
2025/08/15 12:09:24.771, 134.44 W, 73, 67 %, 22 %
2025/08/15 12:09:25.778, 124.36 W, 73, 67 %, 22 %
2025/08/15 12:09:26.782, 133.12 W, 73, 67 %, 22 %
2025/08/15 12:09:27.785, 133.96 W, 73, 67 %, 22 %
2025/08/15 12:09:28.789, 127.95 W, 73, 67 %, 22 %
2025/08/15 12:09:29.792, 114.64 W, 73, 67 %, 22 %
2025/08/15 12:09:30.795, 128.61 W, 73, 67 %, 22 %
2025/08/15 12:09:31.802, 138.64 W, 73, 68 %, 22 %
2025/08/15 12:09:32.805, 117.35 W, 73, 67 %, 22 %
2025/08/15 12:09:33.808, 119.93 W, 73, 66 %, 22 %
2025/08/15 12:09:34.812, 114.99 W, 73, 63 %, 20 %
2025/08/15 12:09:35.815, 122.08 W, 73, 66 %, 21 %
2025/08/15 12:09:36.821, 136.19 W, 73, 65 %, 21 %
2025/08/15 12:09:37.824, 116.63 W, 73, 65 %, 21 %
2025/08/15 12:09:38.827, 107.07 W, 72, 53 %, 16 %
2025/08/15 12:09:39.831, 123.27 W, 72, 33 %, 10 %
2025/08/15 12:09:40.834, 118.53 W, 73, 65 %, 21 %
2025/08/15 12:09:41.841, 120.90 W, 73, 63 %, 21 %
2025/08/15 12:09:42.844, 133.79 W, 73, 66 %, 22 %
2025/08/15 12:09:43.847, 130.94 W, 73, 66 %, 21 %
2025/08/15 12:09:44.851, 123.59 W, 73, 62 %, 20 %
2025/08/15 12:09:45.854, 115.20 W, 73, 66 %, 22 %
2025/08/15 12:09:46.857, 129.05 W, 73, 68 %, 22 %
2025/08/15 12:09:47.864, 127.21 W, 73, 67 %, 22 %
2025/08/15 12:09:48.868, 134.47 W, 73, 68 %, 22 %
2025/08/15 12:09:49.872, 125.76 W, 73, 68 %, 22 %
2025/08/15 12:09:50.876, 133.46 W, 73, 68 %, 22 %
2025/08/15 12:09:51.879, 123.19 W, 73, 67 %, 22 %
2025/08/15 12:09:52.884, 127.15 W, 73, 68 %, 22 %
2025/08/15 12:09:53.888, 131.18 W, 73, 66 %, 22 %
2025/08/15 12:09:54.891, 130.60 W, 73, 67 %, 22 %
2025/08/15 12:09:55.894, 104.11 W, 73, 53 %, 16 %
2025/08/15 12:09:56.897, 122.47 W, 73, 67 %, 22 %
2025/08/15 12:09:57.900, 125.25 W, 73, 67 %, 22 %
2025/08/15 12:09:58.907, 134.61 W, 73, 67 %, 22 %
2025/08/15 12:09:59.910, 132.70 W, 73, 68 %, 22 %
2025/08/15 12:10:00.914, 130.27 W, 73, 67 %, 22 %
2025/08/15 12:10:01.918, 128.45 W, 73, 67 %, 22 %
2025/08/15 12:10:02.923, 114.89 W, 73, 67 %, 22 %
2025/08/15 12:10:03.926, 124.86 W, 73, 67 %, 22 %
2025/08/15 12:10:04.929, 122.47 W, 73, 66 %, 22 %
2025/08/15 12:10:05.932, 125.43 W, 73, 67 %, 22 %
2025/08/15 12:10:06.937, 122.86 W, 73, 68 %, 22 %
2025/08/15 12:10:07.944, 125.41 W, 73, 68 %, 22 %
2025/08/15 12:10:08.947, 136.60 W, 73, 67 %, 22 %
2025/08/15 12:10:09.952, 124.67 W, 73, 67 %, 22 %
2025/08/15 12:10:10.955, 127.15 W, 73, 65 %, 21 %
2025/08/15 12:10:11.958, 123.44 W, 73, 65 %, 21 %
2025/08/15 12:10:12.961, 108.06 W, 73, 54 %, 16 %
2025/08/15 12:10:13.965, 117.64 W, 73, 68 %, 22 %
2025/08/15 12:10:14.968, 128.77 W, 73, 68 %, 22 %
2025/08/15 12:10:15.974, 128.55 W, 73, 66 %, 22 %
2025/08/15 12:10:16.978, 119.32 W, 73, 68 %, 22 %
2025/08/15 12:10:17.981, 125.41 W, 73, 67 %, 22 %
2025/08/15 12:10:18.984, 121.71 W, 73, 66 %, 21 %
2025/08/15 12:10:19.988, 125.92 W, 73, 67 %, 22 %
2025/08/15 12:10:20.993, 132.80 W, 73, 66 %, 21 %
2025/08/15 12:10:21.996, 127.65 W, 73, 66 %, 21 %
2025/08/15 12:10:22.999, 125.02 W, 74, 68 %, 22 %
2025/08/15 12:10:24.002, 119.44 W, 74, 68 %, 22 %
2025/08/15 12:10:25.006, 121.98 W, 74, 68 %, 22 %
2025/08/15 12:10:26.012, 127.82 W, 73, 67 %, 22 %
2025/08/15 12:10:27.015, 134.12 W, 74, 67 %, 22 %
2025/08/15 12:10:28.018, 131.75 W, 73, 66 %, 21 %
2025/08/15 12:10:29.022, 108.33 W, 73, 54 %, 16 %
2025/08/15 12:10:30.026, 130.68 W, 73, 67 %, 22 %
2025/08/15 12:10:31.032, 124.28 W, 73, 67 %, 22 %
2025/08/15 12:10:32.036, 128.28 W, 73, 65 %, 21 %
2025/08/15 12:10:33.039, 121.24 W, 73, 66 %, 22 %
2025/08/15 12:10:34.042, 129.86 W, 73, 67 %, 22 %
2025/08/15 12:10:35.046, 131.51 W, 73, 67 %, 22 %
2025/08/15 12:10:36.050, 124.20 W, 73, 67 %, 22 %
2025/08/15 12:10:37.053, 125.60 W, 73, 67 %, 22 %
2025/08/15 12:10:38.059, 125.26 W, 73, 67 %, 22 %
2025/08/15 12:10:39.064, 127.98 W, 73, 68 %, 22 %
2025/08/15 12:10:40.067, 132.65 W, 73, 67 %, 22 %
2025/08/15 12:10:41.070, 131.50 W, 73, 66 %, 21 %
2025/08/15 12:10:42.073, 135.44 W, 73, 66 %, 22 %
2025/08/15 12:10:43.078, 122.55 W, 73, 63 %, 20 %
2025/08/15 12:10:44.081, 124.93 W, 73, 65 %, 21 %
2025/08/15 12:10:45.085, 125.00 W, 73, 66 %, 21 %
2025/08/15 12:10:46.089, 104.22 W, 72, 52 %, 15 %
2025/08/15 12:10:47.092, 129.27 W, 73, 67 %, 22 %
2025/08/15 12:10:48.096, 128.48 W, 73, 66 %, 21 %
2025/08/15 12:10:49.101, 127.65 W, 73, 65 %, 21 %
2025/08/15 12:10:50.104, 130.02 W, 73, 66 %, 21 %
2025/08/15 12:10:51.107, 129.12 W, 73, 66 %, 22 %
2025/08/15 12:10:52.111, 132.50 W, 73, 59 %, 19 %
2025/08/15 12:10:53.116, 116.37 W, 73, 65 %, 21 %
2025/08/15 12:10:54.120, 121.55 W, 73, 66 %, 22 %
2025/08/15 12:10:55.123, 125.57 W, 73, 66 %, 21 %
2025/08/15 12:10:56.127, 139.19 W, 73, 66 %, 21 %
2025/08/15 12:10:57.131, 124.11 W, 73, 66 %, 22 %
2025/08/15 12:10:58.135, 126.41 W, 73, 67 %, 22 %
2025/08/15 12:10:59.138, 127.88 W, 73, 67 %, 22 %
2025/08/15 12:11:00.145, 125.92 W, 73, 66 %, 21 %
2025/08/15 12:11:01.149, 127.40 W, 73, 67 %, 22 %
2025/08/15 12:11:02.152, 55.85 W, 73, 65 %, 21 %
2025/08/15 12:11:03.156, 112.10 W, 72, 53 %, 16 %
2025/08/15 12:11:04.159, 120.34 W, 73, 67 %, 22 %
2025/08/15 12:11:05.163, 133.63 W, 73, 67 %, 22 %
2025/08/15 12:11:06.168, 140.78 W, 73, 67 %, 22 %
2025/08/15 12:11:07.171, 129.35 W, 73, 67 %, 22 %
2025/08/15 12:11:08.175, 125.74 W, 73, 66 %, 21 %
2025/08/15 12:11:09.178, 120.07 W, 73, 67 %, 22 %
2025/08/15 12:11:10.182, 129.48 W, 73, 68 %, 22 %
2025/08/15 12:11:11.187, 130.08 W, 73, 68 %, 22 %
2025/08/15 12:11:12.190, 114.07 W, 73, 66 %, 21 %
2025/08/15 12:11:13.193, 126.31 W, 73, 67 %, 22 %
2025/08/15 12:11:14.197, 124.01 W, 74, 66 %, 21 %
2025/08/15 12:11:15.203, 131.99 W, 73, 66 %, 21 %
2025/08/15 12:11:16.206, 140.44 W, 73, 67 %, 22 %
2025/08/15 12:11:17.210, 123.20 W, 73, 67 %, 22 %
2025/08/15 12:11:18.213, 123.76 W, 73, 67 %, 22 %
2025/08/15 12:11:19.216, 111.04 W, 73, 53 %, 16 %
2025/08/15 12:11:20.219, 127.48 W, 73, 62 %, 20 %
2025/08/15 12:11:21.223, 129.52 W, 73, 67 %, 22 %
2025/08/15 12:11:22.226, 131.67 W, 73, 66 %, 21 %
2025/08/15 12:11:23.231, 117.97 W, 73, 66 %, 22 %
2025/08/15 12:11:24.234, 130.34 W, 73, 67 %, 22 %
2025/08/15 12:11:25.237, 120.81 W, 73, 67 %, 22 %
2025/08/15 12:11:26.240, 119.51 W, 73, 67 %, 22 %
2025/08/15 12:11:27.245, 133.04 W, 73, 67 %, 22 %
2025/08/15 12:11:28.251, 129.20 W, 73, 67 %, 22 %
2025/08/15 12:11:29.254, 121.16 W, 73, 67 %, 22 %
2025/08/15 12:11:30.257, 128.79 W, 73, 66 %, 21 %
2025/08/15 12:11:31.261, 118.83 W, 73, 66 %, 21 %
2025/08/15 12:11:32.264, 116.85 W, 73, 67 %, 22 %
2025/08/15 12:11:33.268, 127.13 W, 74, 67 %, 22 %
2025/08/15 12:11:34.271, 134.65 W, 74, 67 %, 22 %
2025/08/15 12:11:35.275, 128.31 W, 73, 67 %, 22 %
2025/08/15 12:11:36.278, 104.77 W, 72, 54 %, 16 %
2025/08/15 12:11:37.282, 128.96 W, 73, 67 %, 22 %
2025/08/15 12:11:38.285, 131.07 W, 73, 68 %, 22 %
2025/08/15 12:11:39.289, 116.12 W, 73, 67 %, 22 %
2025/08/15 12:11:40.292, 136.17 W, 73, 66 %, 22 %
2025/08/15 12:11:41.298, 125.67 W, 73, 67 %, 22 %
2025/08/15 12:11:42.301, 116.80 W, 73, 65 %, 21 %
2025/08/15 12:11:43.306, 133.79 W, 73, 68 %, 22 %
2025/08/15 12:11:44.309, 129.45 W, 73, 67 %, 22 %
2025/08/15 12:11:45.313, 130.79 W, 73, 67 %, 22 %
2025/08/15 12:11:46.318, 120.86 W, 73, 64 %, 21 %
2025/08/15 12:11:47.321, 120.99 W, 73, 65 %, 21 %
2025/08/15 12:11:48.324, 123.54 W, 73, 66 %, 21 %
2025/08/15 12:11:49.328, 133.89 W, 73, 66 %, 22 %
2025/08/15 12:11:50.331, 127.08 W, 73, 67 %, 22 %
2025/08/15 12:11:51.336, 125.98 W, 73, 67 %, 21 %
2025/08/15 12:11:52.339, 106.86 W, 72, 53 %, 16 %
2025/08/15 12:11:53.342, 132.82 W, 72, 44 %, 14 %
2025/08/15 12:11:54.346, 127.65 W, 73, 67 %, 21 %
2025/08/15 12:11:55.349, 128.12 W, 73, 68 %, 22 %
2025/08/15 12:11:56.355, 120.87 W, 73, 67 %, 22 %
2025/08/15 12:11:57.358, 112.25 W, 73, 66 %, 21 %
2025/08/15 12:11:58.362, 137.75 W, 73, 65 %, 21 %
2025/08/15 12:11:59.365, 133.29 W, 73, 66 %, 21 %
2025/08/15 12:12:00.369, 131.42 W, 73, 66 %, 22 %
2025/08/15 12:12:01.372, 129.78 W, 73, 66 %, 21 %
2025/08/15 12:12:02.375, 112.66 W, 73, 64 %, 20 %
2025/08/15 12:12:03.378, 126.97 W, 73, 65 %, 21 %
2025/08/15 12:12:04.385, 132.82 W, 73, 65 %, 21 %
2025/08/15 12:12:05.388, 138.81 W, 73, 66 %, 21 %
2025/08/15 12:12:06.392, 131.76 W, 73, 66 %, 21 %
2025/08/15 12:12:07.395, 125.11 W, 73, 64 %, 21 %
2025/08/15 12:12:08.398, 133.64 W, 73, 61 %, 20 %
2025/08/15 12:12:09.402, 104.78 W, 72, 53 %, 16 %
2025/08/15 12:12:10.405, 132.41 W, 73, 68 %, 22 %
2025/08/15 12:12:11.409, 137.34 W, 73, 68 %, 22 %
2025/08/15 12:12:12.413, 128.61 W, 73, 67 %, 22 %
2025/08/15 12:12:13.417, 117.79 W, 73, 67 %, 22 %
2025/08/15 12:12:14.423, 134.63 W, 73, 67 %, 22 %
2025/08/15 12:12:15.426, 127.13 W, 73, 66 %, 22 %
2025/08/15 12:12:16.429, 130.25 W, 73, 67 %, 22 %
2025/08/15 12:12:17.432, 127.79 W, 73, 67 %, 22 %
2025/08/15 12:12:18.435, 115.08 W, 73, 65 %, 21 %
2025/08/15 12:12:19.439, 112.19 W, 73, 67 %, 22 %
2025/08/15 12:12:20.443, 117.77 W, 73, 66 %, 21 %
2025/08/15 12:12:21.447, 115.82 W, 73, 66 %, 22 %
2025/08/15 12:12:22.450, 131.92 W, 73, 67 %, 22 %
2025/08/15 12:12:23.453, 130.85 W, 73, 67 %, 22 %
2025/08/15 12:12:24.457, 133.05 W, 73, 67 %, 22 %
2025/08/15 12:12:25.461, 133.21 W, 73, 67 %, 22 %
2025/08/15 12:12:26.464, 102.51 W, 72, 53 %, 15 %
2025/08/15 12:12:27.470, 121.24 W, 73, 67 %, 22 %
2025/08/15 12:12:28.473, 121.98 W, 73, 66 %, 22 %
2025/08/15 12:12:29.477, 124.42 W, 73, 67 %, 22 %
2025/08/15 12:12:30.480, 140.60 W, 73, 67 %, 22 %
2025/08/15 12:12:31.485, 128.38 W, 73, 68 %, 22 %
2025/08/15 12:12:32.489, 127.63 W, 73, 68 %, 22 %
2025/08/15 12:12:33.494, 129.78 W, 73, 69 %, 23 %
2025/08/15 12:12:34.497, 127.74 W, 73, 67 %, 22 %
2025/08/15 12:12:35.500, 127.15 W, 73, 68 %, 22 %
2025/08/15 12:12:36.507, 130.42 W, 73, 68 %, 22 %
2025/08/15 12:12:37.510, 130.90 W, 73, 68 %, 22 %
2025/08/15 12:12:38.514, 131.09 W, 73, 67 %, 22 %
2025/08/15 12:12:39.517, 131.01 W, 73, 67 %, 22 %
2025/08/15 12:12:40.521, 122.64 W, 73, 66 %, 22 %
2025/08/15 12:12:41.524, 125.26 W, 73, 68 %, 22 %
2025/08/15 12:12:42.529, 105.26 W, 73, 53 %, 16 %
2025/08/15 12:12:43.533, 127.49 W, 73, 67 %, 22 %
2025/08/15 12:12:44.536, 137.09 W, 73, 68 %, 22 %
2025/08/15 12:12:45.539, 125.85 W, 73, 67 %, 22 %
2025/08/15 12:12:46.543, 118.09 W, 73, 66 %, 22 %
2025/08/15 12:12:47.546, 117.54 W, 73, 67 %, 22 %
2025/08/15 12:12:48.549, 126.90 W, 73, 67 %, 22 %
2025/08/15 12:12:49.554, 123.87 W, 73, 64 %, 21 %
2025/08/15 12:12:50.559, 126.94 W, 73, 66 %, 22 %
2025/08/15 12:12:51.563, 128.31 W, 73, 68 %, 22 %
2025/08/15 12:12:52.567, 129.19 W, 73, 67 %, 22 %
2025/08/15 12:12:53.572, 125.67 W, 73, 68 %, 22 %
2025/08/15 12:12:54.575, 120.56 W, 73, 67 %, 22 %
2025/08/15 12:12:55.578, 128.30 W, 73, 68 %, 22 %
2025/08/15 12:12:56.581, 127.64 W, 73, 68 %, 22 %
2025/08/15 12:12:57.585, 130.99 W, 74, 67 %, 22 %
2025/08/15 12:12:58.591, 140.76 W, 74, 68 %, 22 %
2025/08/15 12:12:59.594, 106.57 W, 73, 53 %, 16 %
2025/08/15 12:13:00.599, 129.05 W, 73, 67 %, 22 %
2025/08/15 12:13:01.602, 138.57 W, 73, 68 %, 22 %
2025/08/15 12:13:02.605, 129.29 W, 73, 67 %, 22 %
2025/08/15 12:13:03.609, 115.89 W, 73, 67 %, 22 %
2025/08/15 12:13:04.612, 130.74 W, 73, 68 %, 22 %
2025/08/15 12:13:05.615, 127.07 W, 73, 68 %, 22 %
2025/08/15 12:13:06.619, 113.77 W, 73, 68 %, 22 %
2025/08/15 12:13:07.622, 133.38 W, 73, 68 %, 22 %
2025/08/15 12:13:08.625, 118.77 W, 73, 66 %, 21 %
2025/08/15 12:13:09.629, 126.17 W, 73, 65 %, 21 %
2025/08/15 12:13:10.632, 120.25 W, 73, 65 %, 21 %
2025/08/15 12:13:11.635, 122.96 W, 73, 66 %, 22 %
2025/08/15 12:13:12.639, 132.23 W, 73, 66 %, 21 %
2025/08/15 12:13:13.642, 126.31 W, 73, 66 %, 21 %
2025/08/15 12:13:14.647, 124.77 W, 73, 66 %, 21 %
2025/08/15 12:13:15.650, 107.00 W, 73, 52 %, 15 %
2025/08/15 12:13:16.653, 125.43 W, 73, 40 %, 13 %
2025/08/15 12:13:17.657, 139.38 W, 73, 66 %, 22 %
2025/08/15 12:13:18.661, 124.49 W, 73, 66 %, 21 %
2025/08/15 12:13:19.665, 127.87 W, 73, 65 %, 21 %
2025/08/15 12:13:20.668, 121.31 W, 73, 67 %, 22 %
2025/08/15 12:13:21.671, 124.42 W, 73, 64 %, 21 %
2025/08/15 12:13:22.676, 129.51 W, 73, 66 %, 22 %
2025/08/15 12:13:23.679, 128.14 W, 73, 67 %, 22 %
2025/08/15 12:13:24.683, 132.74 W, 73, 67 %, 22 %
2025/08/15 12:13:25.687, 134.71 W, 73, 67 %, 22 %
2025/08/15 12:13:26.690, 123.21 W, 73, 67 %, 22 %
2025/08/15 12:13:27.693, 126.89 W, 73, 68 %, 22 %
2025/08/15 12:13:28.697, 126.66 W, 73, 68 %, 22 %
2025/08/15 12:13:29.700, 137.65 W, 73, 68 %, 22 %
2025/08/15 12:13:30.704, 133.23 W, 73, 68 %, 22 %
2025/08/15 12:13:31.708, 135.61 W, 74, 68 %, 22 %
2025/08/15 12:13:32.711, 106.75 W, 73, 55 %, 16 %
2025/08/15 12:13:33.714, 123.19 W, 73, 67 %, 22 %
2025/08/15 12:13:34.717, 122.22 W, 73, 67 %, 22 %
2025/08/15 12:13:35.724, 135.02 W, 73, 67 %, 22 %
2025/08/15 12:13:36.727, 127.08 W, 73, 68 %, 22 %
2025/08/15 12:13:37.730, 130.68 W, 73, 67 %, 22 %
2025/08/15 12:13:38.733, 124.59 W, 73, 67 %, 22 %
2025/08/15 12:13:39.736, 125.65 W, 73, 67 %, 22 %
2025/08/15 12:13:40.741, 131.99 W, 73, 68 %, 22 %
2025/08/15 12:13:41.746, 106.52 W, 73, 67 %, 22 %
2025/08/15 12:13:42.749, 126.91 W, 73, 67 %, 22 %
2025/08/15 12:13:43.752, 126.65 W, 73, 66 %, 22 %
2025/08/15 12:13:44.757, 132.07 W, 73, 66 %, 22 %
2025/08/15 12:13:45.760, 118.45 W, 73, 68 %, 22 %
2025/08/15 12:13:46.764, 128.30 W, 73, 67 %, 22 %
2025/08/15 12:13:47.767, 133.89 W, 73, 67 %, 22 %
2025/08/15 12:13:48.773, 113.23 W, 73, 46 %, 13 %
2025/08/15 12:13:49.779, 133.04 W, 73, 39 %, 12 %
2025/08/15 12:13:50.783, 135.51 W, 73, 68 %, 22 %
2025/08/15 12:13:51.786, 132.49 W, 73, 68 %, 22 %
2025/08/15 12:13:52.791, 130.67 W, 73, 68 %, 22 %
2025/08/15 12:13:53.795, 133.61 W, 73, 65 %, 21 %
2025/08/15 12:13:54.799, 120.66 W, 73, 69 %, 22 %
2025/08/15 12:13:55.804, 133.14 W, 73, 68 %, 22 %
2025/08/15 12:13:56.807, 130.34 W, 73, 68 %, 22 %
2025/08/15 12:13:57.812, 122.96 W, 73, 67 %, 22 %
2025/08/15 12:13:58.815, 133.15 W, 73, 68 %, 22 %
2025/08/15 12:13:59.818, 131.32 W, 73, 68 %, 22 %
2025/08/15 12:14:00.821, 127.57 W, 73, 66 %, 22 %
2025/08/15 12:14:01.825, 128.71 W, 73, 68 %, 22 %
2025/08/15 12:14:02.830, 126.50 W, 73, 68 %, 22 %
2025/08/15 12:14:03.834, 135.10 W, 73, 68 %, 22 %
2025/08/15 12:14:04.838, 139.62 W, 73, 68 %, 22 %
2025/08/15 12:14:05.845, 102.38 W, 73, 54 %, 16 %
2025/08/15 12:14:06.848, 121.30 W, 73, 68 %, 22 %
2025/08/15 12:14:07.852, 133.54 W, 73, 68 %, 22 %
2025/08/15 12:14:08.856, 127.22 W, 73, 67 %, 22 %
2025/08/15 12:14:09.863, 130.42 W, 73, 68 %, 22 %
2025/08/15 12:14:10.866, 118.70 W, 73, 68 %, 22 %
2025/08/15 12:14:11.870, 120.56 W, 73, 67 %, 22 %
2025/08/15 12:14:12.873, 131.01 W, 73, 68 %, 22 %
2025/08/15 12:14:13.876, 130.53 W, 73, 68 %, 22 %
2025/08/15 12:14:14.879, 135.69 W, 73, 67 %, 22 %
2025/08/15 12:14:15.884, 129.30 W, 73, 67 %, 22 %
2025/08/15 12:14:16.887, 128.55 W, 73, 68 %, 22 %
2025/08/15 12:14:17.890, 127.56 W, 73, 68 %, 22 %
2025/08/15 12:14:18.894, 133.79 W, 73, 68 %, 22 %
2025/08/15 12:14:19.898, 124.11 W, 73, 68 %, 22 %
2025/08/15 12:14:20.901, 121.79 W, 73, 65 %, 21 %
2025/08/15 12:14:21.904, 106.39 W, 72, 52 %, 15 %
2025/08/15 12:14:22.908, 129.60 W, 73, 65 %, 21 %
2025/08/15 12:14:23.912, 115.87 W, 73, 67 %, 21 %
2025/08/15 12:14:24.915, 111.06 W, 73, 58 %, 19 %
2025/08/15 12:14:25.919, 125.16 W, 73, 63 %, 21 %
2025/08/15 12:14:26.922, 128.54 W, 73, 66 %, 21 %
2025/08/15 12:14:27.925, 119.76 W, 73, 64 %, 21 %
2025/08/15 12:14:28.931, 120.07 W, 73, 66 %, 21 %
2025/08/15 12:14:29.935, 111.25 W, 73, 65 %, 21 %
2025/08/15 12:14:30.939, 129.04 W, 73, 66 %, 21 %
2025/08/15 12:14:31.942, 121.24 W, 73, 66 %, 21 %
2025/08/15 12:14:32.945, 128.63 W, 73, 65 %, 21 %
2025/08/15 12:14:33.950, 119.81 W, 73, 68 %, 22 %
2025/08/15 12:14:34.953, 126.07 W, 73, 67 %, 22 %
2025/08/15 12:14:35.956, 134.52 W, 73, 67 %, 21 %
2025/08/15 12:14:36.959, 119.32 W, 73, 68 %, 22 %
2025/08/15 12:14:37.963, 139.14 W, 73, 67 %, 22 %
2025/08/15 12:14:38.967, 103.67 W, 72, 53 %, 16 %
2025/08/15 12:14:39.970, 113.97 W, 73, 67 %, 22 %
2025/08/15 12:14:40.973, 132.38 W, 73, 67 %, 22 %
2025/08/15 12:14:41.979, 136.59 W, 73, 66 %, 21 %
2025/08/15 12:14:42.982, 127.00 W, 73, 67 %, 22 %
2025/08/15 12:14:43.986, 121.73 W, 73, 67 %, 22 %
2025/08/15 12:14:44.990, 137.83 W, 73, 67 %, 22 %
2025/08/15 12:14:45.997, 125.60 W, 73, 68 %, 22 %
2025/08/15 12:14:47.000, 136.25 W, 73, 67 %, 22 %
2025/08/15 12:14:48.003, 123.46 W, 73, 68 %, 22 %
2025/08/15 12:14:49.007, 130.53 W, 73, 67 %, 22 %
2025/08/15 12:14:50.010, 116.46 W, 73, 67 %, 22 %
2025/08/15 12:14:51.015, 128.71 W, 73, 68 %, 22 %
2025/08/15 12:14:52.018, 130.20 W, 73, 67 %, 22 %
2025/08/15 12:14:53.023, 133.66 W, 73, 67 %, 22 %
2025/08/15 12:14:54.027, 120.50 W, 73, 67 %, 22 %
2025/08/15 12:14:55.034, 110.77 W, 73, 51 %, 17 %
2025/08/15 12:14:56.037, 123.76 W, 72, 54 %, 16 %
2025/08/15 12:14:57.042, 138.71 W, 73, 64 %, 21 %
2025/08/15 12:14:58.045, 125.26 W, 73, 67 %, 22 %
2025/08/15 12:14:59.048, 142.23 W, 73, 67 %, 22 %
2025/08/15 12:15:00.051, 126.31 W, 73, 67 %, 22 %
2025/08/15 12:15:01.054, 133.47 W, 73, 67 %, 22 %
2025/08/15 12:15:02.059, 126.47 W, 73, 66 %, 21 %
2025/08/15 12:15:03.065, 130.83 W, 73, 67 %, 22 %
2025/08/15 12:15:04.069, 125.66 W, 73, 67 %, 22 %
2025/08/15 12:15:05.072, 124.26 W, 73, 67 %, 22 %
2025/08/15 12:15:06.076, 125.69 W, 73, 67 %, 22 %
2025/08/15 12:15:07.083, 127.06 W, 73, 67 %, 22 %
2025/08/15 12:15:08.086, 123.13 W, 73, 67 %, 22 %
2025/08/15 12:15:09.089, 126.83 W, 73, 68 %, 22 %
2025/08/15 12:15:10.092, 134.70 W, 73, 67 %, 22 %
2025/08/15 12:15:11.097, 130.75 W, 73, 67 %, 22 %
2025/08/15 12:15:12.103, 110.02 W, 73, 52 %, 15 %
2025/08/15 12:15:13.107, 124.01 W, 73, 67 %, 22 %
2025/08/15 12:15:14.111, 134.10 W, 73, 68 %, 22 %
2025/08/15 12:15:15.115, 121.41 W, 73, 68 %, 22 %
2025/08/15 12:15:16.120, 131.99 W, 73, 68 %, 22 %
2025/08/15 12:15:17.124, 122.96 W, 73, 68 %, 22 %
2025/08/15 12:15:18.128, 126.64 W, 73, 68 %, 22 %
2025/08/15 12:15:19.131, 131.27 W, 73, 66 %, 22 %
2025/08/15 12:15:20.134, 134.71 W, 74, 67 %, 22 %
2025/08/15 12:15:21.137, 131.67 W, 74, 68 %, 22 %
2025/08/15 12:15:22.141, 139.59 W, 73, 64 %, 21 %
2025/08/15 12:15:23.145, 126.75 W, 74, 67 %, 22 %
2025/08/15 12:15:24.150, 136.01 W, 74, 67 %, 22 %
2025/08/15 12:15:25.153, 125.00 W, 74, 68 %, 22 %
2025/08/15 12:15:26.156, 127.64 W, 73, 68 %, 22 %
2025/08/15 12:15:27.160, 128.23 W, 74, 67 %, 22 %
2025/08/15 12:15:28.164, 99.72 W, 73, 51 %, 15 %
2025/08/15 12:15:29.169, 125.24 W, 72, 39 %, 12 %
2025/08/15 12:15:30.173, 127.64 W, 73, 68 %, 22 %
2025/08/15 12:15:31.176, 131.16 W, 73, 68 %, 22 %
2025/08/15 12:15:32.180, 124.66 W, 73, 67 %, 22 %
2025/08/15 12:15:33.183, 128.38 W, 73, 66 %, 21 %
2025/08/15 12:15:34.187, 139.37 W, 73, 65 %, 21 %
2025/08/15 12:15:35.190, 125.24 W, 73, 66 %, 21 %
2025/08/15 12:15:36.193, 121.30 W, 73, 66 %, 21 %
2025/08/15 12:15:37.197, 126.32 W, 73, 66 %, 21 %
2025/08/15 12:15:38.200, 118.13 W, 73, 66 %, 21 %
2025/08/15 12:15:39.205, 130.85 W, 73, 66 %, 21 %
2025/08/15 12:15:40.208, 126.08 W, 73, 65 %, 21 %
2025/08/15 12:15:41.212, 123.70 W, 73, 65 %, 21 %
2025/08/15 12:15:42.215, 121.79 W, 73, 65 %, 21 %
2025/08/15 12:15:43.219, 135.26 W, 73, 66 %, 21 %
2025/08/15 12:15:44.222, 121.98 W, 73, 64 %, 21 %
2025/08/15 12:15:45.226, 112.49 W, 72, 53 %, 16 %
2025/08/15 12:15:46.230, 128.69 W, 73, 67 %, 22 %
2025/08/15 12:15:47.234, 126.07 W, 73, 68 %, 22 %
2025/08/15 12:15:48.239, 139.19 W, 73, 67 %, 22 %
2025/08/15 12:15:49.242, 129.04 W, 73, 67 %, 22 %
2025/08/15 12:15:50.245, 120.75 W, 73, 67 %, 22 %
2025/08/15 12:15:51.248, 137.34 W, 73, 67 %, 22 %
2025/08/15 12:15:52.254, 133.31 W, 73, 67 %, 22 %
2025/08/15 12:15:53.257, 127.40 W, 73, 67 %, 22 %
2025/08/15 12:15:54.260, 127.62 W, 73, 68 %, 22 %
2025/08/15 12:15:55.263, 130.19 W, 73, 67 %, 22 %
2025/08/15 12:15:56.267, 139.05 W, 73, 67 %, 22 %
2025/08/15 12:15:57.272, 129.28 W, 73, 68 %, 22 %
2025/08/15 12:15:58.275, 125.49 W, 73, 67 %, 22 %
2025/08/15 12:15:59.279, 136.99 W, 73, 67 %, 22 %
2025/08/15 12:16:00.284, 119.15 W, 73, 65 %, 21 %
2025/08/15 12:16:01.290, 135.77 W, 73, 67 %, 22 %
2025/08/15 12:16:02.293, 108.77 W, 72, 53 %, 16 %
2025/08/15 12:16:03.296, 137.25 W, 73, 67 %, 22 %
2025/08/15 12:16:04.300, 124.10 W, 73, 67 %, 22 %
2025/08/15 12:16:05.303, 119.32 W, 73, 68 %, 22 %
2025/08/15 12:16:06.306, 129.04 W, 73, 67 %, 22 %
2025/08/15 12:16:07.310, 134.11 W, 73, 68 %, 22 %
2025/08/15 12:16:08.313, 131.32 W, 73, 67 %, 22 %
2025/08/15 12:16:09.317, 120.50 W, 73, 67 %, 22 %
2025/08/15 12:16:10.320, 125.08 W, 73, 68 %, 22 %
2025/08/15 12:16:11.324, 124.79 W, 73, 67 %, 22 %
2025/08/15 12:16:12.327, 135.18 W, 73, 68 %, 22 %
2025/08/15 12:16:13.331, 120.81 W, 73, 68 %, 22 %
2025/08/15 12:16:14.335, 134.87 W, 73, 67 %, 22 %
2025/08/15 12:16:15.339, 127.71 W, 73, 68 %, 22 %
2025/08/15 12:16:16.342, 129.79 W, 73, 67 %, 22 %
2025/08/15 12:16:17.346, 118.54 W, 73, 66 %, 22 %
2025/08/15 12:16:18.349, 111.61 W, 73, 53 %, 16 %
2025/08/15 12:16:19.352, 127.81 W, 73, 68 %, 22 %
2025/08/15 12:16:20.358, 129.94 W, 73, 67 %, 22 %
2025/08/15 12:16:21.362, 132.57 W, 73, 67 %, 21 %
2025/08/15 12:16:22.366, 122.04 W, 73, 67 %, 22 %
2025/08/15 12:16:23.369, 134.46 W, 73, 67 %, 22 %
2025/08/15 12:16:24.376, 127.20 W, 73, 67 %, 22 %
2025/08/15 12:16:25.379, 132.99 W, 73, 67 %, 22 %
2025/08/15 12:16:26.384, 125.33 W, 73, 68 %, 22 %
2025/08/15 12:16:27.387, 130.87 W, 73, 67 %, 22 %
2025/08/15 12:16:28.390, 116.48 W, 73, 67 %, 22 %
2025/08/15 12:16:29.393, 126.41 W, 73, 68 %, 22 %
2025/08/15 12:16:30.397, 123.46 W, 73, 67 %, 22 %
2025/08/15 12:16:31.400, 127.89 W, 73, 64 %, 21 %
2025/08/15 12:16:32.405, 135.94 W, 73, 66 %, 22 %
2025/08/15 12:16:33.409, 135.04 W, 73, 68 %, 22 %
2025/08/15 12:16:34.413, 127.54 W, 73, 67 %, 22 %
2025/08/15 12:16:35.416, 110.87 W, 72, 54 %, 16 %
2025/08/15 12:16:36.420, 127.32 W, 73, 69 %, 22 %
2025/08/15 12:16:37.425, 139.23 W, 73, 68 %, 22 %
2025/08/15 12:16:38.428, 123.21 W, 73, 68 %, 22 %
2025/08/15 12:16:39.432, 120.75 W, 73, 68 %, 22 %
2025/08/15 12:16:40.436, 137.91 W, 73, 68 %, 22 %
2025/08/15 12:16:41.440, 116.86 W, 73, 66 %, 22 %
2025/08/15 12:16:42.443, 122.72 W, 73, 67 %, 22 %
2025/08/15 12:16:43.448, 129.45 W, 73, 67 %, 22 %
2025/08/15 12:16:44.452, 138.97 W, 73, 67 %, 22 %
2025/08/15 12:16:45.455, 119.00 W, 73, 66 %, 21 %
2025/08/15 12:16:46.462, 119.51 W, 73, 66 %, 21 %
2025/08/15 12:16:47.465, 134.03 W, 73, 65 %, 21 %
2025/08/15 12:16:48.468, 126.97 W, 73, 66 %, 21 %
2025/08/15 12:16:49.471, 131.27 W, 73, 65 %, 21 %
2025/08/15 12:16:50.475, 128.30 W, 73, 66 %, 21 %
2025/08/15 12:16:51.479, 105.70 W, 73, 52 %, 15 %
2025/08/15 12:16:52.483, 121.82 W, 73, 66 %, 21 %
2025/08/15 12:16:53.487, 118.83 W, 73, 65 %, 21 %
2025/08/15 12:16:54.492, 117.60 W, 73, 66 %, 22 %
2025/08/15 12:16:55.496, 131.01 W, 73, 66 %, 21 %
2025/08/15 12:16:56.499, 131.19 W, 73, 65 %, 21 %
2025/08/15 12:16:57.502, 131.02 W, 73, 68 %, 22 %
2025/08/15 12:16:58.505, 125.43 W, 73, 66 %, 22 %
2025/08/15 12:16:59.510, 138.69 W, 73, 67 %, 22 %
2025/08/15 12:17:00.514, 140.20 W, 73, 68 %, 22 %
2025/08/15 12:17:01.518, 121.63 W, 73, 67 %, 22 %
2025/08/15 12:17:02.522, 141.74 W, 73, 67 %, 22 %
2025/08/15 12:17:03.529, 131.16 W, 73, 63 %, 20 %
2025/08/15 12:17:04.532, 116.63 W, 73, 66 %, 21 %
2025/08/15 12:17:05.535, 126.66 W, 74, 67 %, 22 %
2025/08/15 12:17:06.540, 127.71 W, 74, 67 %, 22 %
2025/08/15 12:17:07.544, 129.04 W, 73, 67 %, 22 %
2025/08/15 12:17:08.548, 110.94 W, 73, 53 %, 15 %
2025/08/15 12:17:09.551, 124.29 W, 73, 68 %, 22 %
2025/08/15 12:17:10.556, 129.55 W, 73, 67 %, 22 %
2025/08/15 12:17:11.559, 129.54 W, 73, 67 %, 22 %
2025/08/15 12:17:12.562, 134.22 W, 73, 67 %, 22 %
2025/08/15 12:17:13.565, 123.52 W, 73, 66 %, 21 %
2025/08/15 12:17:14.569, 125.17 W, 74, 67 %, 22 %
2025/08/15 12:17:15.573, 124.67 W, 73, 66 %, 22 %
2025/08/15 12:17:16.576, 132.31 W, 73, 67 %, 22 %
2025/08/15 12:17:17.580, 137.16 W, 73, 67 %, 22 %
2025/08/15 12:17:18.583, 123.46 W, 74, 67 %, 22 %
2025/08/15 12:17:19.587, 136.99 W, 73, 67 %, 22 %
2025/08/15 12:17:20.591, 126.41 W, 74, 67 %, 22 %
2025/08/15 12:17:21.596, 130.09 W, 74, 67 %, 22 %
2025/08/15 12:17:22.600, 139.15 W, 73, 67 %, 22 %
2025/08/15 12:17:23.603, 124.28 W, 73, 67 %, 22 %
2025/08/15 12:17:24.607, 101.64 W, 73, 43 %, 13 %
2025/08/15 12:17:25.611, 123.19 W, 73, 41 %, 12 %
2025/08/15 12:17:26.614, 137.92 W, 73, 66 %, 21 %
2025/08/15 12:17:27.617, 134.52 W, 73, 66 %, 21 %
2025/08/15 12:17:28.621, 129.43 W, 73, 66 %, 21 %
2025/08/15 12:17:29.625, 116.38 W, 73, 67 %, 21 %
2025/08/15 12:17:30.628, 112.73 W, 73, 65 %, 21 %
2025/08/15 12:17:31.633, 121.55 W, 73, 66 %, 21 %
2025/08/15 12:17:32.636, 121.82 W, 73, 67 %, 22 %
2025/08/15 12:17:33.639, 119.60 W, 73, 66 %, 21 %
2025/08/15 12:17:34.643, 116.38 W, 73, 67 %, 22 %
2025/08/15 12:17:35.647, 124.67 W, 73, 64 %, 20 %
2025/08/15 12:17:36.650, 137.58 W, 73, 67 %, 22 %
2025/08/15 12:17:37.653, 134.94 W, 73, 67 %, 22 %
2025/08/15 12:17:38.656, 134.28 W, 73, 66 %, 21 %
2025/08/15 12:17:39.662, 113.48 W, 73, 66 %, 21 %
2025/08/15 12:17:40.665, 120.19 W, 73, 67 %, 22 %
2025/08/15 12:17:41.669, 109.71 W, 73, 53 %, 16 %
2025/08/15 12:17:42.672, 134.45 W, 73, 68 %, 22 %
2025/08/15 12:17:43.676, 132.15 W, 73, 68 %, 22 %
2025/08/15 12:17:44.679, 125.60 W, 73, 68 %, 22 %
2025/08/15 12:17:45.683, 125.90 W, 73, 67 %, 22 %
2025/08/15 12:17:46.686, 124.92 W, 73, 67 %, 22 %
2025/08/15 12:17:47.689, 122.52 W, 73, 67 %, 22 %
2025/08/15 12:17:48.693, 124.70 W, 73, 67 %, 22 %
2025/08/15 12:17:49.698, 120.83 W, 73, 67 %, 22 %
2025/08/15 12:17:50.702, 126.31 W, 73, 68 %, 22 %
2025/08/15 12:17:51.706, 124.83 W, 73, 68 %, 22 %
2025/08/15 12:17:52.710, 125.18 W, 73, 68 %, 22 %
2025/08/15 12:17:53.716, 129.12 W, 73, 68 %, 22 %
2025/08/15 12:17:54.721, 130.67 W, 73, 66 %, 21 %
2025/08/15 12:17:55.724, 119.32 W, 73, 68 %, 22 %
2025/08/15 12:17:56.727, 123.46 W, 73, 68 %, 22 %
2025/08/15 12:17:57.731, 70.83 W, 73, 67 %, 22 %
2025/08/15 12:17:58.735, 105.51 W, 72, 52 %, 15 %
2025/08/15 12:17:59.738, 128.96 W, 73, 66 %, 21 %
2025/08/15 12:18:00.743, 129.04 W, 73, 66 %, 22 %
2025/08/15 12:18:01.747, 118.04 W, 73, 66 %, 21 %
2025/08/15 12:18:02.751, 124.92 W, 73, 66 %, 21 %
2025/08/15 12:18:03.754, 127.39 W, 73, 64 %, 21 %
2025/08/15 12:18:04.758, 121.79 W, 73, 66 %, 22 %
2025/08/15 12:18:05.765, 124.66 W, 73, 66 %, 21 %
2025/08/15 12:18:06.768, 130.99 W, 73, 64 %, 21 %
2025/08/15 12:18:07.772, 113.33 W, 73, 62 %, 20 %
2025/08/15 12:18:08.775, 130.85 W, 73, 65 %, 21 %
2025/08/15 12:18:09.779, 125.67 W, 73, 66 %, 22 %
2025/08/15 12:18:10.784, 130.46 W, 73, 67 %, 22 %
2025/08/15 12:18:11.788, 131.02 W, 73, 67 %, 22 %
2025/08/15 12:18:12.791, 130.04 W, 73, 68 %, 22 %
2025/08/15 12:18:13.794, 123.79 W, 73, 68 %, 22 %
2025/08/15 12:18:14.797, 106.50 W, 73, 68 %, 22 %
2025/08/15 12:18:15.802, 63.26 W, 72, 54 %, 16 %
2025/08/15 12:18:16.805, 130.09 W, 73, 68 %, 22 %
2025/08/15 12:18:17.808, 124.31 W, 73, 67 %, 22 %
2025/08/15 12:18:18.813, 128.38 W, 73, 66 %, 21 %
2025/08/15 12:18:19.816, 127.56 W, 73, 67 %, 22 %
2025/08/15 12:18:20.819, 126.96 W, 73, 67 %, 21 %
2025/08/15 12:18:21.824, 116.48 W, 73, 67 %, 22 %
2025/08/15 12:18:22.827, 125.57 W, 73, 66 %, 22 %
2025/08/15 12:18:23.832, 133.15 W, 73, 67 %, 22 %
2025/08/15 12:18:24.835, 124.93 W, 73, 67 %, 22 %
2025/08/15 12:18:25.838, 126.47 W, 73, 67 %, 22 %
2025/08/15 12:18:26.842, 126.97 W, 73, 67 %, 22 %
2025/08/15 12:18:27.845, 122.14 W, 73, 68 %, 22 %
2025/08/15 12:18:28.851, 141.54 W, 73, 67 %, 22 %
2025/08/15 12:18:29.856, 118.88 W, 73, 67 %, 22 %
2025/08/15 12:18:30.860, 126.07 W, 73, 68 %, 22 %
2025/08/15 12:18:31.864, 104.04 W, 73, 54 %, 16 %
2025/08/15 12:18:32.870, 141.91 W, 73, 66 %, 21 %
2025/08/15 12:18:33.874, 133.98 W, 73, 67 %, 22 %
2025/08/15 12:18:34.877, 131.07 W, 73, 66 %, 21 %
2025/08/15 12:18:35.881, 132.49 W, 73, 67 %, 22 %
2025/08/15 12:18:36.885, 134.73 W, 73, 68 %, 22 %
2025/08/15 12:18:37.888, 140.83 W, 73, 68 %, 22 %
2025/08/15 12:18:38.891, 121.65 W, 73, 64 %, 21 %
2025/08/15 12:18:39.895, 129.95 W, 73, 66 %, 21 %
2025/08/15 12:18:40.899, 127.95 W, 73, 67 %, 22 %
2025/08/15 12:18:41.903, 127.46 W, 73, 64 %, 21 %
2025/08/15 12:18:42.906, 117.35 W, 73, 67 %, 22 %
2025/08/15 12:18:43.909, 130.95 W, 73, 67 %, 22 %
2025/08/15 12:18:44.912, 128.14 W, 73, 66 %, 21 %
2025/08/15 12:18:45.918, 142.63 W, 73, 68 %, 22 %
2025/08/15 12:18:46.921, 121.89 W, 73, 67 %, 22 %
2025/08/15 12:18:47.925, 59.34 W, 73, 68 %, 22 %
2025/08/15 12:18:48.928, 108.10 W, 72, 54 %, 16 %
2025/08/15 12:18:49.931, 125.74 W, 73, 67 %, 22 %
2025/08/15 12:18:50.937, 134.22 W, 73, 67 %, 22 %
2025/08/15 12:18:51.940, 126.91 W, 73, 67 %, 22 %
2025/08/15 12:18:52.943, 138.89 W, 73, 67 %, 22 %
2025/08/15 12:18:53.946, 125.25 W, 73, 67 %, 22 %
2025/08/15 12:18:54.949, 138.78 W, 73, 67 %, 22 %
2025/08/15 12:18:55.955, 128.88 W, 73, 67 %, 22 %
2025/08/15 12:18:56.958, 120.97 W, 73, 68 %, 22 %
2025/08/15 12:18:57.961, 128.36 W, 73, 68 %, 22 %
2025/08/15 12:18:58.964, 129.86 W, 73, 67 %, 22 %
2025/08/15 12:18:59.967, 122.22 W, 73, 68 %, 22 %
2025/08/15 12:19:00.973, 119.32 W, 73, 66 %, 21 %
2025/08/15 12:19:01.976, 122.23 W, 73, 67 %, 22 %
2025/08/15 12:19:02.980, 141.08 W, 73, 67 %, 22 %
2025/08/15 12:19:03.984, 139.44 W, 73, 66 %, 22 %
2025/08/15 12:19:04.988, 109.22 W, 73, 54 %, 16 %
2025/08/15 12:19:05.991, 129.30 W, 73, 67 %, 22 %
2025/08/15 12:19:06.994, 139.14 W, 73, 67 %, 22 %
2025/08/15 12:19:07.997, 116.61 W, 73, 68 %, 22 %
2025/08/15 12:19:09.003, 122.47 W, 73, 68 %, 22 %
2025/08/15 12:19:10.006, 122.79 W, 73, 65 %, 21 %
2025/08/15 12:19:11.009, 117.28 W, 73, 61 %, 20 %
2025/08/15 12:19:12.013, 127.23 W, 73, 65 %, 21 %
2025/08/15 12:19:13.017, 133.23 W, 73, 66 %, 22 %
2025/08/15 12:19:14.023, 135.29 W, 73, 66 %, 21 %
2025/08/15 12:19:15.026, 117.79 W, 73, 65 %, 21 %
2025/08/15 12:19:16.029, 115.63 W, 73, 66 %, 22 %
2025/08/15 12:19:17.033, 115.38 W, 73, 66 %, 21 %
2025/08/15 12:19:18.036, 120.56 W, 73, 66 %, 21 %
2025/08/15 12:19:19.040, 118.19 W, 73, 68 %, 22 %
2025/08/15 12:19:20.044, 124.10 W, 73, 67 %, 22 %
2025/08/15 12:19:21.049, 127.65 W, 73, 67 %, 22 %
2025/08/15 12:19:22.054, 104.66 W, 73, 49 %, 15 %
2025/08/15 12:19:23.058, 128.36 W, 73, 67 %, 22 %
2025/08/15 12:19:24.062, 123.95 W, 73, 67 %, 22 %
2025/08/15 12:19:25.065, 124.44 W, 73, 67 %, 22 %
2025/08/15 12:19:26.068, 121.55 W, 73, 66 %, 21 %
2025/08/15 12:19:27.073, 122.81 W, 73, 67 %, 22 %
2025/08/15 12:19:28.076, 130.85 W, 73, 68 %, 22 %
2025/08/15 12:19:29.080, 117.30 W, 73, 67 %, 22 %
2025/08/15 12:19:30.084, 124.18 W, 73, 67 %, 22 %
2025/08/15 12:19:31.088, 127.87 W, 73, 68 %, 22 %
2025/08/15 12:19:32.091, 130.76 W, 73, 66 %, 21 %
2025/08/15 12:19:33.094, 122.28 W, 73, 67 %, 22 %
2025/08/15 12:19:34.097, 127.47 W, 73, 68 %, 22 %
2025/08/15 12:19:35.102, 126.08 W, 73, 67 %, 22 %
2025/08/15 12:19:36.106, 128.70 W, 73, 67 %, 22 %
2025/08/15 12:19:37.109, 120.50 W, 73, 67 %, 21 %
2025/08/15 12:19:38.113, 104.60 W, 73, 54 %, 16 %
2025/08/15 12:19:39.117, 128.62 W, 72, 39 %, 12 %
2025/08/15 12:19:40.120, 134.20 W, 73, 67 %, 22 %
2025/08/15 12:19:41.124, 116.12 W, 73, 67 %, 22 %
2025/08/15 12:19:42.128, 117.82 W, 73, 64 %, 21 %
2025/08/15 12:19:43.131, 133.80 W, 73, 66 %, 21 %
2025/08/15 12:19:44.134, 127.05 W, 73, 67 %, 22 %
2025/08/15 12:19:45.138, 131.09 W, 73, 68 %, 22 %
2025/08/15 12:19:46.143, 124.75 W, 73, 67 %, 22 %
2025/08/15 12:19:47.147, 128.55 W, 73, 68 %, 22 %
2025/08/15 12:19:48.150, 119.32 W, 73, 68 %, 22 %
2025/08/15 12:19:49.153, 141.03 W, 73, 68 %, 22 %
2025/08/15 12:19:50.156, 130.34 W, 74, 68 %, 22 %
2025/08/15 12:19:51.161, 130.43 W, 73, 68 %, 22 %
2025/08/15 12:19:52.164, 129.20 W, 73, 68 %, 22 %
2025/08/15 12:19:53.167, 127.49 W, 73, 68 %, 22 %
2025/08/15 12:19:54.172, 118.34 W, 74, 67 %, 22 %
2025/08/15 12:19:55.175, 111.45 W, 73, 54 %, 16 %
2025/08/15 12:19:56.180, 134.47 W, 73, 68 %, 22 %
2025/08/15 12:19:57.183, 132.82 W, 73, 67 %, 21 %
2025/08/15 12:19:58.187, 133.87 W, 73, 68 %, 22 %
2025/08/15 12:19:59.191, 129.76 W, 73, 67 %, 22 %
2025/08/15 12:20:00.195, 128.04 W, 73, 68 %, 22 %
2025/08/15 12:20:01.199, 123.95 W, 73, 67 %, 22 %
2025/08/15 12:20:02.203, 128.86 W, 73, 67 %, 22 %
2025/08/15 12:20:03.210, 131.26 W, 73, 67 %, 22 %
2025/08/15 12:20:04.213, 118.34 W, 73, 67 %, 22 %
2025/08/15 12:20:05.216, 131.19 W, 73, 67 %, 22 %
2025/08/15 12:20:06.219, 128.64 W, 74, 68 %, 22 %
2025/08/15 12:20:07.222, 140.44 W, 73, 67 %, 22 %
2025/08/15 12:20:08.229, 121.65 W, 74, 68 %, 22 %
2025/08/15 12:20:09.233, 127.71 W, 73, 68 %, 22 %
2025/08/15 12:20:10.237, 121.73 W, 73, 66 %, 22 %
2025/08/15 12:20:11.240, 112.61 W, 73, 54 %, 16 %
2025/08/15 12:20:12.244, 125.92 W, 73, 45 %, 15 %
2025/08/15 12:20:13.247, 128.36 W, 73, 68 %, 22 %
2025/08/15 12:20:14.251, 135.52 W, 73, 66 %, 22 %
2025/08/15 12:20:15.256, 134.37 W, 73, 68 %, 22 %
2025/08/15 12:20:16.260, 128.80 W, 73, 67 %, 22 %
2025/08/15 12:20:17.264, 134.04 W, 73, 67 %, 22 %
2025/08/15 12:20:18.267, 128.12 W, 73, 68 %, 22 %
2025/08/15 12:20:19.271, 125.11 W, 73, 67 %, 22 %
2025/08/15 12:20:20.275, 126.59 W, 73, 68 %, 22 %
2025/08/15 12:20:21.278, 123.03 W, 73, 67 %, 22 %
2025/08/15 12:20:22.281, 126.82 W, 73, 66 %, 22 %
2025/08/15 12:20:23.284, 125.57 W, 73, 66 %, 22 %
2025/08/15 12:20:24.287, 136.43 W, 73, 67 %, 22 %
2025/08/15 12:20:25.294, 122.47 W, 73, 67 %, 22 %
2025/08/15 12:20:26.297, 136.60 W, 73, 66 %, 21 %
2025/08/15 12:20:27.300, 122.53 W, 73, 66 %, 21 %
2025/08/15 12:20:28.304, 103.12 W, 72, 53 %, 15 %
2025/08/15 12:20:29.307, 129.21 W, 72, 66 %, 22 %
2025/08/15 12:20:30.313, 119.66 W, 73, 66 %, 21 %
2025/08/15 12:20:31.316, 119.25 W, 73, 66 %, 22 %
2025/08/15 12:20:32.319, 123.94 W, 73, 66 %, 22 %
2025/08/15 12:20:33.322, 138.22 W, 73, 66 %, 22 %
2025/08/15 12:20:34.327, 127.33 W, 73, 65 %, 21 %
2025/08/15 12:20:35.331, 131.81 W, 73, 68 %, 22 %
2025/08/15 12:20:36.335, 123.70 W, 73, 68 %, 22 %
2025/08/15 12:20:37.341, 127.64 W, 73, 68 %, 22 %
2025/08/15 12:20:38.345, 120.67 W, 73, 67 %, 22 %
2025/08/15 12:20:39.348, 128.45 W, 73, 68 %, 22 %
2025/08/15 12:20:40.352, 118.82 W, 73, 69 %, 22 %
2025/08/15 12:20:41.356, 130.94 W, 73, 67 %, 22 %
2025/08/15 12:20:42.360, 132.33 W, 73, 68 %, 22 %
2025/08/15 12:20:43.363, 128.13 W, 73, 68 %, 22 %
2025/08/15 12:20:44.366, 106.82 W, 73, 56 %, 18 %
2025/08/15 12:20:45.369, 60.26 W, 72, 52 %, 15 %
2025/08/15 12:20:46.373, 133.31 W, 73, 66 %, 21 %
2025/08/15 12:20:47.378, 136.91 W, 73, 68 %, 22 %
2025/08/15 12:20:48.381, 124.26 W, 73, 68 %, 22 %
2025/08/15 12:20:49.385, 126.91 W, 73, 68 %, 22 %
2025/08/15 12:20:50.388, 131.59 W, 73, 67 %, 22 %
2025/08/15 12:20:51.391, 130.36 W, 73, 68 %, 22 %
2025/08/15 12:20:52.397, 116.68 W, 73, 67 %, 22 %
2025/08/15 12:20:53.400, 132.24 W, 73, 67 %, 22 %
2025/08/15 12:20:54.405, 134.86 W, 73, 68 %, 22 %
2025/08/15 12:20:55.408, 114.51 W, 73, 68 %, 22 %
2025/08/15 12:20:56.411, 129.30 W, 73, 67 %, 22 %
2025/08/15 12:20:57.414, 134.94 W, 73, 68 %, 22 %
2025/08/15 12:20:58.417, 132.81 W, 73, 67 %, 22 %
2025/08/15 12:20:59.421, 124.01 W, 73, 66 %, 21 %
2025/08/15 12:21:00.427, 128.05 W, 73, 67 %, 21 %
2025/08/15 12:21:01.431, 110.82 W, 73, 54 %, 16 %
2025/08/15 12:21:02.434, 125.76 W, 73, 67 %, 22 %
2025/08/15 12:21:03.438, 130.99 W, 73, 66 %, 21 %
2025/08/15 12:21:04.441, 125.42 W, 73, 67 %, 22 %
2025/08/15 12:21:05.445, 129.05 W, 73, 68 %, 22 %
2025/08/15 12:21:06.448, 121.98 W, 73, 68 %, 22 %
2025/08/15 12:21:07.451, 124.01 W, 73, 67 %, 22 %
2025/08/15 12:21:08.454, 129.94 W, 73, 67 %, 22 %
2025/08/15 12:21:09.458, 127.54 W, 73, 67 %, 22 %
2025/08/15 12:21:10.463, 122.79 W, 73, 68 %, 22 %
2025/08/15 12:21:11.466, 124.59 W, 73, 68 %, 22 %
2025/08/15 12:21:12.471, 130.76 W, 73, 66 %, 22 %
2025/08/15 12:21:13.474, 125.23 W, 73, 68 %, 22 %
2025/08/15 12:21:14.478, 115.87 W, 73, 67 %, 22 %
2025/08/15 12:21:15.485, 124.93 W, 73, 67 %, 22 %
2025/08/15 12:21:16.489, 128.88 W, 73, 67 %, 22 %
2025/08/15 12:21:17.492, 95.10 W, 73, 63 %, 20 %
2025/08/15 12:21:18.497, 113.33 W, 72, 53 %, 16 %
2025/08/15 12:21:19.500, 140.52 W, 73, 67 %, 22 %
2025/08/15 12:21:20.503, 116.86 W, 73, 67 %, 22 %
2025/08/15 12:21:21.506, 120.73 W, 73, 67 %, 22 %
2025/08/15 12:21:22.511, 122.96 W, 73, 67 %, 22 %
2025/08/15 12:21:23.514, 129.73 W, 73, 67 %, 22 %
2025/08/15 12:21:24.518, 128.12 W, 73, 67 %, 22 %
2025/08/15 12:21:25.521, 116.48 W, 73, 67 %, 22 %
2025/08/15 12:21:26.524, 122.86 W, 73, 67 %, 22 %
2025/08/15 12:21:27.530, 139.30 W, 73, 68 %, 22 %
2025/08/15 12:21:28.533, 121.05 W, 73, 67 %, 22 %
2025/08/15 12:21:29.536, 132.24 W, 73, 68 %, 22 %
2025/08/15 12:21:30.541, 126.08 W, 73, 67 %, 22 %
2025/08/15 12:21:31.544, 141.51 W, 73, 68 %, 22 %
2025/08/15 12:21:32.550, 125.18 W, 73, 67 %, 22 %
2025/08/15 12:21:33.554, 133.06 W, 73, 67 %, 22 %
2025/08/15 12:21:34.557, 104.77 W, 73, 54 %, 16 %
2025/08/15 12:21:35.560, 133.24 W, 73, 66 %, 22 %
2025/08/15 12:21:36.567, 134.95 W, 73, 66 %, 22 %
2025/08/15 12:21:37.571, 136.92 W, 73, 66 %, 22 %
2025/08/15 12:21:38.574, 126.10 W, 73, 65 %, 21 %
2025/08/15 12:21:39.578, 129.12 W, 73, 66 %, 22 %
2025/08/15 12:21:40.581, 121.82 W, 73, 65 %, 21 %
2025/08/15 12:21:41.584, 130.50 W, 73, 65 %, 21 %
2025/08/15 12:21:42.589, 118.45 W, 73, 65 %, 21 %
2025/08/15 12:21:43.592, 125.10 W, 73, 66 %, 22 %
2025/08/15 12:21:44.596, 129.36 W, 73, 65 %, 21 %
2025/08/15 12:21:45.600, 128.14 W, 73, 65 %, 21 %
2025/08/15 12:21:46.604, 133.29 W, 73, 65 %, 21 %
2025/08/15 12:21:47.607, 136.91 W, 73, 65 %, 21 %
2025/08/15 12:21:48.611, 128.54 W, 73, 68 %, 22 %
2025/08/15 12:21:49.615, 125.10 W, 73, 66 %, 21 %
2025/08/15 12:21:50.618, 133.31 W, 73, 67 %, 22 %
2025/08/15 12:21:51.622, 110.03 W, 72, 53 %, 16 %
2025/08/15 12:21:52.625, 132.80 W, 73, 68 %, 22 %
2025/08/15 12:21:53.628, 111.19 W, 73, 67 %, 22 %
2025/08/15 12:21:54.634, 133.29 W, 73, 68 %, 22 %
2025/08/15 12:21:55.638, 140.68 W, 73, 67 %, 22 %
2025/08/15 12:21:56.643, 130.52 W, 73, 67 %, 22 %
2025/08/15 12:21:57.647, 127.97 W, 73, 68 %, 22 %
2025/08/15 12:21:58.652, 117.77 W, 73, 68 %, 22 %
2025/08/15 12:21:59.655, 132.80 W, 73, 68 %, 22 %
2025/08/15 12:22:00.659, 133.96 W, 73, 68 %, 22 %
2025/08/15 12:22:01.663, 123.19 W, 73, 67 %, 22 %
2025/08/15 12:22:02.666, 131.33 W, 73, 68 %, 22 %
2025/08/15 12:22:03.669, 139.84 W, 73, 67 %, 22 %
2025/08/15 12:22:04.674, 124.35 W, 73, 68 %, 22 %
2025/08/15 12:22:05.677, 125.77 W, 73, 67 %, 22 %
2025/08/15 12:22:06.682, 135.61 W, 73, 68 %, 22 %
2025/08/15 12:22:07.686, 104.85 W, 73, 49 %, 14 %
2025/08/15 12:22:08.689, 126.10 W, 73, 38 %, 12 %
2025/08/15 12:22:09.692, 138.07 W, 73, 68 %, 22 %
2025/08/15 12:22:10.695, 126.83 W, 73, 67 %, 22 %
2025/08/15 12:22:11.701, 120.65 W, 73, 68 %, 22 %
2025/08/15 12:22:12.704, 125.26 W, 73, 67 %, 22 %
2025/08/15 12:22:13.708, 127.05 W, 73, 67 %, 22 %
2025/08/15 12:22:14.711, 127.56 W, 73, 68 %, 22 %
2025/08/15 12:22:15.715, 127.87 W, 73, 67 %, 22 %
2025/08/15 12:22:16.720, 124.92 W, 73, 68 %, 22 %
2025/08/15 12:22:17.724, 129.36 W, 73, 67 %, 22 %
2025/08/15 12:22:18.727, 125.00 W, 73, 67 %, 22 %
2025/08/15 12:22:19.730, 133.19 W, 73, 68 %, 22 %
2025/08/15 12:22:20.733, 129.54 W, 73, 64 %, 21 %
2025/08/15 12:22:21.738, 133.21 W, 73, 65 %, 21 %
2025/08/15 12:22:22.742, 136.91 W, 73, 67 %, 21 %
2025/08/15 12:22:23.745, 124.26 W, 73, 68 %, 22 %
2025/08/15 12:22:24.749, 106.27 W, 72, 54 %, 16 %
2025/08/15 12:22:25.752, 133.96 W, 73, 67 %, 22 %
2025/08/15 12:22:26.756, 128.96 W, 73, 67 %, 22 %
2025/08/15 12:22:27.759, 119.68 W, 73, 68 %, 22 %
2025/08/15 12:22:28.763, 130.99 W, 73, 67 %, 22 %
2025/08/15 12:22:29.767, 123.52 W, 73, 68 %, 22 %
2025/08/15 12:22:30.772, 126.34 W, 73, 68 %, 22 %
2025/08/15 12:22:31.775, 120.24 W, 73, 67 %, 22 %
2025/08/15 12:22:32.778, 122.47 W, 73, 67 %, 22 %
2025/08/15 12:22:33.782, 125.17 W, 73, 67 %, 22 %
2025/08/15 12:22:34.787, 136.42 W, 73, 66 %, 21 %
2025/08/15 12:22:35.791, 129.51 W, 73, 68 %, 22 %
2025/08/15 12:22:36.795, 120.41 W, 73, 67 %, 22 %
2025/08/15 12:22:37.798, 133.29 W, 73, 66 %, 21 %
2025/08/15 12:22:38.801, 133.64 W, 73, 66 %, 22 %
2025/08/15 12:22:39.805, 133.56 W, 73, 66 %, 21 %
2025/08/15 12:22:40.808, 102.68 W, 73, 44 %, 14 %
2025/08/15 12:22:41.811, 123.13 W, 72, 48 %, 14 %
2025/08/15 12:22:42.815, 140.99 W, 73, 66 %, 21 %
2025/08/15 12:22:43.818, 132.84 W, 73, 67 %, 22 %
2025/08/15 12:22:44.821, 129.60 W, 73, 66 %, 21 %
2025/08/15 12:22:45.824, 130.53 W, 73, 67 %, 22 %
2025/08/15 12:22:46.827, 130.84 W, 73, 66 %, 22 %
2025/08/15 12:22:47.832, 122.96 W, 73, 65 %, 21 %
2025/08/15 12:22:48.835, 133.72 W, 73, 66 %, 21 %
2025/08/15 12:22:49.838, 131.33 W, 73, 64 %, 21 %
2025/08/15 12:22:50.842, 128.71 W, 73, 66 %, 21 %
2025/08/15 12:22:51.845, 133.14 W, 73, 66 %, 21 %
2025/08/15 12:22:52.848, 108.48 W, 73, 62 %, 20 %
2025/08/15 12:22:53.853, 126.16 W, 73, 65 %, 21 %
2025/08/15 12:22:54.856, 122.04 W, 73, 66 %, 21 %
2025/08/15 12:22:55.860, 125.17 W, 73, 66 %, 21 %
2025/08/15 12:22:56.863, 120.25 W, 73, 66 %, 22 %
2025/08/15 12:22:57.866, 102.38 W, 73, 36 %, 11 %
2025/08/15 12:22:58.874, 117.88 W, 72, 35 %, 10 %
2025/08/15 12:22:59.878, 129.94 W, 73, 66 %, 21 %
2025/08/15 12:23:00.882, 140.52 W, 73, 67 %, 22 %
2025/08/15 12:23:01.886, 110.76 W, 73, 67 %, 21 %
2025/08/15 12:23:02.891, 120.50 W, 73, 67 %, 22 %
2025/08/15 12:23:03.894, 128.72 W, 73, 66 %, 21 %
2025/08/15 12:23:04.897, 129.29 W, 73, 68 %, 22 %
2025/08/15 12:23:05.902, 125.67 W, 73, 67 %, 22 %
2025/08/15 12:23:06.905, 129.67 W, 73, 68 %, 22 %
2025/08/15 12:23:07.909, 125.08 W, 73, 67 %, 22 %
2025/08/15 12:23:08.913, 139.29 W, 73, 68 %, 22 %
2025/08/15 12:23:09.916, 128.87 W, 73, 67 %, 22 %
2025/08/15 12:23:10.923, 120.31 W, 73, 67 %, 22 %
2025/08/15 12:23:11.926, 112.00 W, 73, 67 %, 22 %
2025/08/15 12:23:12.931, 130.02 W, 73, 67 %, 22 %
2025/08/15 12:23:13.935, 123.63 W, 73, 67 %, 22 %
2025/08/15 12:23:14.940, 109.32 W, 73, 55 %, 16 %
2025/08/15 12:23:15.943, 137.83 W, 73, 68 %, 22 %
2025/08/15 12:23:16.947, 125.40 W, 73, 68 %, 22 %
2025/08/15 12:23:17.951, 125.10 W, 73, 68 %, 22 %
2025/08/15 12:23:18.955, 130.83 W, 73, 68 %, 22 %
2025/08/15 12:23:19.960, 132.57 W, 73, 68 %, 22 %
2025/08/15 12:23:20.963, 123.70 W, 73, 67 %, 22 %
2025/08/15 12:23:21.966, 132.99 W, 73, 65 %, 21 %
2025/08/15 12:23:22.969, 132.54 W, 73, 68 %, 22 %
2025/08/15 12:23:23.973, 126.15 W, 73, 65 %, 21 %
2025/08/15 12:23:24.978, 116.73 W, 73, 66 %, 21 %
2025/08/15 12:23:25.981, 119.75 W, 73, 67 %, 22 %
2025/08/15 12:23:26.984, 127.55 W, 73, 67 %, 22 %
2025/08/15 12:23:27.987, 129.52 W, 73, 68 %, 22 %
2025/08/15 12:23:28.991, 139.63 W, 73, 68 %, 22 %
2025/08/15 12:23:29.994, 138.47 W, 73, 67 %, 22 %
2025/08/15 12:23:30.997, 103.68 W, 73, 49 %, 16 %
2025/08/15 12:23:32.000, 122.80 W, 72, 54 %, 16 %
2025/08/15 12:23:33.008, 128.29 W, 73, 68 %, 22 %
2025/08/15 12:23:34.012, 139.57 W, 73, 67 %, 22 %
2025/08/15 12:23:35.015, 125.49 W, 73, 67 %, 22 %
2025/08/15 12:23:36.019, 125.17 W, 73, 67 %, 22 %
2025/08/15 12:23:37.025, 126.34 W, 73, 67 %, 22 %
2025/08/15 12:23:38.029, 136.35 W, 73, 67 %, 22 %
2025/08/15 12:23:39.033, 123.85 W, 73, 67 %, 22 %
2025/08/15 12:23:40.038, 132.90 W, 73, 68 %, 22 %
2025/08/15 12:23:41.044, 130.42 W, 73, 68 %, 22 %
2025/08/15 12:23:42.047, 129.60 W, 73, 64 %, 21 %
2025/08/15 12:23:43.051, 134.52 W, 73, 67 %, 22 %
2025/08/15 12:23:44.054, 118.77 W, 73, 67 %, 22 %
2025/08/15 12:23:45.058, 137.85 W, 74, 67 %, 22 %
2025/08/15 12:23:46.063, 126.65 W, 73, 67 %, 22 %
2025/08/15 12:23:47.066, 130.32 W, 74, 68 %, 22 %
2025/08/15 12:23:48.069, 111.36 W, 73, 54 %, 16 %
2025/08/15 12:23:49.073, 139.79 W, 73, 67 %, 22 %
2025/08/15 12:23:50.077, 126.34 W, 73, 68 %, 22 %
2025/08/15 12:23:51.083, 121.23 W, 73, 67 %, 22 %
2025/08/15 12:23:52.088, 121.29 W, 73, 65 %, 21 %
2025/08/15 12:23:53.091, 129.36 W, 73, 67 %, 22 %
2025/08/15 12:23:54.094, 125.08 W, 73, 68 %, 22 %
2025/08/15 12:23:55.097, 136.02 W, 73, 68 %, 22 %
2025/08/15 12:23:56.102, 131.41 W, 73, 65 %, 21 %
2025/08/15 12:23:57.105, 124.93 W, 73, 67 %, 22 %
2025/08/15 12:23:58.112, 118.34 W, 73, 67 %, 22 %
2025/08/15 12:23:59.116, 125.74 W, 73, 68 %, 22 %
2025/08/15 12:24:00.121, 121.79 W, 73, 67 %, 22 %
2025/08/15 12:24:01.124, 138.63 W, 73, 66 %, 22 %
2025/08/15 12:24:02.130, 123.39 W, 73, 64 %, 21 %
2025/08/15 12:24:03.134, 128.97 W, 73, 67 %, 22 %
2025/08/15 12:24:04.137, 102.56 W, 73, 44 %, 14 %
2025/08/15 12:24:05.141, 53.94 W, 72, 52 %, 15 %
2025/08/15 12:24:06.144, 124.01 W, 73, 66 %, 22 %
2025/08/15 12:24:07.150, 119.10 W, 73, 66 %, 21 %
2025/08/15 12:24:08.153, 128.38 W, 73, 66 %, 22 %
2025/08/15 12:24:09.157, 119.02 W, 73, 66 %, 22 %
2025/08/15 12:24:10.160, 129.05 W, 73, 66 %, 22 %
2025/08/15 12:24:11.163, 121.63 W, 73, 66 %, 21 %
2025/08/15 12:24:12.168, 132.16 W, 73, 66 %, 21 %
2025/08/15 12:24:13.172, 123.38 W, 73, 66 %, 21 %
2025/08/15 12:24:14.175, 129.03 W, 73, 67 %, 22 %
2025/08/15 12:24:15.179, 140.11 W, 73, 67 %, 22 %
2025/08/15 12:24:16.182, 124.08 W, 73, 67 %, 22 %
2025/08/15 12:24:17.185, 131.64 W, 73, 67 %, 22 %
2025/08/15 12:24:18.188, 121.57 W, 73, 67 %, 22 %
2025/08/15 12:24:19.191, 137.74 W, 73, 67 %, 22 %
2025/08/15 12:24:20.197, 139.95 W, 73, 68 %, 22 %
2025/08/15 12:24:21.201, 113.65 W, 73, 54 %, 16 %
2025/08/15 12:24:22.205, 133.54 W, 73, 68 %, 22 %
2025/08/15 12:24:23.208, 123.76 W, 73, 68 %, 22 %
2025/08/15 12:24:24.212, 123.52 W, 73, 67 %, 22 %
2025/08/15 12:24:25.216, 124.19 W, 73, 67 %, 22 %
2025/08/15 12:24:26.219, 127.73 W, 73, 67 %, 22 %
2025/08/15 12:24:27.222, 127.56 W, 73, 67 %, 22 %
2025/08/15 12:24:28.226, 135.67 W, 73, 66 %, 22 %
2025/08/15 12:24:29.229, 126.23 W, 73, 66 %, 21 %
2025/08/15 12:24:30.234, 133.42 W, 73, 67 %, 22 %
2025/08/15 12:24:31.237, 135.42 W, 73, 67 %, 22 %
2025/08/15 12:24:32.240, 123.95 W, 73, 68 %, 22 %
2025/08/15 12:24:33.245, 139.14 W, 73, 66 %, 22 %
2025/08/15 12:24:34.248, 126.58 W, 73, 68 %, 22 %
2025/08/15 12:24:35.254, 134.38 W, 73, 67 %, 22 %
2025/08/15 12:24:36.259, 132.26 W, 73, 69 %, 22 %
2025/08/15 12:24:37.263, 124.93 W, 73, 69 %, 23 %
2025/08/15 12:24:38.266, 108.79 W, 72, 54 %, 16 %
2025/08/15 12:24:39.270, 125.24 W, 73, 68 %, 22 %
2025/08/15 12:24:40.273, 134.54 W, 73, 67 %, 22 %
2025/08/15 12:24:41.278, 126.66 W, 73, 67 %, 22 %
2025/08/15 12:24:42.283, 134.62 W, 73, 68 %, 22 %
2025/08/15 12:24:43.286, 133.21 W, 73, 69 %, 23 %
2025/08/15 12:24:44.289, 116.06 W, 73, 68 %, 22 %
2025/08/15 12:24:45.294, 121.49 W, 73, 67 %, 22 %
2025/08/15 12:24:46.298, 136.27 W, 73, 68 %, 22 %
2025/08/15 12:24:47.301, 129.05 W, 73, 67 %, 22 %
2025/08/15 12:24:48.306, 119.02 W, 73, 68 %, 22 %
2025/08/15 12:24:49.309, 139.62 W, 73, 66 %, 22 %
2025/08/15 12:24:50.313, 134.22 W, 73, 67 %, 22 %
2025/08/15 12:24:51.316, 129.94 W, 73, 67 %, 22 %
2025/08/15 12:24:52.320, 118.75 W, 73, 68 %, 22 %
2025/08/15 12:24:53.323, 138.47 W, 73, 68 %, 22 %
2025/08/15 12:24:54.326, 103.86 W, 73, 54 %, 16 %
2025/08/15 12:24:55.330, 120.31 W, 73, 68 %, 22 %
2025/08/15 12:24:56.333, 136.68 W, 73, 67 %, 22 %
2025/08/15 12:24:57.339, 128.14 W, 73, 68 %, 22 %
2025/08/15 12:24:58.342, 130.58 W, 73, 67 %, 22 %
2025/08/15 12:24:59.346, 121.57 W, 73, 64 %, 21 %
2025/08/15 12:25:00.350, 129.02 W, 73, 65 %, 21 %
2025/08/15 12:25:01.354, 126.75 W, 73, 68 %, 22 %
2025/08/15 12:25:02.358, 136.35 W, 73, 67 %, 22 %
2025/08/15 12:25:03.361, 119.89 W, 73, 67 %, 22 %
2025/08/15 12:25:04.365, 124.99 W, 73, 67 %, 22 %
2025/08/15 12:25:05.368, 127.07 W, 73, 67 %, 22 %
2025/08/15 12:25:06.373, 140.26 W, 73, 67 %, 22 %
2025/08/15 12:25:07.376, 120.41 W, 73, 67 %, 22 %
2025/08/15 12:25:08.379, 130.41 W, 73, 67 %, 22 %
2025/08/15 12:25:09.382, 139.38 W, 73, 68 %, 22 %
2025/08/15 12:25:10.389, 88.38 W, 74, 68 %, 22 %
2025/08/15 12:25:11.393, 105.09 W, 73, 54 %, 16 %
2025/08/15 12:25:12.396, 130.83 W, 73, 67 %, 22 %
2025/08/15 12:25:13.400, 109.54 W, 73, 67 %, 22 %
2025/08/15 12:25:14.406, 122.47 W, 73, 66 %, 21 %
2025/08/15 12:25:15.410, 121.57 W, 73, 67 %, 22 %
2025/08/15 12:25:16.414, 127.24 W, 73, 66 %, 21 %
2025/08/15 12:25:17.417, 125.59 W, 73, 67 %, 22 %
2025/08/15 12:25:18.421, 127.15 W, 73, 66 %, 21 %
2025/08/15 12:25:19.425, 124.20 W, 73, 66 %, 22 %
2025/08/15 12:25:20.428, 129.10 W, 73, 67 %, 22 %
2025/08/15 12:25:21.432, 122.47 W, 73, 65 %, 21 %
2025/08/15 12:25:22.435, 126.41 W, 73, 65 %, 21 %
2025/08/15 12:25:23.438, 135.26 W, 73, 66 %, 21 %
2025/08/15 12:25:24.442, 123.54 W, 73, 65 %, 21 %
2025/08/15 12:25:25.445, 122.14 W, 73, 66 %, 22 %
2025/08/15 12:25:26.450, 130.19 W, 73, 67 %, 22 %
2025/08/15 12:25:27.454, 112.67 W, 73, 39 %, 12 %
2025/08/15 12:25:28.457, 120.50 W, 73, 35 %, 11 %
2025/08/15 12:25:29.460, 127.14 W, 73, 67 %, 22 %
2025/08/15 12:25:30.463, 125.09 W, 73, 67 %, 22 %
2025/08/15 12:25:31.468, 121.49 W, 73, 65 %, 21 %
2025/08/15 12:25:32.473, 121.82 W, 73, 67 %, 22 %
2025/08/15 12:25:33.476, 128.35 W, 73, 67 %, 22 %
2025/08/15 12:25:34.479, 130.44 W, 73, 67 %, 22 %
2025/08/15 12:25:35.484, 117.85 W, 73, 67 %, 22 %
2025/08/15 12:25:36.488, 124.44 W, 73, 68 %, 22 %
2025/08/15 12:25:37.492, 127.81 W, 73, 68 %, 22 %
2025/08/15 12:25:38.495, 130.52 W, 73, 67 %, 22 %
2025/08/15 12:25:39.499, 114.74 W, 73, 66 %, 22 %
2025/08/15 12:25:40.502, 137.57 W, 73, 68 %, 22 %
2025/08/15 12:25:41.507, 136.02 W, 73, 68 %, 22 %
2025/08/15 12:25:42.513, 139.52 W, 73, 68 %, 22 %
2025/08/15 12:25:43.516, 126.41 W, 73, 68 %, 22 %
2025/08/15 12:25:44.521, 105.59 W, 73, 54 %, 16 %
2025/08/15 12:25:45.524, 130.10 W, 73, 68 %, 22 %
2025/08/15 12:25:46.527, 116.06 W, 73, 67 %, 22 %
2025/08/15 12:25:47.532, 119.58 W, 73, 67 %, 22 %
2025/08/15 12:25:48.536, 136.02 W, 73, 67 %, 22 %
2025/08/15 12:25:49.541, 129.20 W, 73, 67 %, 22 %
2025/08/15 12:25:50.544, 126.22 W, 73, 67 %, 22 %
2025/08/15 12:25:51.549, 124.18 W, 73, 67 %, 22 %
2025/08/15 12:25:52.552, 125.98 W, 73, 67 %, 22 %
2025/08/15 12:25:53.555, 126.90 W, 73, 67 %, 22 %
2025/08/15 12:25:54.559, 131.10 W, 73, 67 %, 22 %
2025/08/15 12:25:55.563, 134.23 W, 73, 67 %, 22 %
2025/08/15 12:25:56.568, 122.62 W, 73, 68 %, 22 %
2025/08/15 12:25:57.571, 130.93 W, 73, 68 %, 22 %
2025/08/15 12:25:58.574, 119.25 W, 73, 68 %, 22 %
2025/08/15 12:25:59.577, 124.68 W, 73, 67 %, 22 %
2025/08/15 12:26:00.581, 107.80 W, 73, 41 %, 12 %
2025/08/15 12:26:01.584, 133.54 W, 72, 35 %, 10 %
2025/08/15 12:26:02.588, 132.55 W, 73, 64 %, 21 %
2025/08/15 12:26:03.592, 132.82 W, 73, 67 %, 22 %
2025/08/15 12:26:04.597, 129.61 W, 73, 68 %, 22 %
2025/08/15 12:26:05.602, 127.54 W, 73, 67 %, 22 %
2025/08/15 12:26:06.607, 129.45 W, 73, 68 %, 22 %
2025/08/15 12:26:07.610, 133.96 W, 73, 67 %, 22 %
2025/08/15 12:26:08.613, 127.08 W, 73, 67 %, 22 %
2025/08/15 12:26:09.617, 136.43 W, 73, 67 %, 22 %
2025/08/15 12:26:10.620, 128.13 W, 73, 68 %, 22 %
2025/08/15 12:26:11.627, 134.65 W, 73, 67 %, 22 %
2025/08/15 12:26:12.632, 117.30 W, 74, 67 %, 22 %
2025/08/15 12:26:13.635, 138.46 W, 73, 68 %, 22 %
2025/08/15 12:26:14.638, 131.50 W, 73, 68 %, 22 %
2025/08/15 12:26:15.645, 124.10 W, 74, 67 %, 22 %
2025/08/15 12:26:16.649, 126.97 W, 74, 67 %, 22 %
2025/08/15 12:26:17.652, 111.51 W, 73, 53 %, 16 %
2025/08/15 12:26:18.656, 126.66 W, 73, 67 %, 22 %
2025/08/15 12:26:19.659, 124.75 W, 73, 68 %, 22 %
2025/08/15 12:26:20.665, 136.00 W, 73, 68 %, 22 %
2025/08/15 12:26:21.668, 135.03 W, 73, 68 %, 22 %
2025/08/15 12:26:22.672, 123.44 W, 73, 68 %, 22 %
2025/08/15 12:26:23.675, 126.07 W, 73, 68 %, 22 %
2025/08/15 12:26:24.679, 139.63 W, 73, 68 %, 22 %
2025/08/15 12:26:25.682, 128.86 W, 73, 67 %, 22 %
2025/08/15 12:26:26.685, 124.12 W, 73, 67 %, 22 %
2025/08/15 12:26:27.689, 122.96 W, 73, 66 %, 22 %
2025/08/15 12:26:28.693, 119.57 W, 73, 66 %, 22 %
2025/08/15 12:26:29.696, 128.89 W, 73, 66 %, 21 %
2025/08/15 12:26:30.699, 129.45 W, 73, 66 %, 22 %
2025/08/15 12:26:31.704, 131.66 W, 73, 67 %, 22 %
2025/08/15 12:26:32.707, 122.86 W, 73, 66 %, 21 %
2025/08/15 12:26:33.712, 107.62 W, 73, 54 %, 17 %
2025/08/15 12:26:34.717, 57.40 W, 72, 48 %, 14 %
2025/08/15 12:26:35.720, 125.00 W, 73, 62 %, 20 %
2025/08/15 12:26:36.724, 128.19 W, 73, 65 %, 21 %
2025/08/15 12:26:37.731, 127.39 W, 73, 66 %, 22 %
2025/08/15 12:26:38.734, 117.81 W, 73, 63 %, 20 %
2025/08/15 12:26:39.737, 132.65 W, 73, 68 %, 22 %
2025/08/15 12:26:40.740, 133.31 W, 73, 68 %, 22 %
2025/08/15 12:26:41.743, 111.99 W, 73, 68 %, 22 %
2025/08/15 12:26:42.751, 117.60 W, 73, 68 %, 22 %
2025/08/15 12:26:43.754, 124.92 W, 73, 67 %, 22 %
2025/08/15 12:26:44.758, 134.69 W, 73, 66 %, 21 %
2025/08/15 12:26:45.761, 138.81 W, 73, 67 %, 22 %
2025/08/15 12:26:46.766, 117.27 W, 73, 67 %, 22 %
2025/08/15 12:26:47.769, 128.97 W, 73, 68 %, 22 %
2025/08/15 12:26:48.772, 128.53 W, 73, 68 %, 22 %
2025/08/15 12:26:49.775, 130.02 W, 73, 66 %, 21 %
2025/08/15 12:26:50.779, 112.24 W, 73, 54 %, 16 %
2025/08/15 12:26:51.783, 133.06 W, 73, 64 %, 21 %
2025/08/15 12:26:52.786, 131.33 W, 73, 67 %, 22 %
2025/08/15 12:26:53.789, 132.97 W, 73, 67 %, 22 %
2025/08/15 12:26:54.792, 129.43 W, 73, 68 %, 22 %
2025/08/15 12:26:55.799, 133.94 W, 73, 68 %, 22 %
2025/08/15 12:26:56.803, 127.48 W, 73, 68 %, 22 %
2025/08/15 12:26:57.808, 117.85 W, 73, 67 %, 22 %
2025/08/15 12:26:58.811, 130.28 W, 73, 68 %, 22 %
2025/08/15 12:26:59.818, 131.57 W, 73, 67 %, 22 %
2025/08/15 12:27:00.821, 127.38 W, 73, 67 %, 22 %
2025/08/15 12:27:01.824, 120.25 W, 73, 66 %, 22 %
2025/08/15 12:27:02.827, 135.43 W, 73, 67 %, 22 %
2025/08/15 12:27:03.831, 131.73 W, 73, 67 %, 22 %
2025/08/15 12:27:04.836, 132.65 W, 73, 68 %, 22 %
2025/08/15 12:27:05.840, 120.99 W, 73, 66 %, 22 %
2025/08/15 12:27:06.844, 126.10 W, 73, 65 %, 21 %
2025/08/15 12:27:07.847, 103.61 W, 72, 54 %, 16 %
2025/08/15 12:27:08.852, 126.91 W, 73, 67 %, 22 %
2025/08/15 12:27:09.856, 116.86 W, 73, 67 %, 22 %
2025/08/15 12:27:10.860, 137.73 W, 73, 68 %, 22 %
2025/08/15 12:27:11.864, 126.51 W, 73, 67 %, 22 %
2025/08/15 12:27:12.869, 130.00 W, 73, 67 %, 22 %
2025/08/15 12:27:13.873, 120.99 W, 73, 66 %, 22 %
2025/08/15 12:27:14.876, 123.21 W, 73, 66 %, 22 %
2025/08/15 12:27:15.881, 127.57 W, 73, 67 %, 22 %
2025/08/15 12:27:16.885, 120.56 W, 73, 68 %, 22 %
2025/08/15 12:27:17.889, 132.73 W, 73, 66 %, 22 %
2025/08/15 12:27:18.892, 133.39 W, 73, 68 %, 22 %
2025/08/15 12:27:19.897, 126.51 W, 73, 67 %, 22 %
2025/08/15 12:27:20.903, 127.49 W, 73, 68 %, 22 %
2025/08/15 12:27:21.907, 117.35 W, 73, 66 %, 22 %
2025/08/15 12:27:22.912, 124.67 W, 73, 68 %, 22 %
2025/08/15 12:27:23.915, 112.25 W, 73, 55 %, 16 %
2025/08/15 12:27:24.923, 120.99 W, 73, 68 %, 22 %
2025/08/15 12:27:25.927, 126.23 W, 73, 67 %, 22 %
2025/08/15 12:27:26.930, 135.82 W, 73, 67 %, 22 %
2025/08/15 12:27:27.933, 126.64 W, 73, 67 %, 22 %
2025/08/15 12:27:28.936, 125.34 W, 73, 67 %, 22 %
2025/08/15 12:27:29.940, 130.10 W, 73, 67 %, 22 %
2025/08/15 12:27:30.943, 133.72 W, 73, 66 %, 22 %
2025/08/15 12:27:31.947, 116.68 W, 73, 65 %, 21 %
2025/08/15 12:27:32.951, 128.55 W, 73, 67 %, 22 %
2025/08/15 12:27:33.954, 139.52 W, 73, 67 %, 22 %
2025/08/15 12:27:34.957, 120.33 W, 73, 68 %, 22 %
2025/08/15 12:27:35.961, 126.97 W, 74, 68 %, 22 %
2025/08/15 12:27:36.965, 139.54 W, 74, 67 %, 22 %
2025/08/15 12:27:37.972, 124.42 W, 73, 64 %, 21 %
2025/08/15 12:27:38.975, 120.79 W, 73, 60 %, 20 %
2025/08/15 12:27:39.979, 131.99 W, 73, 65 %, 21 %
2025/08/15 12:27:40.982, 101.19 W, 73, 52 %, 15 %
2025/08/15 12:27:41.985, 124.26 W, 73, 61 %, 20 %
2025/08/15 12:27:42.988, 130.43 W, 73, 67 %, 22 %
2025/08/15 12:27:43.993, 133.80 W, 73, 66 %, 22 %
2025/08/15 12:27:44.996, 117.77 W, 73, 65 %, 21 %
2025/08/15 12:27:45.999, 124.74 W, 73, 64 %, 21 %
2025/08/15 12:27:47.002, 128.61 W, 73, 66 %, 22 %
2025/08/15 12:27:48.008, 116.12 W, 73, 64 %, 21 %
2025/08/15 12:27:49.011, 127.38 W, 73, 65 %, 21 %
2025/08/15 12:27:50.015, 119.02 W, 73, 65 %, 21 %
2025/08/15 12:27:51.018, 121.88 W, 73, 65 %, 21 %
2025/08/15 12:27:52.021, 122.31 W, 73, 64 %, 21 %
2025/08/15 12:27:53.025, 133.98 W, 73, 66 %, 22 %
2025/08/15 12:27:54.029, 129.30 W, 73, 67 %, 22 %
2025/08/15 12:27:55.032, 133.71 W, 73, 66 %, 22 %
2025/08/15 12:27:56.035, 125.18 W, 73, 66 %, 22 %
2025/08/15 12:27:57.038, 66.28 W, 73, 66 %, 21 %
2025/08/15 12:27:58.042, 111.72 W, 72, 53 %, 16 %
2025/08/15 12:27:59.045, 128.03 W, 73, 67 %, 22 %
2025/08/15 12:28:00.048, 116.78 W, 73, 67 %, 22 %
2025/08/15 12:28:01.051, 125.36 W, 73, 67 %, 22 %
2025/08/15 12:28:02.055, 116.61 W, 73, 64 %, 21 %
2025/08/15 12:28:03.059, 127.08 W, 73, 67 %, 22 %
2025/08/15 12:28:04.062, 127.89 W, 73, 68 %, 22 %
2025/08/15 12:28:05.066, 135.21 W, 73, 67 %, 22 %
2025/08/15 12:28:06.070, 121.73 W, 73, 67 %, 22 %
2025/08/15 12:28:07.074, 126.50 W, 73, 67 %, 22 %
2025/08/15 12:28:08.077, 129.70 W, 73, 68 %, 22 %
2025/08/15 12:28:09.080, 117.76 W, 73, 68 %, 22 %
2025/08/15 12:28:10.084, 129.19 W, 73, 67 %, 22 %
2025/08/15 12:28:11.089, 139.39 W, 73, 68 %, 22 %
2025/08/15 12:28:12.092, 131.75 W, 73, 66 %, 21 %
2025/08/15 12:28:13.095, 129.19 W, 73, 67 %, 22 %
2025/08/15 12:28:14.098, 105.28 W, 73, 54 %, 16 %
2025/08/15 12:28:15.103, 138.46 W, 73, 68 %, 22 %
2025/08/15 12:28:16.106, 124.84 W, 73, 68 %, 22 %
2025/08/15 12:28:17.111, 125.10 W, 73, 68 %, 22 %
2025/08/15 12:28:18.116, 125.92 W, 73, 67 %, 22 %
2025/08/15 12:28:19.119, 134.20 W, 73, 67 %, 22 %
2025/08/15 12:28:20.123, 127.56 W, 73, 67 %, 22 %
2025/08/15 12:28:21.127, 125.43 W, 73, 67 %, 22 %
2025/08/15 12:28:22.130, 139.86 W, 73, 66 %, 21 %
2025/08/15 12:28:23.133, 117.69 W, 73, 67 %, 22 %
2025/08/15 12:28:24.136, 127.97 W, 73, 68 %, 22 %
2025/08/15 12:28:25.140, 128.03 W, 73, 67 %, 22 %
2025/08/15 12:28:26.144, 136.49 W, 73, 67 %, 22 %
2025/08/15 12:28:27.147, 123.27 W, 73, 67 %, 22 %
2025/08/15 12:28:28.152, 116.80 W, 74, 67 %, 22 %
2025/08/15 12:28:29.155, 131.57 W, 73, 67 %, 22 %
2025/08/15 12:28:30.160, 126.16 W, 73, 67 %, 22 %
2025/08/15 12:28:31.164, 110.13 W, 72, 54 %, 16 %
2025/08/15 12:28:32.168, 136.10 W, 73, 68 %, 22 %
2025/08/15 12:28:33.171, 129.62 W, 73, 68 %, 22 %
2025/08/15 12:28:34.174, 135.09 W, 73, 68 %, 22 %
2025/08/15 12:28:35.178, 133.78 W, 73, 68 %, 22 %
2025/08/15 12:28:36.181, 125.85 W, 73, 68 %, 22 %
2025/08/15 12:28:37.185, 133.99 W, 73, 67 %, 22 %
2025/08/15 12:28:38.188, 124.68 W, 73, 68 %, 22 %
2025/08/15 12:28:39.192, 129.43 W, 73, 68 %, 22 %
2025/08/15 12:28:40.200, 141.67 W, 73, 68 %, 22 %
2025/08/15 12:28:41.203, 133.62 W, 73, 66 %, 21 %
2025/08/15 12:28:42.206, 139.06 W, 73, 65 %, 21 %
2025/08/15 12:28:43.210, 135.69 W, 73, 69 %, 22 %
2025/08/15 12:28:44.215, 133.07 W, 74, 68 %, 22 %
2025/08/15 12:28:45.219, 137.73 W, 73, 67 %, 22 %
2025/08/15 12:28:46.222, 127.87 W, 73, 68 %, 22 %
2025/08/15 12:28:47.225, 108.47 W, 73, 55 %, 16 %
2025/08/15 12:28:48.229, 59.10 W, 71, 27 %, 2 %
2025/08/15 12:28:49.232, 58.57 W, 70, 27 %, 2 %
2025/08/15 12:28:50.235, 58.11 W, 70, 27 %, 2 %
2025/08/15 12:28:51.239, 49.49 W, 68, 29 %, 2 %
2025/08/15 12:28:52.243, 49.24 W, 68, 29 %, 2 %
2025/08/15 12:28:53.246, 48.99 W, 68, 29 %, 2 %
2025/08/15 12:28:54.250, 49.17 W, 68, 29 %, 2 %
2025/08/15 12:28:55.253, 48.46 W, 67, 29 %, 2 %
2025/08/15 12:28:56.257, 48.96 W, 67, 29 %, 2 %
2025/08/15 12:28:57.260, 48.24 W, 67, 29 %, 2 %
2025/08/15 12:28:58.263, 48.28 W, 67, 29 %, 2 %
2025/08/15 12:28:59.266, 48.28 W, 66, 29 %, 2 %
2025/08/15 12:29:00.270, 47.76 W, 66, 29 %, 2 %
2025/08/15 12:29:01.273, 48.77 W, 66, 29 %, 2 %
2025/08/15 12:29:02.276, 48.77 W, 66, 29 %, 2 %
2025/08/15 12:29:03.281, 48.22 W, 66, 29 %, 2 %
2025/08/15 12:29:04.284, 56.59 W, 66, 42 %, 3 %
2025/08/15 12:29:05.287, 63.77 W, 66, 40 %, 3 %
2025/08/15 12:29:06.290, 63.80 W, 66, 40 %, 3 %
2025/08/15 12:29:07.293, 63.55 W, 66, 41 %, 3 %
2025/08/15 12:29:08.297, 59.84 W, 66, 40 %, 3 %
2025/08/15 12:29:09.300, 62.07 W, 66, 40 %, 3 %
2025/08/15 12:29:10.305, 62.48 W, 66, 40 %, 3 %
2025/08/15 12:29:11.309, 63.51 W, 66, 41 %, 3 %
2025/08/15 12:29:12.312, 63.73 W, 66, 40 %, 3 %
2025/08/15 12:29:13.315, 48.49 W, 65, 0 %, 0 %
2025/08/15 12:29:14.318, 48.53 W, 65, 0 %, 0 %
