2025/08/15 08:37:40.162, 27.44 W, 41, 0 %, 0 %
2025/08/15 08:37:41.166, 27.44 W, 41, 0 %, 0 %
2025/08/15 08:37:42.172, 33.87 W, 42, 0 %, 0 %
2025/08/15 08:37:43.184, 34.12 W, 42, 0 %, 0 %
2025/08/15 08:37:44.187, 34.14 W, 42, 0 %, 0 %
2025/08/15 08:37:45.190, 34.12 W, 42, 0 %, 0 %
2025/08/15 08:37:46.197, 34.07 W, 42, 0 %, 0 %
2025/08/15 08:37:47.200, 33.85 W, 42, 0 %, 0 %
2025/08/15 08:37:48.204, 94.23 W, 42, 0 %, 0 %
2025/08/15 08:37:49.208, 131.66 W, 46, 71 %, 24 %
2025/08/15 08:37:50.214, 114.00 W, 47, 67 %, 23 %
2025/08/15 08:37:51.218, 124.01 W, 48, 70 %, 24 %
2025/08/15 08:37:52.223, 122.39 W, 48, 71 %, 24 %
2025/08/15 08:37:53.226, 125.92 W, 49, 71 %, 25 %
2025/08/15 08:37:54.229, 108.56 W, 49, 70 %, 24 %
2025/08/15 08:37:55.236, 119.46 W, 49, 70 %, 24 %
2025/08/15 08:37:56.239, 128.28 W, 50, 70 %, 24 %
2025/08/15 08:37:57.243, 116.73 W, 50, 71 %, 24 %
2025/08/15 08:37:58.247, 124.53 W, 50, 70 %, 24 %
2025/08/15 08:37:59.253, 129.35 W, 50, 71 %, 25 %
2025/08/15 08:38:00.256, 126.57 W, 51, 69 %, 24 %
2025/08/15 08:38:01.259, 120.76 W, 51, 72 %, 25 %
2025/08/15 08:38:02.264, 122.96 W, 51, 70 %, 24 %
2025/08/15 08:38:03.267, 124.61 W, 52, 71 %, 24 %
2025/08/15 08:38:04.271, 127.46 W, 52, 71 %, 24 %
2025/08/15 08:38:05.274, 41.73 W, 49, 0 %, 0 %
2025/08/15 08:38:06.278, 108.83 W, 51, 58 %, 21 %
2025/08/15 08:38:07.281, 125.93 W, 52, 70 %, 24 %
2025/08/15 08:38:08.284, 114.74 W, 52, 70 %, 24 %
2025/08/15 08:38:09.287, 124.75 W, 53, 70 %, 24 %
2025/08/15 08:38:10.290, 133.28 W, 53, 70 %, 24 %
2025/08/15 08:38:11.295, 112.05 W, 53, 71 %, 25 %
2025/08/15 08:38:12.298, 115.33 W, 54, 71 %, 25 %
2025/08/15 08:38:13.301, 124.55 W, 54, 70 %, 25 %
2025/08/15 08:38:14.305, 115.08 W, 54, 68 %, 24 %
2025/08/15 08:38:15.308, 110.62 W, 54, 70 %, 24 %
2025/08/15 08:38:16.313, 131.01 W, 54, 70 %, 25 %
2025/08/15 08:38:17.317, 125.90 W, 55, 70 %, 24 %
2025/08/15 08:38:18.320, 121.48 W, 55, 70 %, 24 %
2025/08/15 08:38:19.323, 123.54 W, 55, 70 %, 24 %
2025/08/15 08:38:20.327, 119.45 W, 55, 70 %, 24 %
2025/08/15 08:38:21.331, 131.82 W, 55, 70 %, 25 %
2025/08/15 08:38:22.334, 136.46 W, 56, 69 %, 24 %
2025/08/15 08:38:23.337, 77.21 W, 56, 71 %, 24 %
2025/08/15 08:38:24.343, 102.73 W, 55, 59 %, 22 %
2025/08/15 08:38:25.347, 125.68 W, 56, 70 %, 24 %
2025/08/15 08:38:26.350, 118.12 W, 56, 69 %, 24 %
2025/08/15 08:38:27.354, 129.43 W, 56, 71 %, 25 %
2025/08/15 08:38:28.358, 127.46 W, 57, 71 %, 25 %
2025/08/15 08:38:29.362, 133.13 W, 57, 72 %, 25 %
2025/08/15 08:38:30.366, 128.37 W, 57, 70 %, 24 %
2025/08/15 08:38:31.370, 121.31 W, 57, 70 %, 24 %
2025/08/15 08:38:32.373, 129.71 W, 57, 70 %, 24 %
2025/08/15 08:38:33.376, 121.80 W, 58, 70 %, 24 %
2025/08/15 08:38:34.380, 142.01 W, 58, 70 %, 24 %
2025/08/15 08:38:35.386, 127.23 W, 58, 72 %, 25 %
2025/08/15 08:38:36.390, 128.21 W, 58, 70 %, 24 %
2025/08/15 08:38:37.393, 128.94 W, 58, 70 %, 24 %
2025/08/15 08:38:38.396, 137.22 W, 58, 70 %, 24 %
2025/08/15 08:38:39.399, 125.68 W, 58, 70 %, 24 %
2025/08/15 08:38:40.404, 125.65 W, 59, 70 %, 24 %
2025/08/15 08:38:41.407, 110.06 W, 58, 71 %, 24 %
2025/08/15 08:38:42.413, 104.64 W, 58, 58 %, 21 %
2025/08/15 08:38:43.416, 122.64 W, 59, 72 %, 25 %
2025/08/15 08:38:44.420, 140.39 W, 59, 71 %, 25 %
2025/08/15 08:38:45.423, 125.75 W, 59, 66 %, 23 %
2025/08/15 08:38:46.427, 121.91 W, 59, 68 %, 23 %
2025/08/15 08:38:47.431, 118.36 W, 60, 70 %, 24 %
2025/08/15 08:38:48.435, 127.64 W, 60, 71 %, 24 %
2025/08/15 08:38:49.439, 136.73 W, 60, 70 %, 24 %
2025/08/15 08:38:50.442, 131.81 W, 60, 70 %, 24 %
2025/08/15 08:38:51.445, 133.51 W, 60, 70 %, 24 %
2025/08/15 08:38:52.450, 126.74 W, 60, 70 %, 24 %
2025/08/15 08:38:53.453, 128.39 W, 61, 70 %, 24 %
2025/08/15 08:38:54.456, 124.67 W, 61, 71 %, 25 %
2025/08/15 08:38:55.460, 115.10 W, 61, 71 %, 25 %
2025/08/15 08:38:56.464, 126.39 W, 61, 70 %, 24 %
2025/08/15 08:38:57.468, 126.42 W, 61, 70 %, 24 %
2025/08/15 08:38:58.474, 126.65 W, 61, 69 %, 24 %
2025/08/15 08:38:59.478, 113.37 W, 61, 70 %, 24 %
2025/08/15 08:39:00.481, 110.58 W, 61, 58 %, 21 %
2025/08/15 08:39:01.485, 134.43 W, 61, 71 %, 25 %
2025/08/15 08:39:02.488, 140.72 W, 62, 71 %, 25 %
2025/08/15 08:39:03.491, 139.57 W, 62, 70 %, 24 %
2025/08/15 08:39:04.496, 133.05 W, 62, 71 %, 24 %
2025/08/15 08:39:05.500, 134.93 W, 62, 68 %, 23 %
2025/08/15 08:39:06.504, 119.58 W, 62, 71 %, 25 %
2025/08/15 08:39:07.507, 129.85 W, 62, 70 %, 24 %
2025/08/15 08:39:08.511, 128.71 W, 62, 71 %, 25 %
2025/08/15 08:39:09.515, 136.73 W, 63, 71 %, 25 %
2025/08/15 08:39:10.518, 146.14 W, 63, 70 %, 24 %
2025/08/15 08:39:11.523, 135.93 W, 63, 70 %, 24 %
2025/08/15 08:39:12.526, 136.65 W, 63, 71 %, 25 %
2025/08/15 08:39:13.530, 129.86 W, 63, 70 %, 24 %
2025/08/15 08:39:14.533, 128.30 W, 63, 71 %, 25 %
2025/08/15 08:39:15.536, 127.20 W, 63, 69 %, 24 %
2025/08/15 08:39:16.541, 134.76 W, 64, 71 %, 24 %
2025/08/15 08:39:17.545, 116.13 W, 63, 70 %, 24 %
2025/08/15 08:39:18.548, 115.59 W, 63, 58 %, 21 %
2025/08/15 08:39:19.552, 128.38 W, 64, 70 %, 25 %
2025/08/15 08:39:20.555, 126.90 W, 64, 71 %, 24 %
2025/08/15 08:39:21.558, 132.29 W, 64, 72 %, 25 %
2025/08/15 08:39:22.563, 128.61 W, 64, 72 %, 25 %
2025/08/15 08:39:23.567, 137.65 W, 64, 70 %, 24 %
2025/08/15 08:39:24.570, 124.12 W, 65, 71 %, 25 %
2025/08/15 08:39:25.573, 124.10 W, 65, 71 %, 25 %
2025/08/15 08:39:26.577, 130.17 W, 65, 69 %, 24 %
2025/08/15 08:39:27.580, 136.65 W, 65, 70 %, 24 %
2025/08/15 08:39:28.584, 134.21 W, 65, 70 %, 24 %
2025/08/15 08:39:29.589, 136.74 W, 65, 70 %, 24 %
2025/08/15 08:39:30.592, 135.67 W, 65, 71 %, 24 %
2025/08/15 08:39:31.595, 133.28 W, 65, 71 %, 25 %
2025/08/15 08:39:32.598, 122.97 W, 65, 70 %, 24 %
2025/08/15 08:39:33.602, 137.87 W, 66, 70 %, 24 %
2025/08/15 08:39:34.607, 128.15 W, 66, 70 %, 24 %
2025/08/15 08:39:35.610, 119.44 W, 65, 48 %, 17 %
2025/08/15 08:39:36.613, 50.41 W, 64, 57 %, 21 %
2025/08/15 08:39:37.616, 128.44 W, 66, 70 %, 24 %
2025/08/15 08:39:38.620, 140.69 W, 66, 70 %, 24 %
2025/08/15 08:39:39.624, 132.65 W, 66, 71 %, 25 %
2025/08/15 08:39:40.629, 124.94 W, 66, 70 %, 24 %
2025/08/15 08:39:41.632, 124.17 W, 66, 70 %, 24 %
2025/08/15 08:39:42.636, 134.10 W, 67, 71 %, 25 %
2025/08/15 08:39:43.642, 137.38 W, 67, 70 %, 24 %
2025/08/15 08:39:44.645, 144.51 W, 67, 72 %, 25 %
2025/08/15 08:39:45.649, 137.89 W, 67, 70 %, 24 %
2025/08/15 08:39:46.652, 131.65 W, 67, 70 %, 25 %
2025/08/15 08:39:47.656, 150.42 W, 67, 70 %, 25 %
2025/08/15 08:39:48.659, 127.89 W, 67, 67 %, 23 %
2025/08/15 08:39:49.663, 136.63 W, 67, 69 %, 24 %
2025/08/15 08:39:50.666, 136.94 W, 67, 70 %, 24 %
2025/08/15 08:39:51.673, 134.42 W, 67, 71 %, 24 %
2025/08/15 08:39:52.676, 127.32 W, 67, 70 %, 24 %
2025/08/15 08:39:53.681, 114.67 W, 67, 51 %, 18 %
2025/08/15 08:39:54.685, 54.36 W, 66, 59 %, 22 %
2025/08/15 08:39:55.689, 139.12 W, 67, 70 %, 24 %
2025/08/15 08:39:56.693, 131.91 W, 67, 72 %, 25 %
2025/08/15 08:39:57.699, 136.31 W, 68, 70 %, 24 %
2025/08/15 08:39:58.702, 138.94 W, 68, 69 %, 24 %
2025/08/15 08:39:59.705, 137.80 W, 68, 70 %, 25 %
2025/08/15 08:40:00.708, 124.92 W, 68, 69 %, 24 %
2025/08/15 08:40:01.712, 144.59 W, 68, 69 %, 24 %
2025/08/15 08:40:02.715, 139.61 W, 68, 70 %, 24 %
2025/08/15 08:40:03.718, 129.04 W, 68, 70 %, 24 %
2025/08/15 08:40:04.722, 131.88 W, 68, 70 %, 24 %
2025/08/15 08:40:05.725, 131.95 W, 69, 70 %, 24 %
2025/08/15 08:40:06.728, 146.79 W, 68, 69 %, 24 %
2025/08/15 08:40:07.733, 137.46 W, 69, 70 %, 24 %
2025/08/15 08:40:08.736, 133.64 W, 69, 71 %, 25 %
2025/08/15 08:40:09.739, 135.02 W, 69, 71 %, 25 %
2025/08/15 08:40:10.742, 146.60 W, 69, 70 %, 24 %
2025/08/15 08:40:11.746, 107.55 W, 68, 70 %, 24 %
2025/08/15 08:40:12.749, 114.24 W, 68, 58 %, 21 %
2025/08/15 08:40:13.752, 133.95 W, 69, 69 %, 24 %
2025/08/15 08:40:14.756, 148.65 W, 69, 71 %, 25 %
2025/08/15 08:40:15.759, 134.69 W, 69, 71 %, 24 %
2025/08/15 08:40:16.762, 137.22 W, 69, 71 %, 24 %
2025/08/15 08:40:17.765, 132.15 W, 69, 70 %, 24 %
2025/08/15 08:40:18.769, 122.92 W, 70, 70 %, 24 %
2025/08/15 08:40:19.772, 134.53 W, 70, 70 %, 24 %
2025/08/15 08:40:20.775, 123.03 W, 70, 68 %, 23 %
2025/08/15 08:40:21.781, 143.10 W, 70, 71 %, 24 %
2025/08/15 08:40:22.784, 141.86 W, 70, 70 %, 25 %
2025/08/15 08:40:23.789, 139.61 W, 70, 70 %, 24 %
2025/08/15 08:40:24.792, 149.99 W, 70, 70 %, 24 %
2025/08/15 08:40:25.795, 143.06 W, 70, 70 %, 25 %
2025/08/15 08:40:26.798, 119.79 W, 70, 70 %, 24 %
2025/08/15 08:40:27.802, 135.02 W, 70, 70 %, 25 %
2025/08/15 08:40:28.805, 135.69 W, 70, 71 %, 25 %
2025/08/15 08:40:29.808, 122.71 W, 70, 43 %, 16 %
2025/08/15 08:40:30.812, 121.16 W, 70, 58 %, 21 %
2025/08/15 08:40:31.818, 137.52 W, 70, 71 %, 25 %
2025/08/15 08:40:32.822, 130.02 W, 70, 70 %, 24 %
2025/08/15 08:40:33.825, 123.20 W, 71, 71 %, 25 %
2025/08/15 08:40:34.828, 137.56 W, 71, 70 %, 24 %
2025/08/15 08:40:35.832, 147.30 W, 71, 70 %, 24 %
2025/08/15 08:40:36.835, 134.77 W, 71, 71 %, 25 %
2025/08/15 08:40:37.839, 132.07 W, 71, 72 %, 25 %
2025/08/15 08:40:38.842, 126.56 W, 71, 72 %, 25 %
2025/08/15 08:40:39.846, 131.65 W, 71, 70 %, 24 %
2025/08/15 08:40:40.849, 126.60 W, 71, 72 %, 25 %
2025/08/15 08:40:41.852, 138.54 W, 71, 71 %, 25 %
2025/08/15 08:40:42.855, 139.85 W, 71, 71 %, 25 %
2025/08/15 08:40:43.859, 142.71 W, 71, 71 %, 25 %
2025/08/15 08:40:44.864, 135.68 W, 71, 71 %, 25 %
2025/08/15 08:40:45.868, 135.43 W, 72, 70 %, 24 %
2025/08/15 08:40:46.871, 132.77 W, 72, 72 %, 25 %
2025/08/15 08:40:47.875, 120.25 W, 71, 58 %, 21 %
2025/08/15 08:40:48.878, 128.55 W, 70, 34 %, 12 %
2025/08/15 08:40:49.883, 129.12 W, 72, 69 %, 24 %
2025/08/15 08:40:50.886, 134.37 W, 72, 70 %, 24 %
2025/08/15 08:40:51.890, 136.16 W, 72, 67 %, 23 %
2025/08/15 08:40:52.894, 135.92 W, 72, 68 %, 23 %
2025/08/15 08:40:53.899, 137.29 W, 72, 70 %, 25 %
2025/08/15 08:40:54.904, 139.92 W, 72, 70 %, 24 %
2025/08/15 08:40:55.907, 141.29 W, 72, 71 %, 25 %
2025/08/15 08:40:56.910, 142.54 W, 72, 71 %, 25 %
2025/08/15 08:40:57.913, 125.69 W, 72, 70 %, 24 %
2025/08/15 08:40:58.917, 138.62 W, 72, 71 %, 25 %
2025/08/15 08:40:59.921, 142.62 W, 72, 70 %, 24 %
2025/08/15 08:41:00.924, 137.56 W, 72, 70 %, 24 %
2025/08/15 08:41:01.938, 142.59 W, 72, 71 %, 25 %
2025/08/15 08:41:02.941, 133.32 W, 73, 71 %, 25 %
2025/08/15 08:41:03.945, 134.03 W, 73, 70 %, 24 %
2025/08/15 08:41:04.950, 133.28 W, 73, 70 %, 24 %
2025/08/15 08:41:05.953, 123.28 W, 72, 58 %, 21 %
2025/08/15 08:41:06.956, 109.14 W, 71, 43 %, 16 %
2025/08/15 08:41:07.959, 144.27 W, 73, 70 %, 24 %
2025/08/15 08:41:08.963, 138.37 W, 73, 71 %, 25 %
2025/08/15 08:41:09.968, 126.58 W, 73, 69 %, 24 %
2025/08/15 08:41:10.971, 138.11 W, 73, 70 %, 24 %
2025/08/15 08:41:11.974, 132.45 W, 73, 71 %, 24 %
2025/08/15 08:41:12.977, 142.13 W, 73, 70 %, 24 %
2025/08/15 08:41:13.982, 150.27 W, 73, 71 %, 25 %
2025/08/15 08:41:14.986, 142.06 W, 73, 72 %, 25 %
2025/08/15 08:41:15.990, 141.55 W, 73, 71 %, 25 %
2025/08/15 08:41:16.993, 143.85 W, 73, 70 %, 24 %
2025/08/15 08:41:17.999, 137.89 W, 73, 70 %, 25 %
2025/08/15 08:41:19.002, 139.40 W, 74, 71 %, 24 %
2025/08/15 08:41:20.005, 139.00 W, 74, 70 %, 24 %
2025/08/15 08:41:21.009, 135.65 W, 74, 72 %, 25 %
2025/08/15 08:41:22.013, 137.21 W, 74, 70 %, 24 %
2025/08/15 08:41:23.016, 143.21 W, 74, 71 %, 25 %
2025/08/15 08:41:24.019, 114.25 W, 73, 57 %, 21 %
2025/08/15 08:41:25.023, 138.81 W, 72, 34 %, 12 %
2025/08/15 08:41:26.026, 137.40 W, 73, 70 %, 25 %
2025/08/15 08:41:27.030, 127.89 W, 74, 70 %, 24 %
2025/08/15 08:41:28.035, 134.33 W, 74, 71 %, 24 %
2025/08/15 08:41:29.039, 150.46 W, 74, 72 %, 25 %
2025/08/15 08:41:30.042, 124.26 W, 74, 68 %, 24 %
2025/08/15 08:41:31.045, 150.39 W, 74, 70 %, 24 %
2025/08/15 08:41:32.048, 143.78 W, 74, 71 %, 25 %
2025/08/15 08:41:33.054, 141.82 W, 74, 70 %, 24 %
2025/08/15 08:41:34.057, 141.32 W, 74, 71 %, 24 %
2025/08/15 08:41:35.060, 142.31 W, 74, 70 %, 24 %
2025/08/15 08:41:36.065, 139.16 W, 74, 71 %, 25 %
2025/08/15 08:41:37.068, 132.88 W, 74, 71 %, 25 %
2025/08/15 08:41:38.071, 136.85 W, 73, 71 %, 24 %
2025/08/15 08:41:39.074, 144.91 W, 73, 72 %, 25 %
2025/08/15 08:41:40.078, 140.49 W, 73, 69 %, 24 %
2025/08/15 08:41:41.085, 143.61 W, 73, 71 %, 25 %
2025/08/15 08:41:42.089, 118.36 W, 73, 58 %, 21 %
2025/08/15 08:41:43.092, 134.79 W, 72, 38 %, 13 %
2025/08/15 08:41:44.096, 132.05 W, 73, 71 %, 24 %
2025/08/15 08:41:45.102, 130.59 W, 73, 72 %, 25 %
2025/08/15 08:41:46.105, 128.28 W, 73, 72 %, 25 %
2025/08/15 08:41:47.108, 151.50 W, 73, 72 %, 25 %
2025/08/15 08:41:48.111, 134.44 W, 73, 70 %, 24 %
2025/08/15 08:41:49.114, 140.34 W, 73, 70 %, 24 %
2025/08/15 08:41:50.120, 141.42 W, 73, 67 %, 23 %
2025/08/15 08:41:51.124, 134.21 W, 73, 70 %, 24 %
2025/08/15 08:41:52.128, 146.18 W, 73, 71 %, 25 %
2025/08/15 08:41:53.132, 128.27 W, 73, 72 %, 25 %
2025/08/15 08:41:54.139, 125.59 W, 73, 71 %, 25 %
2025/08/15 08:41:55.143, 142.87 W, 73, 71 %, 25 %
2025/08/15 08:41:56.146, 142.08 W, 73, 68 %, 23 %
2025/08/15 08:41:57.149, 143.54 W, 73, 70 %, 24 %
2025/08/15 08:41:58.153, 134.53 W, 73, 70 %, 25 %
2025/08/15 08:41:59.157, 136.51 W, 74, 71 %, 25 %
2025/08/15 08:42:00.160, 111.54 W, 73, 56 %, 21 %
2025/08/15 08:42:01.164, 136.01 W, 73, 56 %, 20 %
2025/08/15 08:42:02.169, 135.90 W, 73, 72 %, 25 %
2025/08/15 08:42:03.173, 145.16 W, 73, 72 %, 25 %
2025/08/15 08:42:04.177, 139.09 W, 74, 72 %, 25 %
2025/08/15 08:42:05.180, 126.82 W, 74, 71 %, 25 %
2025/08/15 08:42:06.184, 138.28 W, 74, 72 %, 25 %
2025/08/15 08:42:07.189, 147.37 W, 74, 71 %, 25 %
2025/08/15 08:42:08.193, 145.28 W, 73, 70 %, 24 %
2025/08/15 08:42:09.196, 142.06 W, 74, 71 %, 24 %
2025/08/15 08:42:10.200, 150.61 W, 74, 68 %, 24 %
2025/08/15 08:42:11.206, 138.21 W, 74, 71 %, 25 %
2025/08/15 08:42:12.209, 139.49 W, 74, 71 %, 24 %
2025/08/15 08:42:13.212, 149.55 W, 73, 72 %, 25 %
2025/08/15 08:42:14.216, 136.65 W, 74, 71 %, 25 %
2025/08/15 08:42:15.220, 124.99 W, 74, 71 %, 25 %
2025/08/15 08:42:16.224, 140.56 W, 73, 70 %, 24 %
2025/08/15 08:42:17.228, 140.51 W, 73, 70 %, 24 %
2025/08/15 08:42:18.231, 121.80 W, 73, 58 %, 21 %
2025/08/15 08:42:19.235, 143.17 W, 73, 72 %, 25 %
2025/08/15 08:42:20.238, 143.20 W, 73, 69 %, 24 %
2025/08/15 08:42:21.243, 131.09 W, 73, 72 %, 25 %
2025/08/15 08:42:22.247, 133.77 W, 73, 70 %, 24 %
2025/08/15 08:42:23.250, 136.81 W, 73, 70 %, 24 %
2025/08/15 08:42:24.255, 139.60 W, 73, 70 %, 24 %
2025/08/15 08:42:25.258, 150.33 W, 73, 71 %, 25 %
2025/08/15 08:42:26.261, 135.00 W, 73, 69 %, 24 %
2025/08/15 08:42:27.264, 137.04 W, 73, 67 %, 24 %
2025/08/15 08:42:28.267, 135.60 W, 73, 68 %, 24 %
2025/08/15 08:42:29.273, 133.44 W, 73, 71 %, 25 %
2025/08/15 08:42:30.278, 135.18 W, 73, 70 %, 24 %
2025/08/15 08:42:31.281, 133.05 W, 73, 70 %, 25 %
2025/08/15 08:42:32.284, 142.56 W, 73, 71 %, 24 %
2025/08/15 08:42:33.288, 131.58 W, 73, 70 %, 24 %
2025/08/15 08:42:34.292, 141.15 W, 73, 71 %, 24 %
2025/08/15 08:42:35.295, 135.57 W, 74, 71 %, 24 %
2025/08/15 08:42:36.299, 121.82 W, 73, 59 %, 22 %
2025/08/15 08:42:37.302, 128.95 W, 73, 70 %, 25 %
2025/08/15 08:42:38.306, 149.96 W, 73, 70 %, 25 %
2025/08/15 08:42:39.310, 140.16 W, 73, 71 %, 25 %
2025/08/15 08:42:40.313, 145.91 W, 73, 70 %, 24 %
2025/08/15 08:42:41.317, 142.06 W, 73, 71 %, 25 %
2025/08/15 08:42:42.320, 137.21 W, 73, 71 %, 25 %
2025/08/15 08:42:43.325, 130.41 W, 73, 71 %, 25 %
2025/08/15 08:42:44.328, 144.66 W, 74, 71 %, 25 %
2025/08/15 08:42:45.331, 149.71 W, 74, 71 %, 25 %
2025/08/15 08:42:46.335, 137.24 W, 74, 72 %, 25 %
2025/08/15 08:42:47.339, 139.94 W, 74, 70 %, 24 %
2025/08/15 08:42:48.342, 134.75 W, 74, 69 %, 24 %
2025/08/15 08:42:49.345, 140.26 W, 74, 70 %, 24 %
2025/08/15 08:42:50.348, 141.98 W, 74, 70 %, 24 %
2025/08/15 08:42:51.352, 139.06 W, 74, 71 %, 25 %
2025/08/15 08:42:52.358, 137.37 W, 73, 71 %, 25 %
2025/08/15 08:42:53.362, 148.73 W, 74, 71 %, 25 %
2025/08/15 08:42:54.366, 118.60 W, 73, 59 %, 22 %
2025/08/15 08:42:55.370, 131.25 W, 73, 70 %, 24 %
2025/08/15 08:42:56.376, 141.82 W, 73, 70 %, 24 %
2025/08/15 08:42:57.381, 137.79 W, 73, 70 %, 24 %
2025/08/15 08:42:58.384, 147.79 W, 73, 70 %, 24 %
2025/08/15 08:42:59.387, 125.51 W, 73, 68 %, 23 %
2025/08/15 08:43:00.391, 141.40 W, 73, 71 %, 25 %
2025/08/15 08:43:01.396, 139.59 W, 73, 71 %, 25 %
2025/08/15 08:43:02.400, 145.26 W, 73, 71 %, 24 %
2025/08/15 08:43:03.403, 138.38 W, 73, 71 %, 24 %
2025/08/15 08:43:04.406, 130.27 W, 73, 70 %, 24 %
2025/08/15 08:43:05.409, 144.78 W, 73, 72 %, 25 %
2025/08/15 08:43:06.412, 146.63 W, 73, 71 %, 24 %
2025/08/15 08:43:07.417, 145.37 W, 73, 71 %, 24 %
2025/08/15 08:43:08.420, 134.91 W, 73, 69 %, 24 %
2025/08/15 08:43:09.425, 127.23 W, 73, 71 %, 25 %
2025/08/15 08:43:10.428, 140.26 W, 73, 71 %, 25 %
2025/08/15 08:43:11.432, 140.60 W, 73, 71 %, 24 %
2025/08/15 08:43:12.435, 112.51 W, 72, 59 %, 22 %
2025/08/15 08:43:13.440, 138.46 W, 73, 71 %, 25 %
2025/08/15 08:43:14.444, 136.98 W, 73, 70 %, 24 %
2025/08/15 08:43:15.447, 136.54 W, 73, 71 %, 25 %
2025/08/15 08:43:16.450, 130.18 W, 73, 71 %, 25 %
2025/08/15 08:43:17.454, 138.42 W, 73, 72 %, 25 %
2025/08/15 08:43:18.458, 134.20 W, 73, 71 %, 25 %
2025/08/15 08:43:19.462, 140.16 W, 73, 70 %, 24 %
2025/08/15 08:43:20.466, 140.90 W, 73, 71 %, 25 %
2025/08/15 08:43:21.471, 140.84 W, 74, 71 %, 24 %
2025/08/15 08:43:22.475, 151.60 W, 73, 71 %, 25 %
2025/08/15 08:43:23.481, 145.80 W, 73, 71 %, 24 %
2025/08/15 08:43:24.486, 131.16 W, 73, 72 %, 25 %
2025/08/15 08:43:25.490, 131.47 W, 73, 72 %, 25 %
2025/08/15 08:43:26.494, 128.38 W, 73, 71 %, 24 %
2025/08/15 08:43:27.497, 127.98 W, 74, 71 %, 25 %
2025/08/15 08:43:28.502, 151.95 W, 74, 71 %, 25 %
2025/08/15 08:43:29.505, 142.29 W, 73, 70 %, 25 %
2025/08/15 08:43:30.512, 113.65 W, 72, 56 %, 20 %
2025/08/15 08:43:31.516, 127.81 W, 73, 69 %, 24 %
2025/08/15 08:43:32.519, 139.10 W, 73, 71 %, 24 %
2025/08/15 08:43:33.522, 141.06 W, 73, 71 %, 24 %
2025/08/15 08:43:34.525, 136.11 W, 73, 70 %, 24 %
2025/08/15 08:43:35.529, 141.08 W, 73, 70 %, 24 %
2025/08/15 08:43:36.532, 130.08 W, 73, 71 %, 25 %
2025/08/15 08:43:37.536, 133.61 W, 74, 70 %, 24 %
2025/08/15 08:43:38.539, 137.61 W, 73, 70 %, 24 %
2025/08/15 08:43:39.542, 137.43 W, 73, 70 %, 24 %
2025/08/15 08:43:40.549, 138.38 W, 73, 71 %, 25 %
2025/08/15 08:43:41.552, 137.78 W, 73, 71 %, 24 %
2025/08/15 08:43:42.556, 153.27 W, 73, 71 %, 25 %
2025/08/15 08:43:43.559, 139.11 W, 74, 72 %, 25 %
2025/08/15 08:43:44.562, 138.05 W, 73, 70 %, 24 %
2025/08/15 08:43:45.566, 129.53 W, 73, 70 %, 24 %
2025/08/15 08:43:46.571, 146.14 W, 73, 70 %, 25 %
2025/08/15 08:43:47.574, 136.97 W, 74, 70 %, 24 %
2025/08/15 08:43:48.578, 117.97 W, 72, 58 %, 21 %
2025/08/15 08:43:49.581, 142.72 W, 73, 71 %, 25 %
2025/08/15 08:43:50.586, 142.31 W, 73, 71 %, 25 %
2025/08/15 08:43:51.590, 138.72 W, 73, 71 %, 25 %
2025/08/15 08:43:52.596, 129.61 W, 73, 71 %, 25 %
2025/08/15 08:43:53.599, 136.66 W, 73, 71 %, 24 %
2025/08/15 08:43:54.603, 150.03 W, 73, 70 %, 25 %
2025/08/15 08:43:55.606, 135.91 W, 73, 71 %, 25 %
2025/08/15 08:43:56.609, 145.40 W, 73, 71 %, 25 %
2025/08/15 08:43:57.614, 132.82 W, 73, 70 %, 25 %
2025/08/15 08:43:58.617, 125.18 W, 73, 69 %, 24 %
2025/08/15 08:43:59.620, 149.58 W, 73, 71 %, 24 %
2025/08/15 08:44:00.623, 152.35 W, 73, 71 %, 25 %
2025/08/15 08:44:01.627, 132.72 W, 73, 71 %, 25 %
2025/08/15 08:44:02.633, 133.45 W, 73, 66 %, 23 %
2025/08/15 08:44:03.636, 150.06 W, 73, 70 %, 24 %
2025/08/15 08:44:04.639, 141.29 W, 73, 70 %, 24 %
2025/08/15 08:44:05.643, 130.33 W, 73, 70 %, 24 %
2025/08/15 08:44:06.647, 118.05 W, 72, 59 %, 22 %
2025/08/15 08:44:07.651, 142.94 W, 73, 71 %, 25 %
2025/08/15 08:44:08.655, 123.03 W, 73, 71 %, 25 %
2025/08/15 08:44:09.658, 140.57 W, 73, 70 %, 24 %
2025/08/15 08:44:10.661, 138.20 W, 73, 71 %, 25 %
2025/08/15 08:44:11.664, 136.79 W, 73, 70 %, 25 %
2025/08/15 08:44:12.669, 138.44 W, 73, 70 %, 24 %
2025/08/15 08:44:13.672, 146.21 W, 73, 70 %, 25 %
2025/08/15 08:44:14.676, 146.01 W, 73, 70 %, 24 %
2025/08/15 08:44:15.681, 143.85 W, 73, 71 %, 25 %
2025/08/15 08:44:16.684, 143.63 W, 73, 71 %, 24 %
2025/08/15 08:44:17.687, 149.09 W, 73, 71 %, 24 %
2025/08/15 08:44:18.691, 140.22 W, 73, 70 %, 25 %
2025/08/15 08:44:19.696, 152.74 W, 73, 70 %, 25 %
2025/08/15 08:44:20.700, 133.95 W, 74, 71 %, 25 %
2025/08/15 08:44:21.704, 134.51 W, 74, 70 %, 25 %
2025/08/15 08:44:22.707, 130.73 W, 73, 71 %, 24 %
2025/08/15 08:44:23.712, 136.58 W, 74, 70 %, 24 %
2025/08/15 08:44:24.719, 114.97 W, 72, 58 %, 21 %
2025/08/15 08:44:25.722, 143.69 W, 73, 70 %, 25 %
2025/08/15 08:44:26.726, 135.96 W, 73, 71 %, 25 %
2025/08/15 08:44:27.729, 137.86 W, 73, 71 %, 24 %
2025/08/15 08:44:28.732, 142.74 W, 73, 70 %, 24 %
2025/08/15 08:44:29.737, 136.57 W, 73, 69 %, 24 %
2025/08/15 08:44:30.741, 133.14 W, 73, 71 %, 25 %
2025/08/15 08:44:31.745, 144.43 W, 73, 69 %, 24 %
2025/08/15 08:44:32.748, 146.31 W, 73, 71 %, 24 %
2025/08/15 08:44:33.751, 139.11 W, 73, 67 %, 23 %
2025/08/15 08:44:34.755, 144.72 W, 73, 68 %, 24 %
2025/08/15 08:44:35.758, 128.52 W, 73, 71 %, 25 %
2025/08/15 08:44:36.761, 152.74 W, 73, 68 %, 24 %
2025/08/15 08:44:37.766, 142.87 W, 73, 71 %, 25 %
2025/08/15 08:44:38.769, 143.20 W, 73, 71 %, 24 %
2025/08/15 08:44:39.772, 139.12 W, 73, 72 %, 25 %
2025/08/15 08:44:40.777, 151.65 W, 73, 70 %, 24 %
2025/08/15 08:44:41.781, 136.65 W, 73, 71 %, 24 %
2025/08/15 08:44:42.785, 116.81 W, 73, 58 %, 21 %
2025/08/15 08:44:43.790, 149.45 W, 73, 71 %, 25 %
2025/08/15 08:44:44.794, 141.30 W, 73, 71 %, 24 %
2025/08/15 08:44:45.799, 139.84 W, 73, 72 %, 25 %
2025/08/15 08:44:46.804, 147.88 W, 73, 70 %, 25 %
2025/08/15 08:44:47.809, 139.77 W, 73, 71 %, 25 %
2025/08/15 08:44:48.813, 135.93 W, 73, 70 %, 24 %
2025/08/15 08:44:49.816, 122.78 W, 73, 70 %, 24 %
2025/08/15 08:44:50.822, 135.99 W, 73, 71 %, 25 %
2025/08/15 08:44:51.826, 147.78 W, 73, 71 %, 25 %
2025/08/15 08:44:52.829, 130.59 W, 73, 70 %, 25 %
2025/08/15 08:44:53.833, 135.10 W, 74, 70 %, 25 %
2025/08/15 08:44:54.836, 140.67 W, 73, 70 %, 24 %
2025/08/15 08:44:55.839, 137.40 W, 73, 70 %, 25 %
2025/08/15 08:44:56.842, 138.46 W, 74, 70 %, 25 %
2025/08/15 08:44:57.847, 125.92 W, 73, 68 %, 24 %
2025/08/15 08:44:58.851, 143.07 W, 73, 71 %, 25 %
2025/08/15 08:44:59.854, 138.84 W, 73, 70 %, 24 %
2025/08/15 08:45:00.857, 113.80 W, 72, 58 %, 21 %
2025/08/15 08:45:01.860, 138.62 W, 73, 70 %, 24 %
2025/08/15 08:45:02.865, 130.77 W, 73, 70 %, 24 %
2025/08/15 08:45:03.869, 144.44 W, 73, 71 %, 25 %
2025/08/15 08:45:04.873, 135.92 W, 73, 70 %, 24 %
2025/08/15 08:45:05.876, 142.13 W, 73, 67 %, 23 %
2025/08/15 08:45:06.879, 130.32 W, 73, 69 %, 24 %
2025/08/15 08:45:07.882, 139.02 W, 73, 71 %, 25 %
2025/08/15 08:45:08.888, 148.26 W, 73, 71 %, 25 %
2025/08/15 08:45:09.891, 137.82 W, 73, 69 %, 24 %
2025/08/15 08:45:10.895, 137.64 W, 73, 70 %, 24 %
2025/08/15 08:45:11.899, 145.93 W, 73, 69 %, 24 %
2025/08/15 08:45:12.902, 144.03 W, 73, 70 %, 24 %
2025/08/15 08:45:13.906, 132.37 W, 73, 70 %, 24 %
2025/08/15 08:45:14.909, 133.30 W, 73, 69 %, 24 %
2025/08/15 08:45:15.912, 142.29 W, 73, 72 %, 25 %
2025/08/15 08:45:16.915, 136.33 W, 73, 70 %, 24 %
2025/08/15 08:45:17.919, 142.44 W, 73, 70 %, 24 %
2025/08/15 08:45:18.922, 117.56 W, 73, 58 %, 21 %
2025/08/15 08:45:19.926, 126.41 W, 73, 68 %, 24 %
2025/08/15 08:45:20.929, 124.68 W, 73, 70 %, 24 %
2025/08/15 08:45:21.937, 137.64 W, 73, 71 %, 25 %
2025/08/15 08:45:22.942, 138.08 W, 73, 69 %, 24 %
2025/08/15 08:45:23.946, 136.24 W, 73, 70 %, 25 %
2025/08/15 08:45:24.949, 141.39 W, 73, 70 %, 24 %
2025/08/15 08:45:25.955, 124.26 W, 73, 70 %, 24 %
2025/08/15 08:45:26.959, 137.88 W, 74, 71 %, 25 %
2025/08/15 08:45:27.962, 138.05 W, 74, 70 %, 25 %
2025/08/15 08:45:28.965, 149.10 W, 73, 70 %, 24 %
2025/08/15 08:45:29.969, 131.23 W, 73, 69 %, 24 %
2025/08/15 08:45:30.973, 142.19 W, 73, 70 %, 24 %
2025/08/15 08:45:31.977, 151.94 W, 74, 71 %, 25 %
2025/08/15 08:45:32.980, 145.22 W, 73, 70 %, 25 %
2025/08/15 08:45:33.983, 120.98 W, 73, 71 %, 25 %
2025/08/15 08:45:34.987, 138.07 W, 74, 70 %, 25 %
2025/08/15 08:45:35.992, 138.96 W, 74, 70 %, 24 %
2025/08/15 08:45:36.995, 114.73 W, 72, 56 %, 21 %
2025/08/15 08:45:37.999, 135.51 W, 73, 68 %, 24 %
2025/08/15 08:45:39.003, 128.86 W, 73, 71 %, 25 %
2025/08/15 08:45:40.006, 135.83 W, 73, 71 %, 25 %
2025/08/15 08:45:41.009, 139.68 W, 73, 71 %, 25 %
2025/08/15 08:45:42.012, 142.96 W, 73, 70 %, 24 %
2025/08/15 08:45:43.017, 152.26 W, 73, 70 %, 25 %
2025/08/15 08:45:44.023, 152.63 W, 73, 70 %, 25 %
2025/08/15 08:45:45.027, 145.99 W, 73, 71 %, 25 %
2025/08/15 08:45:46.032, 145.50 W, 73, 71 %, 24 %
2025/08/15 08:45:47.036, 138.26 W, 73, 70 %, 25 %
2025/08/15 08:45:48.041, 139.99 W, 73, 70 %, 24 %
2025/08/15 08:45:49.045, 150.77 W, 73, 70 %, 25 %
2025/08/15 08:45:50.048, 137.64 W, 73, 68 %, 24 %
2025/08/15 08:45:51.051, 139.77 W, 73, 71 %, 25 %
2025/08/15 08:45:52.054, 133.65 W, 73, 71 %, 25 %
2025/08/15 08:45:53.059, 136.41 W, 73, 70 %, 25 %
2025/08/15 08:45:54.063, 146.33 W, 73, 70 %, 25 %
2025/08/15 08:45:55.068, 111.74 W, 72, 59 %, 22 %
2025/08/15 08:45:56.072, 139.83 W, 73, 72 %, 25 %
2025/08/15 08:45:57.079, 130.83 W, 73, 71 %, 25 %
2025/08/15 08:45:58.082, 134.94 W, 73, 70 %, 24 %
2025/08/15 08:45:59.085, 126.33 W, 73, 70 %, 25 %
2025/08/15 08:46:00.089, 152.38 W, 73, 69 %, 24 %
2025/08/15 08:46:01.092, 151.78 W, 73, 70 %, 24 %
2025/08/15 08:46:02.099, 144.43 W, 73, 71 %, 25 %
2025/08/15 08:46:03.104, 134.45 W, 73, 71 %, 25 %
2025/08/15 08:46:04.107, 141.51 W, 73, 70 %, 24 %
2025/08/15 08:46:05.110, 133.37 W, 73, 71 %, 25 %
2025/08/15 08:46:06.113, 139.34 W, 73, 70 %, 24 %
2025/08/15 08:46:07.118, 132.48 W, 73, 70 %, 25 %
2025/08/15 08:46:08.122, 127.38 W, 73, 70 %, 25 %
2025/08/15 08:46:09.126, 123.71 W, 73, 69 %, 24 %
2025/08/15 08:46:10.129, 140.83 W, 73, 64 %, 22 %
2025/08/15 08:46:11.132, 135.35 W, 73, 70 %, 25 %
2025/08/15 08:46:12.136, 145.95 W, 73, 70 %, 25 %
2025/08/15 08:46:13.140, 122.38 W, 72, 58 %, 21 %
2025/08/15 08:46:14.144, 143.59 W, 73, 71 %, 25 %
2025/08/15 08:46:15.148, 132.18 W, 73, 72 %, 25 %
2025/08/15 08:46:16.151, 128.06 W, 73, 70 %, 25 %
2025/08/15 08:46:17.154, 140.19 W, 73, 70 %, 24 %
2025/08/15 08:46:18.158, 151.71 W, 73, 72 %, 25 %
2025/08/15 08:46:19.164, 135.74 W, 74, 70 %, 24 %
2025/08/15 08:46:20.167, 149.88 W, 73, 67 %, 24 %
2025/08/15 08:46:21.171, 138.45 W, 73, 71 %, 25 %
2025/08/15 08:46:22.174, 137.47 W, 73, 70 %, 25 %
2025/08/15 08:46:23.177, 123.71 W, 73, 70 %, 24 %
2025/08/15 08:46:24.185, 135.51 W, 73, 71 %, 24 %
2025/08/15 08:46:25.189, 140.84 W, 73, 72 %, 25 %
2025/08/15 08:46:26.192, 142.06 W, 73, 70 %, 25 %
2025/08/15 08:46:27.195, 149.19 W, 73, 71 %, 25 %
2025/08/15 08:46:28.199, 134.42 W, 73, 71 %, 25 %
2025/08/15 08:46:29.202, 148.82 W, 73, 70 %, 24 %
2025/08/15 08:46:30.205, 116.31 W, 73, 68 %, 24 %
2025/08/15 08:46:31.210, 118.12 W, 72, 58 %, 21 %
2025/08/15 08:46:32.213, 137.40 W, 73, 72 %, 25 %
2025/08/15 08:46:33.217, 139.77 W, 73, 71 %, 25 %
2025/08/15 08:46:34.221, 136.25 W, 73, 70 %, 24 %
2025/08/15 08:46:35.224, 138.36 W, 73, 70 %, 25 %
2025/08/15 08:46:36.229, 141.42 W, 73, 71 %, 24 %
2025/08/15 08:46:37.232, 141.46 W, 73, 70 %, 24 %
2025/08/15 08:46:38.235, 141.33 W, 73, 72 %, 25 %
2025/08/15 08:46:39.238, 142.04 W, 73, 71 %, 25 %
2025/08/15 08:46:40.243, 142.73 W, 73, 69 %, 24 %
2025/08/15 08:46:41.246, 144.86 W, 73, 68 %, 24 %
2025/08/15 08:46:42.250, 134.86 W, 73, 71 %, 25 %
2025/08/15 08:46:43.253, 150.58 W, 73, 71 %, 25 %
2025/08/15 08:46:44.257, 138.05 W, 73, 70 %, 24 %
2025/08/15 08:46:45.261, 142.99 W, 73, 70 %, 25 %
2025/08/15 08:46:46.265, 150.53 W, 73, 70 %, 24 %
2025/08/15 08:46:47.268, 136.58 W, 73, 70 %, 24 %
2025/08/15 08:46:48.272, 117.37 W, 72, 70 %, 25 %
2025/08/15 08:46:49.275, 117.37 W, 72, 59 %, 22 %
2025/08/15 08:46:50.280, 133.03 W, 73, 69 %, 24 %
2025/08/15 08:46:51.284, 140.10 W, 73, 72 %, 25 %
2025/08/15 08:46:52.287, 141.24 W, 73, 71 %, 25 %
2025/08/15 08:46:53.291, 144.29 W, 73, 70 %, 25 %
2025/08/15 08:46:54.298, 141.12 W, 73, 71 %, 24 %
2025/08/15 08:46:55.301, 136.57 W, 73, 71 %, 24 %
2025/08/15 08:46:56.305, 132.14 W, 73, 70 %, 25 %
2025/08/15 08:46:57.308, 129.61 W, 73, 72 %, 25 %
2025/08/15 08:46:58.312, 150.81 W, 73, 70 %, 24 %
2025/08/15 08:46:59.316, 136.46 W, 73, 70 %, 24 %
2025/08/15 08:47:00.321, 144.11 W, 73, 68 %, 24 %
2025/08/15 08:47:01.325, 137.15 W, 73, 71 %, 25 %
2025/08/15 08:47:02.329, 131.82 W, 74, 70 %, 25 %
2025/08/15 08:47:03.336, 143.92 W, 74, 70 %, 24 %
2025/08/15 08:47:04.340, 140.89 W, 73, 71 %, 25 %
2025/08/15 08:47:05.343, 132.89 W, 73, 70 %, 25 %
2025/08/15 08:47:06.348, 125.49 W, 73, 71 %, 25 %
2025/08/15 08:47:07.353, 119.09 W, 73, 59 %, 22 %
2025/08/15 08:47:08.358, 147.79 W, 73, 70 %, 24 %
2025/08/15 08:47:09.362, 133.96 W, 73, 72 %, 25 %
2025/08/15 08:47:10.366, 137.69 W, 73, 70 %, 25 %
2025/08/15 08:47:11.369, 134.76 W, 73, 71 %, 25 %
2025/08/15 08:47:12.374, 137.04 W, 73, 67 %, 24 %
2025/08/15 08:47:13.377, 140.59 W, 73, 67 %, 23 %
2025/08/15 08:47:14.380, 133.63 W, 73, 70 %, 24 %
2025/08/15 08:47:15.385, 140.91 W, 73, 71 %, 25 %
2025/08/15 08:47:16.388, 132.81 W, 73, 71 %, 25 %
2025/08/15 08:47:17.391, 150.74 W, 74, 71 %, 25 %
2025/08/15 08:47:18.395, 144.33 W, 73, 70 %, 24 %
2025/08/15 08:47:19.398, 144.40 W, 73, 70 %, 25 %
2025/08/15 08:47:20.402, 139.92 W, 73, 72 %, 25 %
2025/08/15 08:47:21.405, 142.68 W, 73, 71 %, 25 %
2025/08/15 08:47:22.410, 135.18 W, 73, 70 %, 24 %
2025/08/15 08:47:23.413, 129.75 W, 73, 70 %, 25 %
2025/08/15 08:47:24.416, 116.15 W, 73, 71 %, 25 %
2025/08/15 08:47:25.421, 120.32 W, 72, 58 %, 21 %
2025/08/15 08:47:26.424, 128.55 W, 73, 70 %, 24 %
2025/08/15 08:47:27.429, 121.42 W, 73, 71 %, 25 %
2025/08/15 08:47:28.432, 139.42 W, 73, 71 %, 25 %
2025/08/15 08:47:29.436, 135.17 W, 73, 71 %, 25 %
2025/08/15 08:47:30.441, 137.22 W, 73, 70 %, 24 %
2025/08/15 08:47:31.444, 147.71 W, 73, 72 %, 25 %
2025/08/15 08:47:32.448, 131.25 W, 73, 69 %, 24 %
2025/08/15 08:47:33.453, 134.20 W, 73, 70 %, 24 %
2025/08/15 08:47:34.456, 136.25 W, 73, 71 %, 25 %
2025/08/15 08:47:35.459, 139.60 W, 73, 70 %, 24 %
2025/08/15 08:47:36.462, 138.33 W, 73, 72 %, 25 %
2025/08/15 08:47:37.469, 141.21 W, 73, 71 %, 25 %
2025/08/15 08:47:38.472, 136.81 W, 73, 71 %, 25 %
2025/08/15 08:47:39.476, 131.09 W, 73, 70 %, 25 %
2025/08/15 08:47:40.481, 124.31 W, 73, 71 %, 25 %
2025/08/15 08:47:41.488, 138.37 W, 73, 70 %, 25 %
2025/08/15 08:47:42.491, 115.97 W, 73, 58 %, 21 %
2025/08/15 08:47:43.495, 53.10 W, 72, 39 %, 14 %
2025/08/15 08:47:44.498, 138.81 W, 73, 68 %, 24 %
2025/08/15 08:47:45.502, 152.49 W, 73, 71 %, 25 %
2025/08/15 08:47:46.506, 138.38 W, 73, 70 %, 24 %
2025/08/15 08:47:47.511, 149.57 W, 73, 71 %, 25 %
2025/08/15 08:47:48.514, 136.83 W, 73, 70 %, 24 %
2025/08/15 08:47:49.517, 135.68 W, 73, 70 %, 25 %
2025/08/15 08:47:50.520, 143.95 W, 73, 70 %, 24 %
2025/08/15 08:47:51.524, 143.93 W, 73, 71 %, 25 %
2025/08/15 08:47:52.528, 140.07 W, 73, 71 %, 25 %
2025/08/15 08:47:53.531, 129.60 W, 73, 71 %, 25 %
2025/08/15 08:47:54.534, 152.12 W, 73, 71 %, 25 %
2025/08/15 08:47:55.537, 139.09 W, 73, 71 %, 25 %
2025/08/15 08:47:56.540, 142.96 W, 73, 70 %, 24 %
2025/08/15 08:47:57.545, 141.34 W, 73, 71 %, 25 %
2025/08/15 08:47:58.548, 148.22 W, 73, 70 %, 25 %
2025/08/15 08:47:59.555, 143.52 W, 74, 71 %, 25 %
2025/08/15 08:48:00.558, 117.19 W, 73, 58 %, 21 %
2025/08/15 08:48:01.562, 119.30 W, 72, 35 %, 13 %
2025/08/15 08:48:02.565, 138.60 W, 73, 71 %, 24 %
2025/08/15 08:48:03.568, 139.68 W, 73, 71 %, 25 %
2025/08/15 08:48:04.572, 135.59 W, 73, 70 %, 25 %
2025/08/15 08:48:05.575, 135.92 W, 73, 70 %, 24 %
2025/08/15 08:48:06.579, 141.73 W, 73, 70 %, 25 %
2025/08/15 08:48:07.582, 140.26 W, 73, 70 %, 25 %
2025/08/15 08:48:08.585, 131.98 W, 74, 71 %, 25 %
2025/08/15 08:48:09.591, 137.87 W, 73, 71 %, 25 %
2025/08/15 08:48:10.596, 141.15 W, 73, 71 %, 25 %
2025/08/15 08:48:11.599, 128.68 W, 74, 71 %, 24 %
2025/08/15 08:48:12.602, 133.14 W, 73, 70 %, 24 %
2025/08/15 08:48:13.605, 141.15 W, 73, 70 %, 25 %
2025/08/15 08:48:14.609, 134.28 W, 73, 70 %, 24 %
2025/08/15 08:48:15.613, 134.86 W, 73, 66 %, 23 %
2025/08/15 08:48:16.616, 132.48 W, 73, 68 %, 24 %
2025/08/15 08:48:17.620, 133.21 W, 73, 71 %, 25 %
2025/08/15 08:48:18.623, 121.73 W, 73, 57 %, 21 %
2025/08/15 08:48:19.627, 112.38 W, 71, 35 %, 13 %
2025/08/15 08:48:20.630, 137.82 W, 73, 71 %, 24 %
2025/08/15 08:48:21.634, 137.88 W, 73, 70 %, 24 %
2025/08/15 08:48:22.639, 143.38 W, 73, 71 %, 25 %
2025/08/15 08:48:23.643, 138.62 W, 73, 71 %, 25 %
2025/08/15 08:48:24.646, 139.92 W, 73, 72 %, 25 %
2025/08/15 08:48:25.649, 133.53 W, 73, 71 %, 25 %
2025/08/15 08:48:26.652, 130.00 W, 73, 70 %, 25 %
2025/08/15 08:48:27.658, 147.28 W, 73, 71 %, 25 %
2025/08/15 08:48:28.661, 138.38 W, 73, 70 %, 25 %
2025/08/15 08:48:29.664, 148.02 W, 73, 70 %, 24 %
2025/08/15 08:48:30.669, 138.62 W, 73, 70 %, 24 %
2025/08/15 08:48:31.673, 143.69 W, 73, 71 %, 25 %
2025/08/15 08:48:32.676, 130.27 W, 73, 68 %, 24 %
2025/08/15 08:48:33.679, 145.59 W, 73, 71 %, 25 %
2025/08/15 08:48:34.684, 150.61 W, 73, 70 %, 25 %
2025/08/15 08:48:35.688, 144.18 W, 73, 72 %, 25 %
2025/08/15 08:48:36.694, 124.75 W, 72, 58 %, 21 %
2025/08/15 08:48:37.698, 131.56 W, 72, 36 %, 13 %
2025/08/15 08:48:38.701, 139.58 W, 73, 70 %, 24 %
2025/08/15 08:48:39.705, 138.13 W, 73, 70 %, 24 %
2025/08/15 08:48:40.709, 139.60 W, 73, 72 %, 25 %
2025/08/15 08:48:41.713, 140.99 W, 73, 70 %, 25 %
2025/08/15 08:48:42.716, 133.70 W, 73, 70 %, 25 %
2025/08/15 08:48:43.719, 135.74 W, 73, 72 %, 25 %
2025/08/15 08:48:44.724, 133.26 W, 73, 71 %, 25 %
2025/08/15 08:48:45.729, 125.19 W, 73, 71 %, 25 %
2025/08/15 08:48:46.733, 149.57 W, 73, 71 %, 25 %
2025/08/15 08:48:47.736, 131.49 W, 73, 67 %, 23 %
2025/08/15 08:48:48.739, 128.61 W, 73, 71 %, 24 %
2025/08/15 08:48:49.743, 143.95 W, 73, 71 %, 25 %
2025/08/15 08:48:50.747, 141.55 W, 73, 71 %, 25 %
2025/08/15 08:48:51.751, 141.64 W, 73, 71 %, 25 %
2025/08/15 08:48:52.755, 137.47 W, 73, 71 %, 24 %
2025/08/15 08:48:53.758, 141.29 W, 73, 70 %, 24 %
2025/08/15 08:48:54.762, 113.94 W, 73, 59 %, 22 %
2025/08/15 08:48:55.765, 144.52 W, 72, 46 %, 16 %
2025/08/15 08:48:56.770, 142.71 W, 73, 70 %, 24 %
2025/08/15 08:48:57.774, 131.56 W, 73, 70 %, 24 %
2025/08/15 08:48:58.780, 128.38 W, 73, 70 %, 24 %
2025/08/15 08:48:59.783, 141.12 W, 73, 71 %, 25 %
2025/08/15 08:49:00.787, 139.57 W, 73, 71 %, 25 %
2025/08/15 08:49:01.791, 140.65 W, 73, 69 %, 24 %
2025/08/15 08:49:02.795, 135.00 W, 73, 70 %, 24 %
2025/08/15 08:49:03.798, 145.26 W, 73, 71 %, 25 %
2025/08/15 08:49:04.802, 139.04 W, 73, 69 %, 24 %
2025/08/15 08:49:05.805, 129.82 W, 73, 70 %, 24 %
2025/08/15 08:49:06.809, 140.41 W, 73, 71 %, 25 %
2025/08/15 08:49:07.812, 142.31 W, 74, 71 %, 25 %
2025/08/15 08:49:08.817, 144.34 W, 73, 70 %, 24 %
2025/08/15 08:49:09.820, 138.77 W, 73, 71 %, 25 %
2025/08/15 08:49:10.823, 144.03 W, 74, 71 %, 25 %
2025/08/15 08:49:11.828, 150.31 W, 73, 71 %, 25 %
2025/08/15 08:49:12.831, 125.49 W, 73, 58 %, 21 %
2025/08/15 08:49:13.834, 130.03 W, 73, 70 %, 24 %
2025/08/15 08:49:14.839, 148.70 W, 73, 71 %, 25 %
2025/08/15 08:49:15.842, 136.16 W, 73, 71 %, 25 %
2025/08/15 08:49:16.846, 142.59 W, 73, 70 %, 25 %
2025/08/15 08:49:17.851, 143.77 W, 73, 71 %, 25 %
2025/08/15 08:49:18.854, 133.04 W, 73, 67 %, 23 %
2025/08/15 08:49:19.857, 140.91 W, 73, 66 %, 23 %
2025/08/15 08:49:20.860, 133.48 W, 73, 70 %, 24 %
2025/08/15 08:49:21.867, 136.82 W, 73, 71 %, 25 %
2025/08/15 08:49:22.870, 138.13 W, 73, 71 %, 24 %
2025/08/15 08:49:23.874, 129.19 W, 73, 71 %, 25 %
2025/08/15 08:49:24.877, 141.32 W, 73, 70 %, 24 %
2025/08/15 08:49:25.880, 141.79 W, 73, 71 %, 24 %
2025/08/15 08:49:26.884, 149.46 W, 73, 71 %, 24 %
2025/08/15 08:49:27.887, 139.51 W, 73, 70 %, 24 %
2025/08/15 08:49:28.890, 134.12 W, 73, 70 %, 24 %
2025/08/15 08:49:29.894, 127.26 W, 73, 71 %, 24 %
2025/08/15 08:49:30.898, 117.62 W, 73, 59 %, 22 %
2025/08/15 08:49:31.901, 137.31 W, 73, 70 %, 24 %
2025/08/15 08:49:32.904, 134.18 W, 73, 70 %, 25 %
2025/08/15 08:49:33.907, 136.39 W, 73, 68 %, 24 %
2025/08/15 08:49:34.914, 137.70 W, 73, 72 %, 25 %
2025/08/15 08:49:35.918, 131.40 W, 73, 71 %, 24 %
2025/08/15 08:49:36.921, 140.10 W, 73, 70 %, 24 %
2025/08/15 08:49:37.925, 141.97 W, 73, 70 %, 25 %
2025/08/15 08:49:38.928, 150.57 W, 73, 70 %, 24 %
2025/08/15 08:49:39.932, 147.93 W, 73, 71 %, 25 %
2025/08/15 08:49:40.936, 131.43 W, 73, 72 %, 25 %
2025/08/15 08:49:41.940, 136.64 W, 73, 70 %, 24 %
2025/08/15 08:49:42.944, 150.63 W, 73, 70 %, 25 %
2025/08/15 08:49:43.948, 140.38 W, 73, 71 %, 25 %
2025/08/15 08:49:44.954, 150.31 W, 73, 71 %, 25 %
2025/08/15 08:49:45.959, 138.70 W, 73, 70 %, 25 %
2025/08/15 08:49:46.963, 140.51 W, 73, 70 %, 24 %
2025/08/15 08:49:47.967, 139.28 W, 73, 72 %, 25 %
2025/08/15 08:49:48.972, 116.63 W, 72, 58 %, 21 %
2025/08/15 08:49:49.975, 136.17 W, 73, 70 %, 25 %
2025/08/15 08:49:50.980, 142.24 W, 73, 68 %, 24 %
2025/08/15 08:49:51.984, 143.27 W, 73, 69 %, 24 %
2025/08/15 08:49:52.987, 135.66 W, 73, 70 %, 24 %
2025/08/15 08:49:53.990, 140.51 W, 73, 71 %, 25 %
2025/08/15 08:49:54.994, 137.38 W, 73, 71 %, 25 %
2025/08/15 08:49:56.000, 135.26 W, 73, 70 %, 24 %
2025/08/15 08:49:57.004, 145.65 W, 73, 71 %, 25 %
2025/08/15 08:49:58.009, 143.66 W, 73, 70 %, 24 %
2025/08/15 08:49:59.013, 139.18 W, 73, 71 %, 25 %
2025/08/15 08:50:00.019, 151.26 W, 73, 71 %, 25 %
2025/08/15 08:50:01.023, 141.63 W, 73, 70 %, 25 %
2025/08/15 08:50:02.027, 148.59 W, 74, 70 %, 25 %
2025/08/15 08:50:03.031, 146.33 W, 73, 70 %, 25 %
2025/08/15 08:50:04.036, 128.30 W, 73, 71 %, 25 %
2025/08/15 08:50:05.041, 140.59 W, 73, 72 %, 25 %
2025/08/15 08:50:06.045, 137.47 W, 73, 72 %, 25 %
2025/08/15 08:50:07.048, 125.68 W, 73, 59 %, 22 %
2025/08/15 08:50:08.053, 142.71 W, 73, 71 %, 25 %
2025/08/15 08:50:09.056, 139.59 W, 73, 71 %, 25 %
2025/08/15 08:50:10.059, 144.48 W, 73, 72 %, 25 %
2025/08/15 08:50:11.063, 146.16 W, 73, 72 %, 25 %
2025/08/15 08:50:12.068, 138.54 W, 73, 70 %, 25 %
2025/08/15 08:50:13.071, 136.33 W, 73, 70 %, 25 %
2025/08/15 08:50:14.075, 137.16 W, 73, 71 %, 25 %
2025/08/15 08:50:15.079, 135.27 W, 73, 70 %, 24 %
2025/08/15 08:50:16.085, 143.23 W, 73, 71 %, 25 %
2025/08/15 08:50:17.089, 134.03 W, 73, 71 %, 25 %
2025/08/15 08:50:18.092, 138.04 W, 73, 72 %, 25 %
2025/08/15 08:50:19.095, 144.92 W, 73, 70 %, 24 %
2025/08/15 08:50:20.099, 140.39 W, 73, 70 %, 25 %
2025/08/15 08:50:21.104, 131.74 W, 73, 69 %, 24 %
2025/08/15 08:50:22.109, 139.27 W, 73, 70 %, 24 %
2025/08/15 08:50:23.112, 139.67 W, 73, 68 %, 24 %
2025/08/15 08:50:24.115, 145.59 W, 73, 70 %, 24 %
2025/08/15 08:50:25.118, 121.47 W, 72, 57 %, 21 %
2025/08/15 08:50:26.122, 134.93 W, 73, 70 %, 24 %
2025/08/15 08:50:27.127, 149.18 W, 73, 69 %, 24 %
2025/08/15 08:50:28.130, 146.14 W, 73, 70 %, 24 %
2025/08/15 08:50:29.133, 134.21 W, 73, 70 %, 25 %
2025/08/15 08:50:30.136, 137.70 W, 73, 70 %, 24 %
2025/08/15 08:50:31.140, 152.47 W, 73, 70 %, 24 %
2025/08/15 08:50:32.145, 147.19 W, 73, 70 %, 24 %
2025/08/15 08:50:33.148, 135.09 W, 73, 71 %, 25 %
2025/08/15 08:50:34.153, 130.98 W, 73, 71 %, 25 %
2025/08/15 08:50:35.156, 131.74 W, 73, 67 %, 23 %
2025/08/15 08:50:36.160, 139.52 W, 73, 70 %, 25 %
2025/08/15 08:50:37.164, 133.03 W, 73, 71 %, 24 %
2025/08/15 08:50:38.170, 131.50 W, 73, 70 %, 25 %
2025/08/15 08:50:39.173, 140.00 W, 73, 70 %, 25 %
2025/08/15 08:50:40.177, 139.98 W, 73, 70 %, 24 %
2025/08/15 08:50:41.181, 142.62 W, 73, 71 %, 25 %
2025/08/15 08:50:42.185, 139.83 W, 73, 70 %, 25 %
2025/08/15 08:50:43.190, 119.77 W, 72, 59 %, 22 %
2025/08/15 08:50:44.194, 133.38 W, 73, 71 %, 25 %
2025/08/15 08:50:45.197, 138.87 W, 73, 71 %, 25 %
2025/08/15 08:50:46.200, 131.74 W, 73, 69 %, 24 %
2025/08/15 08:50:47.205, 143.03 W, 73, 70 %, 24 %
2025/08/15 08:50:48.209, 139.32 W, 73, 71 %, 25 %
2025/08/15 08:50:49.213, 139.92 W, 73, 71 %, 25 %
2025/08/15 08:50:50.218, 149.80 W, 73, 70 %, 24 %
2025/08/15 08:50:51.221, 137.16 W, 73, 70 %, 25 %
2025/08/15 08:50:52.224, 126.88 W, 73, 66 %, 23 %
2025/08/15 08:50:53.228, 145.42 W, 73, 72 %, 25 %
2025/08/15 08:50:54.231, 111.61 W, 73, 67 %, 23 %
2025/08/15 08:50:55.242, 139.43 W, 73, 69 %, 24 %
2025/08/15 08:50:56.245, 143.59 W, 73, 70 %, 24 %
2025/08/15 08:50:57.250, 133.53 W, 73, 71 %, 25 %
2025/08/15 08:50:58.256, 138.43 W, 73, 71 %, 25 %
2025/08/15 08:50:59.259, 140.43 W, 73, 71 %, 24 %
2025/08/15 08:51:00.262, 133.47 W, 73, 70 %, 25 %
2025/08/15 08:51:01.265, 121.99 W, 73, 59 %, 22 %
2025/08/15 08:51:02.270, 133.61 W, 73, 70 %, 25 %
2025/08/15 08:51:03.274, 132.39 W, 73, 70 %, 24 %
2025/08/15 08:51:04.277, 140.71 W, 73, 70 %, 24 %
2025/08/15 08:51:05.281, 138.11 W, 73, 71 %, 25 %
2025/08/15 08:51:06.285, 138.10 W, 73, 70 %, 25 %
2025/08/15 08:51:07.288, 136.90 W, 73, 70 %, 25 %
2025/08/15 08:51:08.292, 128.52 W, 73, 71 %, 25 %
2025/08/15 08:51:09.296, 152.54 W, 73, 70 %, 25 %
2025/08/15 08:51:10.300, 138.07 W, 73, 71 %, 25 %
2025/08/15 08:51:11.303, 137.65 W, 73, 70 %, 24 %
2025/08/15 08:51:12.307, 130.83 W, 73, 71 %, 25 %
2025/08/15 08:51:13.313, 124.02 W, 73, 71 %, 25 %
2025/08/15 08:51:14.316, 134.60 W, 73, 70 %, 24 %
2025/08/15 08:51:15.320, 138.87 W, 73, 70 %, 24 %
2025/08/15 08:51:16.325, 141.90 W, 73, 71 %, 25 %
2025/08/15 08:51:17.328, 135.58 W, 73, 70 %, 24 %
2025/08/15 08:51:18.332, 143.10 W, 73, 71 %, 25 %
2025/08/15 08:51:19.336, 121.31 W, 72, 58 %, 21 %
2025/08/15 08:51:20.342, 135.26 W, 73, 71 %, 25 %
2025/08/15 08:51:21.345, 132.31 W, 73, 70 %, 24 %
2025/08/15 08:51:22.349, 135.82 W, 73, 72 %, 25 %
2025/08/15 08:51:23.353, 126.97 W, 73, 71 %, 25 %
2025/08/15 08:51:24.359, 133.70 W, 73, 70 %, 25 %
2025/08/15 08:51:25.364, 139.51 W, 73, 70 %, 25 %
2025/08/15 08:51:26.367, 122.36 W, 73, 69 %, 24 %
2025/08/15 08:51:27.370, 143.95 W, 73, 71 %, 25 %
2025/08/15 08:51:28.373, 139.42 W, 73, 72 %, 25 %
2025/08/15 08:51:29.378, 145.00 W, 73, 71 %, 25 %
2025/08/15 08:51:30.382, 142.76 W, 73, 71 %, 25 %
2025/08/15 08:51:31.385, 137.89 W, 73, 71 %, 25 %
2025/08/15 08:51:32.390, 148.28 W, 73, 70 %, 24 %
2025/08/15 08:51:33.397, 134.61 W, 73, 72 %, 25 %
2025/08/15 08:51:34.400, 151.06 W, 73, 72 %, 25 %
2025/08/15 08:51:35.403, 133.46 W, 73, 70 %, 25 %
2025/08/15 08:51:36.407, 136.97 W, 73, 70 %, 25 %
2025/08/15 08:51:37.410, 117.71 W, 72, 58 %, 21 %
2025/08/15 08:51:38.413, 133.38 W, 73, 71 %, 25 %
2025/08/15 08:51:39.416, 130.82 W, 73, 71 %, 25 %
2025/08/15 08:51:40.419, 137.55 W, 73, 71 %, 25 %
2025/08/15 08:51:41.425, 135.58 W, 73, 70 %, 25 %
2025/08/15 08:51:42.428, 126.66 W, 73, 70 %, 24 %
2025/08/15 08:51:43.431, 140.10 W, 73, 70 %, 25 %
2025/08/15 08:51:44.436, 143.50 W, 73, 70 %, 25 %
2025/08/15 08:51:45.439, 143.93 W, 73, 71 %, 25 %
2025/08/15 08:51:46.444, 137.78 W, 73, 72 %, 25 %
2025/08/15 08:51:47.448, 147.90 W, 73, 70 %, 24 %
2025/08/15 08:51:48.451, 138.19 W, 74, 71 %, 25 %
2025/08/15 08:51:49.455, 129.53 W, 73, 70 %, 24 %
2025/08/15 08:51:50.458, 140.16 W, 73, 70 %, 24 %
2025/08/15 08:51:51.462, 140.59 W, 73, 71 %, 25 %
2025/08/15 08:51:52.465, 135.84 W, 73, 70 %, 24 %
2025/08/15 08:51:53.468, 141.95 W, 73, 71 %, 25 %
2025/08/15 08:51:54.472, 141.97 W, 74, 70 %, 25 %
2025/08/15 08:51:55.475, 118.94 W, 72, 58 %, 21 %
2025/08/15 08:51:56.480, 139.11 W, 73, 70 %, 25 %
2025/08/15 08:51:57.483, 142.65 W, 73, 66 %, 23 %
2025/08/15 08:51:58.486, 138.69 W, 73, 68 %, 24 %
2025/08/15 08:51:59.490, 129.28 W, 73, 70 %, 24 %
2025/08/15 08:52:00.493, 147.87 W, 73, 70 %, 25 %
2025/08/15 08:52:01.497, 140.75 W, 73, 70 %, 24 %
2025/08/15 08:52:02.500, 138.42 W, 73, 71 %, 25 %
2025/08/15 08:52:03.504, 149.89 W, 73, 70 %, 25 %
2025/08/15 08:52:04.509, 147.14 W, 73, 70 %, 24 %
2025/08/15 08:52:05.513, 145.60 W, 73, 71 %, 25 %
2025/08/15 08:52:06.516, 141.02 W, 73, 71 %, 25 %
2025/08/15 08:52:07.519, 138.79 W, 73, 67 %, 23 %
2025/08/15 08:52:08.522, 139.51 W, 73, 71 %, 25 %
2025/08/15 08:52:09.528, 137.21 W, 73, 71 %, 25 %
2025/08/15 08:52:10.531, 148.33 W, 73, 72 %, 25 %
2025/08/15 08:52:11.535, 135.09 W, 73, 71 %, 25 %
2025/08/15 08:52:12.539, 135.18 W, 73, 71 %, 25 %
2025/08/15 08:52:13.542, 117.56 W, 72, 58 %, 21 %
2025/08/15 08:52:14.548, 142.46 W, 73, 70 %, 25 %
2025/08/15 08:52:15.551, 144.18 W, 73, 71 %, 25 %
2025/08/15 08:52:16.554, 133.35 W, 73, 71 %, 25 %
2025/08/15 08:52:17.557, 137.39 W, 73, 72 %, 25 %
2025/08/15 08:52:18.561, 137.93 W, 73, 70 %, 24 %
2025/08/15 08:52:19.568, 142.53 W, 73, 70 %, 24 %
2025/08/15 08:52:20.572, 142.96 W, 73, 70 %, 24 %
2025/08/15 08:52:21.575, 134.26 W, 73, 70 %, 24 %
2025/08/15 08:52:22.578, 146.88 W, 73, 71 %, 25 %
2025/08/15 08:52:23.582, 145.18 W, 73, 71 %, 25 %
2025/08/15 08:52:24.586, 144.14 W, 73, 71 %, 25 %
2025/08/15 08:52:25.589, 139.51 W, 73, 71 %, 25 %
2025/08/15 08:52:26.596, 135.56 W, 73, 70 %, 24 %
2025/08/15 08:52:27.599, 134.61 W, 73, 71 %, 25 %
2025/08/15 08:52:28.602, 123.78 W, 73, 70 %, 25 %
2025/08/15 08:52:29.605, 138.43 W, 73, 68 %, 24 %
2025/08/15 08:52:30.608, 133.86 W, 73, 70 %, 24 %
2025/08/15 08:52:31.613, 123.87 W, 72, 58 %, 21 %
2025/08/15 08:52:32.616, 134.21 W, 73, 70 %, 25 %
2025/08/15 08:52:33.619, 142.76 W, 73, 71 %, 25 %
2025/08/15 08:52:34.623, 141.95 W, 73, 70 %, 25 %
2025/08/15 08:52:35.626, 134.00 W, 73, 71 %, 25 %
2025/08/15 08:52:36.632, 124.70 W, 73, 71 %, 25 %
2025/08/15 08:52:37.635, 138.29 W, 73, 70 %, 24 %
2025/08/15 08:52:38.638, 124.63 W, 73, 69 %, 24 %
2025/08/15 08:52:39.643, 143.93 W, 73, 70 %, 24 %
2025/08/15 08:52:40.646, 138.62 W, 73, 70 %, 24 %
2025/08/15 08:52:41.652, 136.24 W, 73, 71 %, 25 %
2025/08/15 08:52:42.656, 137.49 W, 73, 70 %, 25 %
2025/08/15 08:52:43.659, 144.40 W, 73, 70 %, 24 %
2025/08/15 08:52:44.664, 141.49 W, 73, 70 %, 25 %
2025/08/15 08:52:45.668, 149.77 W, 73, 70 %, 25 %
2025/08/15 08:52:46.672, 140.10 W, 74, 71 %, 25 %
2025/08/15 08:52:47.676, 150.17 W, 73, 71 %, 25 %
2025/08/15 08:52:48.681, 144.19 W, 73, 71 %, 25 %
2025/08/15 08:52:49.685, 119.76 W, 72, 59 %, 22 %
2025/08/15 08:52:50.688, 135.09 W, 73, 71 %, 25 %
2025/08/15 08:52:51.692, 137.12 W, 73, 71 %, 25 %
2025/08/15 08:52:52.699, 138.46 W, 73, 71 %, 25 %
2025/08/15 08:52:53.702, 141.31 W, 73, 71 %, 25 %
2025/08/15 08:52:54.706, 142.62 W, 73, 70 %, 24 %
2025/08/15 08:52:55.709, 140.89 W, 73, 69 %, 24 %
2025/08/15 08:52:56.714, 142.46 W, 73, 71 %, 25 %
2025/08/15 08:52:57.717, 136.91 W, 73, 71 %, 25 %
2025/08/15 08:52:58.722, 133.95 W, 73, 70 %, 25 %
2025/08/15 08:52:59.725, 146.28 W, 73, 70 %, 24 %
2025/08/15 08:53:00.728, 140.25 W, 73, 66 %, 23 %
2025/08/15 08:53:01.731, 127.15 W, 73, 70 %, 24 %
2025/08/15 08:53:02.736, 136.58 W, 73, 71 %, 25 %
2025/08/15 08:53:03.740, 143.70 W, 73, 72 %, 25 %
2025/08/15 08:53:04.744, 140.19 W, 74, 70 %, 25 %
2025/08/15 08:53:05.747, 130.59 W, 74, 71 %, 25 %
2025/08/15 08:53:06.750, 64.61 W, 74, 71 %, 25 %
2025/08/15 08:53:07.754, 118.96 W, 73, 58 %, 21 %
2025/08/15 08:53:08.757, 139.85 W, 73, 68 %, 24 %
2025/08/15 08:53:09.761, 144.94 W, 73, 71 %, 25 %
2025/08/15 08:53:10.766, 150.26 W, 73, 70 %, 24 %
2025/08/15 08:53:11.769, 148.29 W, 73, 70 %, 25 %
2025/08/15 08:53:12.772, 143.69 W, 73, 70 %, 24 %
2025/08/15 08:53:13.776, 137.52 W, 73, 71 %, 25 %
2025/08/15 08:53:14.779, 136.05 W, 73, 70 %, 25 %
2025/08/15 08:53:15.783, 129.51 W, 73, 70 %, 25 %
2025/08/15 08:53:16.788, 141.97 W, 73, 69 %, 24 %
2025/08/15 08:53:17.791, 140.23 W, 73, 70 %, 25 %
2025/08/15 08:53:18.794, 135.52 W, 73, 70 %, 25 %
2025/08/15 08:53:19.798, 150.90 W, 73, 70 %, 24 %
2025/08/15 08:53:20.804, 135.34 W, 73, 70 %, 24 %
2025/08/15 08:53:21.807, 130.07 W, 73, 71 %, 25 %
2025/08/15 08:53:22.811, 140.38 W, 73, 71 %, 25 %
2025/08/15 08:53:23.814, 136.73 W, 73, 72 %, 25 %
2025/08/15 08:53:24.821, 109.56 W, 73, 71 %, 25 %
2025/08/15 08:53:25.825, 117.12 W, 72, 58 %, 21 %
2025/08/15 08:53:26.828, 140.52 W, 73, 72 %, 25 %
2025/08/15 08:53:27.831, 141.66 W, 73, 70 %, 24 %
2025/08/15 08:53:28.836, 132.48 W, 73, 70 %, 24 %
2025/08/15 08:53:29.839, 139.18 W, 73, 70 %, 24 %
2025/08/15 08:53:30.842, 142.13 W, 73, 72 %, 25 %
2025/08/15 08:53:31.846, 143.99 W, 73, 71 %, 24 %
2025/08/15 08:53:32.850, 138.04 W, 73, 66 %, 23 %
2025/08/15 08:53:33.853, 134.93 W, 73, 70 %, 25 %
2025/08/15 08:53:34.856, 130.25 W, 73, 70 %, 25 %
2025/08/15 08:53:35.860, 138.13 W, 73, 71 %, 25 %
2025/08/15 08:53:36.864, 138.87 W, 73, 70 %, 25 %
2025/08/15 08:53:37.868, 136.02 W, 73, 70 %, 24 %
2025/08/15 08:53:38.871, 137.61 W, 73, 71 %, 25 %
2025/08/15 08:53:39.874, 132.72 W, 73, 69 %, 24 %
2025/08/15 08:53:40.877, 129.43 W, 73, 70 %, 24 %
2025/08/15 08:53:41.881, 131.49 W, 73, 69 %, 24 %
2025/08/15 08:53:42.887, 91.41 W, 72, 70 %, 24 %
2025/08/15 08:53:43.890, 122.78 W, 72, 59 %, 22 %
2025/08/15 08:53:44.893, 133.90 W, 73, 70 %, 24 %
2025/08/15 08:53:45.897, 138.51 W, 73, 71 %, 25 %
2025/08/15 08:53:46.901, 133.78 W, 73, 71 %, 25 %
2025/08/15 08:53:47.905, 136.72 W, 73, 71 %, 25 %
2025/08/15 08:53:48.909, 141.00 W, 73, 69 %, 24 %
2025/08/15 08:53:49.913, 135.10 W, 73, 71 %, 24 %
2025/08/15 08:53:50.917, 135.00 W, 73, 69 %, 24 %
2025/08/15 08:53:51.922, 127.64 W, 73, 69 %, 24 %
2025/08/15 08:53:52.926, 130.76 W, 73, 70 %, 25 %
2025/08/15 08:53:53.930, 138.22 W, 73, 72 %, 25 %
2025/08/15 08:53:54.936, 137.28 W, 73, 70 %, 25 %
2025/08/15 08:53:55.940, 137.87 W, 73, 68 %, 24 %
2025/08/15 08:53:56.944, 130.59 W, 73, 70 %, 24 %
2025/08/15 08:53:57.947, 141.24 W, 73, 70 %, 25 %
2025/08/15 08:53:58.953, 136.33 W, 73, 71 %, 24 %
2025/08/15 08:53:59.957, 130.11 W, 73, 70 %, 24 %
2025/08/15 08:54:00.961, 112.29 W, 73, 71 %, 25 %
2025/08/15 08:54:01.964, 120.90 W, 72, 58 %, 21 %
2025/08/15 08:54:02.968, 152.72 W, 73, 70 %, 24 %
2025/08/15 08:54:03.972, 134.20 W, 73, 70 %, 25 %
2025/08/15 08:54:04.977, 133.52 W, 73, 70 %, 24 %
2025/08/15 08:54:05.981, 137.79 W, 73, 70 %, 24 %
2025/08/15 08:54:06.984, 145.66 W, 73, 70 %, 25 %
2025/08/15 08:54:07.987, 133.22 W, 73, 70 %, 25 %
2025/08/15 08:54:08.991, 139.34 W, 73, 71 %, 25 %
2025/08/15 08:54:09.995, 140.31 W, 73, 71 %, 25 %
2025/08/15 08:54:10.998, 136.89 W, 73, 69 %, 24 %
2025/08/15 08:54:12.002, 149.56 W, 73, 70 %, 24 %
2025/08/15 08:54:13.005, 139.02 W, 73, 71 %, 25 %
2025/08/15 08:54:14.009, 141.24 W, 73, 71 %, 25 %
2025/08/15 08:54:15.012, 132.42 W, 73, 71 %, 25 %
2025/08/15 08:54:16.017, 127.62 W, 73, 70 %, 25 %
2025/08/15 08:54:17.020, 140.75 W, 73, 70 %, 24 %
2025/08/15 08:54:18.023, 137.70 W, 73, 70 %, 24 %
2025/08/15 08:54:19.027, 123.29 W, 73, 71 %, 25 %
2025/08/15 08:54:20.030, 117.24 W, 72, 59 %, 22 %
2025/08/15 08:54:21.033, 129.92 W, 73, 70 %, 25 %
2025/08/15 08:54:22.038, 128.20 W, 73, 67 %, 23 %
2025/08/15 08:54:23.042, 139.02 W, 73, 70 %, 24 %
2025/08/15 08:54:24.046, 137.56 W, 73, 71 %, 25 %
2025/08/15 08:54:25.049, 148.50 W, 73, 72 %, 25 %
2025/08/15 08:54:26.052, 135.17 W, 73, 71 %, 25 %
2025/08/15 08:54:27.058, 135.01 W, 73, 71 %, 25 %
2025/08/15 08:54:28.061, 148.98 W, 73, 71 %, 25 %
2025/08/15 08:54:29.064, 139.85 W, 73, 70 %, 24 %
2025/08/15 08:54:30.067, 143.20 W, 73, 71 %, 25 %
2025/08/15 08:54:31.070, 144.94 W, 73, 70 %, 25 %
2025/08/15 08:54:32.075, 141.56 W, 73, 67 %, 23 %
2025/08/15 08:54:33.080, 140.51 W, 73, 70 %, 24 %
2025/08/15 08:54:34.083, 140.50 W, 73, 71 %, 25 %
2025/08/15 08:54:35.087, 147.43 W, 73, 71 %, 25 %
2025/08/15 08:54:36.090, 149.65 W, 73, 67 %, 23 %
2025/08/15 08:54:37.094, 121.74 W, 73, 69 %, 24 %
2025/08/15 08:54:38.097, 122.48 W, 73, 57 %, 21 %
2025/08/15 08:54:39.100, 135.09 W, 73, 70 %, 25 %
2025/08/15 08:54:40.105, 136.90 W, 73, 70 %, 24 %
2025/08/15 08:54:41.109, 139.12 W, 73, 72 %, 25 %
2025/08/15 08:54:42.112, 126.67 W, 73, 61 %, 21 %
2025/08/15 08:54:43.115, 141.97 W, 73, 70 %, 24 %
2025/08/15 08:54:44.119, 137.04 W, 73, 71 %, 25 %
2025/08/15 08:54:45.124, 141.38 W, 73, 71 %, 25 %
2025/08/15 08:54:46.127, 142.04 W, 74, 71 %, 25 %
2025/08/15 08:54:47.131, 134.21 W, 73, 70 %, 24 %
2025/08/15 08:54:48.135, 128.13 W, 74, 70 %, 24 %
2025/08/15 08:54:49.138, 133.28 W, 74, 71 %, 24 %
2025/08/15 08:54:50.144, 144.52 W, 74, 71 %, 25 %
2025/08/15 08:54:51.147, 141.85 W, 74, 71 %, 25 %
2025/08/15 08:54:52.150, 140.89 W, 74, 71 %, 25 %
2025/08/15 08:54:53.153, 143.99 W, 74, 71 %, 25 %
2025/08/15 08:54:54.156, 145.00 W, 74, 70 %, 25 %
2025/08/15 08:54:55.162, 112.45 W, 73, 47 %, 17 %
2025/08/15 08:54:56.166, 115.42 W, 73, 58 %, 21 %
2025/08/15 08:54:57.170, 136.01 W, 73, 70 %, 25 %
2025/08/15 08:54:58.173, 133.12 W, 73, 71 %, 25 %
2025/08/15 08:54:59.177, 134.11 W, 73, 70 %, 24 %
2025/08/15 08:55:00.180, 150.54 W, 73, 72 %, 25 %
2025/08/15 08:55:01.185, 142.38 W, 73, 70 %, 25 %
2025/08/15 08:55:02.189, 136.07 W, 73, 70 %, 24 %
2025/08/15 08:55:03.192, 138.13 W, 73, 70 %, 25 %
2025/08/15 08:55:04.197, 129.59 W, 73, 71 %, 25 %
2025/08/15 08:55:05.200, 137.40 W, 73, 70 %, 24 %
2025/08/15 08:55:06.205, 138.44 W, 73, 70 %, 25 %
2025/08/15 08:55:07.210, 137.52 W, 73, 71 %, 25 %
2025/08/15 08:55:08.213, 143.49 W, 73, 69 %, 24 %
2025/08/15 08:55:09.216, 137.25 W, 73, 72 %, 25 %
2025/08/15 08:55:10.221, 150.49 W, 73, 70 %, 24 %
2025/08/15 08:55:11.225, 138.81 W, 73, 70 %, 24 %
2025/08/15 08:55:12.229, 138.62 W, 73, 69 %, 24 %
2025/08/15 08:55:13.232, 104.15 W, 72, 50 %, 17 %
2025/08/15 08:55:14.236, 113.35 W, 72, 57 %, 21 %
2025/08/15 08:55:15.239, 137.70 W, 73, 70 %, 25 %
2025/08/15 08:55:16.242, 136.30 W, 73, 71 %, 25 %
2025/08/15 08:55:17.248, 127.81 W, 73, 70 %, 24 %
2025/08/15 08:55:18.251, 141.08 W, 73, 70 %, 25 %
2025/08/15 08:55:19.254, 145.84 W, 73, 70 %, 24 %
2025/08/15 08:55:20.257, 148.66 W, 73, 71 %, 25 %
2025/08/15 08:55:21.261, 139.19 W, 73, 71 %, 25 %
2025/08/15 08:55:22.265, 129.36 W, 73, 70 %, 25 %
2025/08/15 08:55:23.268, 143.42 W, 73, 71 %, 24 %
2025/08/15 08:55:24.272, 138.51 W, 73, 71 %, 25 %
2025/08/15 08:55:25.277, 137.13 W, 73, 71 %, 25 %
2025/08/15 08:55:26.281, 136.32 W, 73, 70 %, 25 %
2025/08/15 08:55:27.284, 146.08 W, 73, 71 %, 25 %
2025/08/15 08:55:28.287, 142.46 W, 73, 71 %, 25 %
2025/08/15 08:55:29.292, 128.63 W, 73, 71 %, 25 %
2025/08/15 08:55:30.295, 142.59 W, 73, 69 %, 24 %
2025/08/15 08:55:31.298, 111.76 W, 73, 47 %, 16 %
2025/08/15 08:55:32.303, 120.60 W, 72, 58 %, 21 %
2025/08/15 08:55:33.306, 139.36 W, 73, 71 %, 25 %
2025/08/15 08:55:34.309, 139.19 W, 73, 70 %, 25 %
2025/08/15 08:55:35.313, 133.30 W, 73, 69 %, 24 %
2025/08/15 08:55:36.317, 136.90 W, 73, 69 %, 24 %
2025/08/15 08:55:37.321, 141.24 W, 73, 70 %, 25 %
2025/08/15 08:55:38.324, 142.95 W, 73, 69 %, 24 %
2025/08/15 08:55:39.328, 148.32 W, 73, 66 %, 23 %
2025/08/15 08:55:40.331, 133.95 W, 73, 67 %, 23 %
2025/08/15 08:55:41.338, 146.02 W, 73, 71 %, 25 %
2025/08/15 08:55:42.342, 150.10 W, 73, 71 %, 25 %
2025/08/15 08:55:43.345, 146.07 W, 73, 69 %, 24 %
2025/08/15 08:55:44.348, 137.80 W, 73, 70 %, 25 %
2025/08/15 08:55:45.351, 133.78 W, 73, 70 %, 25 %
2025/08/15 08:55:46.355, 147.38 W, 73, 71 %, 25 %
2025/08/15 08:55:47.361, 137.80 W, 73, 71 %, 25 %
2025/08/15 08:55:48.365, 126.91 W, 74, 71 %, 24 %
2025/08/15 08:55:49.368, 137.61 W, 73, 71 %, 25 %
2025/08/15 08:55:50.371, 113.13 W, 73, 58 %, 21 %
2025/08/15 08:55:51.375, 129.84 W, 73, 70 %, 24 %
2025/08/15 08:55:52.379, 133.32 W, 73, 70 %, 24 %
2025/08/15 08:55:53.384, 149.52 W, 73, 70 %, 24 %
2025/08/15 08:55:54.387, 136.17 W, 73, 69 %, 24 %
2025/08/15 08:55:55.390, 139.50 W, 73, 72 %, 25 %
2025/08/15 08:55:56.395, 153.35 W, 73, 70 %, 24 %
2025/08/15 08:55:57.398, 141.55 W, 73, 71 %, 25 %
2025/08/15 08:55:58.401, 140.10 W, 73, 70 %, 25 %
2025/08/15 08:55:59.404, 128.13 W, 73, 70 %, 25 %
2025/08/15 08:56:00.408, 138.69 W, 73, 71 %, 25 %
2025/08/15 08:56:01.411, 141.64 W, 73, 71 %, 25 %
2025/08/15 08:56:02.414, 135.92 W, 73, 71 %, 25 %
2025/08/15 08:56:03.418, 136.89 W, 74, 70 %, 24 %
2025/08/15 08:56:04.422, 132.80 W, 73, 70 %, 25 %
2025/08/15 08:56:05.428, 133.45 W, 73, 71 %, 24 %
2025/08/15 08:56:06.432, 135.92 W, 73, 69 %, 24 %
2025/08/15 08:56:07.435, 57.26 W, 73, 70 %, 24 %
2025/08/15 08:56:08.438, 113.94 W, 72, 58 %, 21 %
2025/08/15 08:56:09.441, 134.02 W, 73, 71 %, 25 %
2025/08/15 08:56:10.446, 138.44 W, 73, 70 %, 25 %
2025/08/15 08:56:11.449, 136.85 W, 73, 68 %, 24 %
2025/08/15 08:56:12.452, 144.09 W, 73, 71 %, 25 %
2025/08/15 08:56:13.455, 136.64 W, 73, 70 %, 25 %
2025/08/15 08:56:14.458, 132.73 W, 73, 68 %, 24 %
2025/08/15 08:56:15.466, 149.35 W, 73, 70 %, 24 %
2025/08/15 08:56:16.469, 136.24 W, 73, 71 %, 25 %
2025/08/15 08:56:17.472, 121.49 W, 73, 71 %, 25 %
2025/08/15 08:56:18.477, 144.67 W, 73, 71 %, 25 %
2025/08/15 08:56:19.485, 146.19 W, 73, 70 %, 25 %
2025/08/15 08:56:20.489, 136.89 W, 73, 70 %, 25 %
2025/08/15 08:56:21.492, 141.78 W, 73, 71 %, 25 %
2025/08/15 08:56:22.495, 151.90 W, 73, 71 %, 25 %
2025/08/15 08:56:23.500, 140.65 W, 73, 71 %, 25 %
2025/08/15 08:56:24.505, 137.80 W, 73, 70 %, 24 %
2025/08/15 08:56:25.508, 66.14 W, 73, 71 %, 25 %
2025/08/15 08:56:26.513, 122.48 W, 72, 59 %, 22 %
2025/08/15 08:56:27.517, 136.97 W, 73, 70 %, 24 %
2025/08/15 08:56:28.520, 138.04 W, 73, 70 %, 25 %
2025/08/15 08:56:29.525, 139.02 W, 73, 70 %, 24 %
2025/08/15 08:56:30.529, 146.44 W, 73, 70 %, 25 %
2025/08/15 08:56:31.532, 134.93 W, 73, 71 %, 25 %
2025/08/15 08:56:32.535, 135.43 W, 73, 71 %, 25 %
2025/08/15 08:56:33.540, 143.45 W, 73, 70 %, 25 %
2025/08/15 08:56:34.543, 143.96 W, 73, 70 %, 24 %
2025/08/15 08:56:35.546, 134.69 W, 73, 70 %, 24 %
2025/08/15 08:56:36.550, 135.58 W, 73, 71 %, 25 %
2025/08/15 08:56:37.555, 131.76 W, 73, 71 %, 25 %
2025/08/15 08:56:38.558, 143.74 W, 73, 70 %, 24 %
2025/08/15 08:56:39.561, 135.83 W, 73, 70 %, 25 %
2025/08/15 08:56:40.564, 133.96 W, 73, 70 %, 25 %
2025/08/15 08:56:41.570, 136.16 W, 73, 71 %, 25 %
2025/08/15 08:56:42.573, 142.80 W, 73, 67 %, 23 %
2025/08/15 08:56:43.577, 58.53 W, 73, 69 %, 24 %
2025/08/15 08:56:44.580, 117.19 W, 72, 58 %, 21 %
2025/08/15 08:56:45.583, 127.50 W, 73, 68 %, 24 %
2025/08/15 08:56:46.591, 143.35 W, 73, 71 %, 25 %
2025/08/15 08:56:47.595, 136.72 W, 73, 71 %, 25 %
2025/08/15 08:56:48.599, 141.79 W, 73, 70 %, 25 %
2025/08/15 08:56:49.603, 142.73 W, 73, 71 %, 25 %
2025/08/15 08:56:50.606, 138.05 W, 73, 72 %, 25 %
2025/08/15 08:56:51.609, 129.22 W, 73, 72 %, 25 %
2025/08/15 08:56:52.612, 144.41 W, 73, 73 %, 26 %
2025/08/15 08:56:53.618, 138.02 W, 74, 71 %, 25 %
2025/08/15 08:56:54.621, 137.13 W, 74, 71 %, 25 %
2025/08/15 08:56:55.626, 133.20 W, 73, 71 %, 25 %
2025/08/15 08:56:56.630, 140.81 W, 73, 71 %, 25 %
2025/08/15 08:56:57.636, 129.29 W, 73, 70 %, 24 %
2025/08/15 08:56:58.639, 143.04 W, 73, 70 %, 24 %
2025/08/15 08:56:59.643, 137.80 W, 73, 70 %, 25 %
2025/08/15 08:57:00.646, 139.03 W, 73, 70 %, 24 %
2025/08/15 08:57:01.651, 116.09 W, 73, 53 %, 18 %
2025/08/15 08:57:02.656, 119.19 W, 72, 58 %, 21 %
2025/08/15 08:57:03.660, 140.00 W, 73, 71 %, 25 %
2025/08/15 08:57:04.664, 138.37 W, 73, 70 %, 25 %
2025/08/15 08:57:05.667, 136.88 W, 73, 70 %, 24 %
2025/08/15 08:57:06.673, 123.22 W, 73, 70 %, 24 %
2025/08/15 08:57:07.676, 151.15 W, 73, 71 %, 25 %
2025/08/15 08:57:08.679, 144.06 W, 73, 71 %, 25 %
2025/08/15 08:57:09.682, 138.10 W, 73, 71 %, 25 %
2025/08/15 08:57:10.687, 138.85 W, 73, 70 %, 24 %
2025/08/15 08:57:11.690, 127.07 W, 73, 70 %, 24 %
2025/08/15 08:57:12.693, 133.87 W, 73, 70 %, 25 %
2025/08/15 08:57:13.696, 138.28 W, 73, 70 %, 24 %
2025/08/15 08:57:14.699, 141.82 W, 73, 65 %, 23 %
2025/08/15 08:57:15.703, 145.01 W, 73, 70 %, 24 %
2025/08/15 08:57:16.706, 143.72 W, 73, 69 %, 24 %
2025/08/15 08:57:17.709, 140.00 W, 73, 70 %, 24 %
2025/08/15 08:57:18.712, 134.11 W, 73, 70 %, 24 %
2025/08/15 08:57:19.716, 123.22 W, 73, 66 %, 22 %
2025/08/15 08:57:20.721, 118.79 W, 72, 58 %, 21 %
2025/08/15 08:57:21.724, 135.67 W, 73, 70 %, 24 %
2025/08/15 08:57:22.729, 137.39 W, 73, 70 %, 24 %
2025/08/15 08:57:23.733, 140.00 W, 73, 70 %, 24 %
2025/08/15 08:57:24.737, 140.70 W, 73, 70 %, 24 %
2025/08/15 08:57:25.740, 143.59 W, 73, 70 %, 24 %
2025/08/15 08:57:26.744, 142.40 W, 73, 72 %, 25 %
2025/08/15 08:57:27.747, 140.00 W, 73, 70 %, 24 %
2025/08/15 08:57:28.750, 138.37 W, 73, 70 %, 25 %
2025/08/15 08:57:29.754, 129.10 W, 73, 70 %, 25 %
2025/08/15 08:57:30.760, 142.23 W, 73, 71 %, 25 %
2025/08/15 08:57:31.765, 140.10 W, 73, 70 %, 24 %
2025/08/15 08:57:32.768, 140.56 W, 73, 71 %, 25 %
2025/08/15 08:57:33.771, 141.33 W, 73, 70 %, 25 %
2025/08/15 08:57:34.775, 140.00 W, 73, 70 %, 25 %
2025/08/15 08:57:35.779, 133.29 W, 73, 70 %, 24 %
2025/08/15 08:57:36.782, 143.66 W, 73, 71 %, 25 %
2025/08/15 08:57:37.789, 122.29 W, 73, 51 %, 18 %
2025/08/15 08:57:38.792, 113.87 W, 72, 59 %, 22 %
2025/08/15 08:57:39.795, 136.50 W, 73, 70 %, 25 %
2025/08/15 08:57:40.799, 151.41 W, 73, 72 %, 25 %
2025/08/15 08:57:41.802, 134.42 W, 73, 71 %, 25 %
2025/08/15 08:57:42.806, 140.57 W, 73, 72 %, 25 %
2025/08/15 08:57:43.809, 141.73 W, 73, 70 %, 25 %
2025/08/15 08:57:44.814, 142.71 W, 73, 70 %, 25 %
2025/08/15 08:57:45.817, 128.87 W, 73, 71 %, 24 %
2025/08/15 08:57:46.821, 143.36 W, 73, 68 %, 24 %
2025/08/15 08:57:47.826, 136.41 W, 73, 70 %, 24 %
2025/08/15 08:57:48.829, 145.29 W, 73, 70 %, 24 %
2025/08/15 08:57:49.834, 143.27 W, 73, 71 %, 25 %
2025/08/15 08:57:50.837, 131.81 W, 73, 71 %, 25 %
2025/08/15 08:57:51.843, 145.17 W, 73, 71 %, 25 %
2025/08/15 08:57:52.846, 131.25 W, 73, 71 %, 24 %
2025/08/15 08:57:53.849, 152.79 W, 74, 70 %, 25 %
2025/08/15 08:57:54.853, 156.23 W, 73, 71 %, 24 %
2025/08/15 08:57:55.856, 116.63 W, 73, 68 %, 24 %
2025/08/15 08:57:56.859, 116.67 W, 73, 59 %, 22 %
2025/08/15 08:57:57.864, 141.54 W, 73, 71 %, 25 %
2025/08/15 08:57:58.867, 139.82 W, 73, 69 %, 24 %
2025/08/15 08:57:59.870, 145.72 W, 73, 71 %, 25 %
2025/08/15 08:58:00.874, 141.00 W, 73, 70 %, 24 %
2025/08/15 08:58:01.877, 129.79 W, 73, 70 %, 24 %
2025/08/15 08:58:02.880, 135.93 W, 74, 71 %, 25 %
2025/08/15 08:58:03.884, 138.87 W, 73, 70 %, 24 %
2025/08/15 08:58:04.887, 135.92 W, 73, 70 %, 25 %
2025/08/15 08:58:05.893, 149.02 W, 74, 71 %, 25 %
2025/08/15 08:58:06.896, 129.85 W, 73, 70 %, 25 %
2025/08/15 08:58:07.899, 128.97 W, 74, 71 %, 25 %
2025/08/15 08:58:08.904, 139.54 W, 73, 71 %, 25 %
2025/08/15 08:58:09.908, 138.85 W, 73, 71 %, 25 %
2025/08/15 08:58:10.911, 143.44 W, 73, 71 %, 25 %
2025/08/15 08:58:11.914, 131.89 W, 73, 71 %, 25 %
2025/08/15 08:58:12.918, 139.77 W, 73, 70 %, 24 %
2025/08/15 08:58:13.921, 125.51 W, 73, 52 %, 18 %
2025/08/15 08:58:14.924, 55.01 W, 72, 59 %, 22 %
2025/08/15 08:58:15.927, 131.41 W, 73, 72 %, 25 %
2025/08/15 08:58:16.932, 145.50 W, 73, 72 %, 25 %
2025/08/15 08:58:17.935, 146.55 W, 73, 69 %, 24 %
2025/08/15 08:58:18.941, 133.21 W, 73, 68 %, 24 %
2025/08/15 08:58:19.945, 141.79 W, 73, 69 %, 24 %
2025/08/15 08:58:20.949, 134.91 W, 73, 72 %, 25 %
2025/08/15 08:58:21.952, 131.98 W, 73, 70 %, 24 %
2025/08/15 08:58:22.956, 129.04 W, 73, 70 %, 25 %
2025/08/15 08:58:23.959, 145.72 W, 73, 70 %, 25 %
2025/08/15 08:58:24.963, 139.91 W, 74, 71 %, 25 %
2025/08/15 08:58:25.966, 143.70 W, 74, 71 %, 25 %
2025/08/15 08:58:26.969, 142.55 W, 73, 71 %, 25 %
2025/08/15 08:58:27.972, 131.56 W, 73, 71 %, 25 %
2025/08/15 08:58:28.978, 129.26 W, 74, 70 %, 24 %
2025/08/15 08:58:29.981, 139.52 W, 73, 70 %, 24 %
2025/08/15 08:58:30.984, 140.40 W, 73, 70 %, 24 %
2025/08/15 08:58:31.987, 117.22 W, 73, 48 %, 17 %
2025/08/15 08:58:32.991, 53.08 W, 72, 58 %, 21 %
2025/08/15 08:58:33.996, 139.36 W, 73, 71 %, 25 %
2025/08/15 08:58:34.999, 133.96 W, 73, 70 %, 25 %
2025/08/15 08:58:36.004, 138.14 W, 73, 70 %, 24 %
2025/08/15 08:58:37.008, 139.91 W, 73, 70 %, 24 %
2025/08/15 08:58:38.011, 141.91 W, 73, 71 %, 25 %
2025/08/15 08:58:39.014, 133.48 W, 73, 71 %, 25 %
2025/08/15 08:58:40.018, 144.56 W, 73, 71 %, 25 %
2025/08/15 08:58:41.021, 139.25 W, 73, 71 %, 25 %
2025/08/15 08:58:42.026, 133.52 W, 73, 68 %, 24 %
2025/08/15 08:58:43.029, 139.61 W, 73, 70 %, 24 %
2025/08/15 08:58:44.032, 137.15 W, 73, 70 %, 24 %
2025/08/15 08:58:45.035, 142.21 W, 73, 71 %, 25 %
2025/08/15 08:58:46.040, 140.49 W, 73, 70 %, 25 %
2025/08/15 08:58:47.044, 140.63 W, 73, 70 %, 25 %
2025/08/15 08:58:48.047, 127.29 W, 73, 70 %, 24 %
2025/08/15 08:58:49.051, 139.16 W, 73, 70 %, 25 %
2025/08/15 08:58:50.054, 113.43 W, 72, 35 %, 12 %
2025/08/15 08:58:51.057, 117.86 W, 72, 54 %, 20 %
2025/08/15 08:58:52.063, 129.84 W, 73, 68 %, 24 %
2025/08/15 08:58:53.067, 150.22 W, 73, 70 %, 25 %
2025/08/15 08:58:54.071, 138.66 W, 73, 71 %, 25 %
2025/08/15 08:58:55.074, 137.93 W, 73, 71 %, 25 %
2025/08/15 08:58:56.077, 139.02 W, 73, 71 %, 25 %
2025/08/15 08:58:57.082, 140.25 W, 73, 71 %, 25 %
2025/08/15 08:58:58.085, 132.72 W, 73, 71 %, 25 %
2025/08/15 08:58:59.090, 127.90 W, 73, 72 %, 25 %
2025/08/15 08:59:00.093, 143.29 W, 73, 71 %, 25 %
2025/08/15 08:59:01.096, 139.28 W, 73, 71 %, 25 %
2025/08/15 08:59:02.099, 140.10 W, 73, 67 %, 23 %
2025/08/15 08:59:03.103, 149.71 W, 73, 70 %, 25 %
2025/08/15 08:59:04.106, 143.36 W, 73, 70 %, 24 %
2025/08/15 08:59:05.110, 139.51 W, 73, 70 %, 24 %
2025/08/15 08:59:06.113, 127.31 W, 73, 70 %, 25 %
2025/08/15 08:59:07.117, 137.80 W, 74, 72 %, 25 %
2025/08/15 08:59:08.121, 117.12 W, 73, 58 %, 21 %
2025/08/15 08:59:09.124, 52.85 W, 72, 37 %, 13 %
2025/08/15 08:59:10.128, 150.33 W, 73, 70 %, 25 %
2025/08/15 08:59:11.133, 139.18 W, 73, 70 %, 25 %
2025/08/15 08:59:12.136, 142.27 W, 73, 70 %, 25 %
2025/08/15 08:59:13.139, 138.76 W, 73, 70 %, 24 %
2025/08/15 08:59:14.142, 139.67 W, 73, 71 %, 25 %
2025/08/15 08:59:15.148, 139.29 W, 73, 71 %, 24 %
2025/08/15 08:59:16.152, 149.01 W, 73, 70 %, 24 %
2025/08/15 08:59:17.155, 143.63 W, 73, 70 %, 24 %
2025/08/15 08:59:18.158, 139.02 W, 73, 71 %, 25 %
2025/08/15 08:59:19.163, 150.61 W, 73, 71 %, 25 %
2025/08/15 08:59:20.166, 139.65 W, 73, 70 %, 24 %
2025/08/15 08:59:21.169, 131.96 W, 74, 69 %, 24 %
2025/08/15 08:59:22.173, 132.49 W, 73, 64 %, 22 %
2025/08/15 08:59:23.176, 151.39 W, 73, 70 %, 25 %
2025/08/15 08:59:24.181, 137.15 W, 73, 70 %, 25 %
2025/08/15 08:59:25.184, 137.49 W, 73, 71 %, 25 %
2025/08/15 08:59:26.187, 121.73 W, 73, 42 %, 15 %
2025/08/15 08:59:27.190, 119.18 W, 73, 58 %, 21 %
2025/08/15 08:59:28.195, 137.06 W, 73, 72 %, 25 %
2025/08/15 08:59:29.199, 134.33 W, 73, 70 %, 25 %
2025/08/15 08:59:30.202, 144.67 W, 73, 71 %, 25 %
2025/08/15 08:59:31.205, 148.21 W, 73, 71 %, 25 %
2025/08/15 08:59:32.210, 143.36 W, 73, 71 %, 24 %
2025/08/15 08:59:33.213, 144.03 W, 73, 70 %, 24 %
2025/08/15 08:59:34.217, 136.65 W, 73, 71 %, 25 %
2025/08/15 08:59:35.221, 141.95 W, 73, 71 %, 25 %
2025/08/15 08:59:36.224, 142.55 W, 73, 71 %, 24 %
2025/08/15 08:59:37.229, 138.51 W, 74, 72 %, 25 %
2025/08/15 08:59:38.232, 138.13 W, 74, 71 %, 25 %
2025/08/15 08:59:39.236, 143.36 W, 74, 70 %, 25 %
2025/08/15 08:59:40.240, 133.87 W, 73, 71 %, 25 %
2025/08/15 08:59:41.243, 140.49 W, 73, 70 %, 24 %
2025/08/15 08:59:42.247, 140.25 W, 73, 70 %, 24 %
2025/08/15 08:59:43.251, 142.96 W, 73, 70 %, 24 %
2025/08/15 08:59:44.254, 113.48 W, 73, 58 %, 21 %
2025/08/15 08:59:45.258, 133.86 W, 72, 35 %, 13 %
2025/08/15 08:59:46.261, 136.64 W, 73, 72 %, 25 %
2025/08/15 08:59:47.264, 121.91 W, 73, 70 %, 25 %
2025/08/15 08:59:48.267, 144.61 W, 73, 70 %, 25 %
2025/08/15 08:59:49.271, 139.51 W, 73, 70 %, 24 %
2025/08/15 08:59:50.274, 140.41 W, 73, 71 %, 25 %
2025/08/15 08:59:51.277, 140.17 W, 73, 70 %, 24 %
2025/08/15 08:59:52.281, 138.01 W, 73, 72 %, 25 %
2025/08/15 08:59:53.284, 143.85 W, 73, 64 %, 23 %
2025/08/15 08:59:54.288, 147.89 W, 73, 68 %, 24 %
2025/08/15 08:59:55.291, 135.35 W, 73, 70 %, 25 %
2025/08/15 08:59:56.295, 132.23 W, 73, 71 %, 25 %
2025/08/15 08:59:57.300, 150.63 W, 73, 70 %, 24 %
2025/08/15 08:59:58.303, 141.91 W, 73, 70 %, 24 %
2025/08/15 08:59:59.307, 152.04 W, 73, 71 %, 24 %
2025/08/15 09:00:00.311, 146.61 W, 73, 71 %, 25 %
2025/08/15 09:00:01.314, 137.40 W, 73, 71 %, 25 %
2025/08/15 09:00:02.317, 114.59 W, 72, 58 %, 22 %
2025/08/15 09:00:03.321, 58.99 W, 72, 47 %, 17 %
2025/08/15 09:00:04.324, 152.79 W, 73, 72 %, 25 %
2025/08/15 09:00:05.327, 148.53 W, 73, 70 %, 25 %
2025/08/15 09:00:06.330, 140.76 W, 73, 70 %, 24 %
2025/08/15 09:00:07.334, 144.92 W, 73, 70 %, 24 %
2025/08/15 09:00:08.337, 146.88 W, 73, 70 %, 25 %
2025/08/15 09:00:09.341, 139.49 W, 73, 71 %, 25 %
2025/08/15 09:00:10.347, 140.89 W, 73, 71 %, 24 %
2025/08/15 09:00:11.350, 134.20 W, 73, 70 %, 25 %
2025/08/15 09:00:12.354, 134.37 W, 73, 70 %, 24 %
2025/08/15 09:00:13.357, 150.47 W, 73, 70 %, 24 %
2025/08/15 09:00:14.360, 145.40 W, 73, 70 %, 24 %
2025/08/15 09:00:15.364, 140.44 W, 73, 71 %, 25 %
2025/08/15 09:00:16.368, 138.21 W, 73, 71 %, 25 %
2025/08/15 09:00:17.372, 137.21 W, 73, 71 %, 25 %
2025/08/15 09:00:18.375, 132.87 W, 73, 71 %, 25 %
2025/08/15 09:00:19.378, 139.51 W, 73, 70 %, 25 %
2025/08/15 09:00:20.384, 118.11 W, 72, 58 %, 21 %
2025/08/15 09:00:21.388, 135.24 W, 72, 35 %, 12 %
2025/08/15 09:00:22.391, 143.29 W, 73, 71 %, 25 %
2025/08/15 09:00:23.394, 141.31 W, 73, 71 %, 25 %
2025/08/15 09:00:24.398, 137.37 W, 73, 68 %, 24 %
2025/08/15 09:00:25.402, 145.65 W, 73, 68 %, 24 %
2025/08/15 09:00:26.406, 139.73 W, 73, 69 %, 24 %
2025/08/15 09:00:27.409, 132.56 W, 73, 71 %, 25 %
2025/08/15 09:00:28.414, 136.09 W, 73, 70 %, 24 %
2025/08/15 09:00:29.417, 127.15 W, 73, 70 %, 24 %
2025/08/15 09:00:30.420, 149.01 W, 73, 70 %, 25 %
2025/08/15 09:00:31.424, 141.73 W, 73, 71 %, 24 %
2025/08/15 09:00:32.428, 140.04 W, 73, 70 %, 25 %
2025/08/15 09:00:33.432, 133.72 W, 73, 71 %, 25 %
2025/08/15 09:00:34.435, 130.59 W, 73, 71 %, 24 %
2025/08/15 09:00:35.438, 140.66 W, 73, 69 %, 24 %
2025/08/15 09:00:36.442, 139.34 W, 73, 70 %, 25 %
2025/08/15 09:00:37.445, 141.70 W, 73, 70 %, 25 %
2025/08/15 09:00:38.449, 120.02 W, 73, 58 %, 21 %
2025/08/15 09:00:39.452, 135.92 W, 72, 39 %, 14 %
2025/08/15 09:00:40.455, 131.54 W, 73, 70 %, 24 %
2025/08/15 09:00:41.460, 134.05 W, 73, 70 %, 24 %
2025/08/15 09:00:42.463, 140.80 W, 73, 71 %, 24 %
2025/08/15 09:00:43.469, 137.07 W, 73, 70 %, 25 %
2025/08/15 09:00:44.472, 128.62 W, 73, 69 %, 24 %
2025/08/15 09:00:45.475, 141.99 W, 73, 71 %, 24 %
2025/08/15 09:00:46.479, 136.41 W, 73, 70 %, 24 %
2025/08/15 09:00:47.482, 129.86 W, 73, 70 %, 24 %
2025/08/15 09:00:48.486, 153.05 W, 73, 70 %, 24 %
2025/08/15 09:00:49.489, 136.97 W, 73, 71 %, 25 %
2025/08/15 09:00:50.493, 129.85 W, 73, 69 %, 24 %
2025/08/15 09:00:51.496, 133.84 W, 73, 70 %, 24 %
2025/08/15 09:00:52.499, 138.87 W, 73, 70 %, 24 %
2025/08/15 09:00:53.502, 137.21 W, 73, 71 %, 25 %
2025/08/15 09:00:54.507, 150.32 W, 73, 70 %, 24 %
2025/08/15 09:00:55.510, 137.88 W, 73, 68 %, 24 %
2025/08/15 09:00:56.516, 109.50 W, 73, 45 %, 16 %
2025/08/15 09:00:57.520, 114.12 W, 72, 57 %, 21 %
2025/08/15 09:00:58.523, 140.97 W, 73, 72 %, 25 %
2025/08/15 09:00:59.526, 142.95 W, 73, 71 %, 25 %
2025/08/15 09:01:00.531, 141.38 W, 73, 71 %, 24 %
2025/08/15 09:01:01.534, 138.79 W, 73, 70 %, 24 %
2025/08/15 09:01:02.538, 142.06 W, 73, 70 %, 24 %
2025/08/15 09:01:03.542, 138.79 W, 73, 69 %, 24 %
2025/08/15 09:01:04.546, 138.04 W, 73, 70 %, 24 %
2025/08/15 09:01:05.549, 154.09 W, 73, 70 %, 25 %
2025/08/15 09:01:06.553, 134.02 W, 73, 71 %, 25 %
2025/08/15 09:01:07.557, 139.11 W, 73, 71 %, 25 %
2025/08/15 09:01:08.560, 141.73 W, 73, 71 %, 24 %
2025/08/15 09:01:09.563, 134.88 W, 73, 71 %, 25 %
2025/08/15 09:01:10.566, 142.21 W, 73, 70 %, 24 %
2025/08/15 09:01:11.571, 143.46 W, 73, 70 %, 24 %
2025/08/15 09:01:12.574, 140.59 W, 73, 70 %, 24 %
2025/08/15 09:01:13.578, 139.84 W, 73, 70 %, 24 %
2025/08/15 09:01:14.581, 119.53 W, 73, 45 %, 16 %
2025/08/15 09:01:15.584, 58.95 W, 72, 59 %, 22 %
2025/08/15 09:01:16.587, 127.86 W, 73, 72 %, 25 %
2025/08/15 09:01:17.590, 143.77 W, 73, 70 %, 25 %
2025/08/15 09:01:18.595, 139.87 W, 73, 71 %, 25 %
2025/08/15 09:01:19.601, 147.45 W, 73, 70 %, 25 %
2025/08/15 09:01:20.604, 137.80 W, 73, 70 %, 25 %
2025/08/15 09:01:21.607, 138.02 W, 73, 71 %, 25 %
2025/08/15 09:01:22.610, 137.13 W, 73, 71 %, 25 %
2025/08/15 09:01:23.613, 133.35 W, 73, 71 %, 25 %
2025/08/15 09:01:24.619, 144.94 W, 74, 71 %, 25 %
2025/08/15 09:01:25.622, 143.45 W, 73, 70 %, 24 %
2025/08/15 09:01:26.626, 139.52 W, 73, 68 %, 24 %
2025/08/15 09:01:27.630, 134.77 W, 73, 68 %, 23 %
2025/08/15 09:01:28.633, 138.62 W, 73, 67 %, 23 %
2025/08/15 09:01:29.638, 142.71 W, 73, 68 %, 24 %
2025/08/15 09:01:30.641, 141.39 W, 73, 70 %, 25 %
2025/08/15 09:01:31.645, 143.75 W, 73, 72 %, 25 %
2025/08/15 09:01:32.649, 121.97 W, 73, 48 %, 17 %
2025/08/15 09:01:33.653, 112.69 W, 73, 58 %, 21 %
2025/08/15 09:01:34.656, 151.14 W, 73, 71 %, 25 %
2025/08/15 09:01:35.660, 138.70 W, 73, 71 %, 25 %
2025/08/15 09:01:36.663, 140.34 W, 73, 70 %, 24 %
2025/08/15 09:01:37.666, 140.81 W, 74, 70 %, 24 %
2025/08/15 09:01:38.669, 152.80 W, 73, 71 %, 25 %
2025/08/15 09:01:39.673, 140.23 W, 74, 71 %, 25 %
2025/08/15 09:01:40.676, 136.91 W, 74, 70 %, 25 %
2025/08/15 09:01:41.680, 124.36 W, 74, 70 %, 24 %
2025/08/15 09:01:42.686, 147.20 W, 74, 71 %, 25 %
2025/08/15 09:01:43.690, 133.70 W, 74, 70 %, 24 %
2025/08/15 09:01:44.693, 144.59 W, 74, 71 %, 25 %
2025/08/15 09:01:45.697, 152.87 W, 73, 71 %, 25 %
2025/08/15 09:01:46.701, 144.15 W, 74, 71 %, 25 %
2025/08/15 09:01:47.705, 134.35 W, 73, 72 %, 25 %
2025/08/15 09:01:48.708, 143.29 W, 73, 70 %, 24 %
2025/08/15 09:01:49.711, 130.73 W, 73, 71 %, 25 %
2025/08/15 09:01:50.714, 112.47 W, 73, 42 %, 15 %
2025/08/15 09:01:51.718, 80.61 W, 72, 58 %, 21 %
2025/08/15 09:01:52.723, 143.95 W, 73, 70 %, 25 %
2025/08/15 09:01:53.726, 141.00 W, 73, 70 %, 24 %
2025/08/15 09:01:54.729, 139.01 W, 73, 70 %, 24 %
2025/08/15 09:01:55.733, 131.50 W, 73, 70 %, 24 %
2025/08/15 09:01:56.736, 132.55 W, 73, 70 %, 25 %
2025/08/15 09:01:57.739, 138.29 W, 73, 71 %, 25 %
2025/08/15 09:01:58.743, 136.82 W, 73, 68 %, 24 %
2025/08/15 09:01:59.746, 135.59 W, 73, 70 %, 25 %
2025/08/15 09:02:00.752, 147.04 W, 73, 68 %, 24 %
2025/08/15 09:02:01.756, 134.94 W, 73, 68 %, 24 %
2025/08/15 09:02:02.759, 147.29 W, 73, 69 %, 24 %
2025/08/15 09:02:03.762, 142.03 W, 73, 72 %, 25 %
2025/08/15 09:02:04.767, 139.42 W, 73, 71 %, 25 %
2025/08/15 09:02:05.771, 141.48 W, 73, 71 %, 25 %
2025/08/15 09:02:06.776, 135.92 W, 73, 70 %, 25 %
2025/08/15 09:02:07.779, 152.75 W, 73, 71 %, 25 %
2025/08/15 09:02:08.784, 114.44 W, 73, 48 %, 17 %
2025/08/15 09:02:09.789, 89.73 W, 72, 58 %, 21 %
2025/08/15 09:02:10.793, 152.54 W, 73, 70 %, 24 %
2025/08/15 09:02:11.796, 136.88 W, 73, 71 %, 25 %
2025/08/15 09:02:12.799, 136.48 W, 73, 71 %, 25 %
2025/08/15 09:02:13.802, 150.76 W, 73, 70 %, 25 %
2025/08/15 09:02:14.808, 133.22 W, 73, 71 %, 25 %
2025/08/15 09:02:15.811, 148.21 W, 73, 71 %, 25 %
2025/08/15 09:02:16.815, 135.83 W, 73, 71 %, 25 %
2025/08/15 09:02:17.818, 139.30 W, 73, 71 %, 25 %
2025/08/15 09:02:18.821, 139.59 W, 73, 70 %, 24 %
2025/08/15 09:02:19.825, 149.21 W, 73, 72 %, 25 %
2025/08/15 09:02:20.832, 149.76 W, 73, 71 %, 25 %
2025/08/15 09:02:21.837, 145.87 W, 73, 70 %, 25 %
2025/08/15 09:02:22.840, 129.84 W, 73, 70 %, 24 %
2025/08/15 09:02:23.845, 145.66 W, 73, 71 %, 25 %
2025/08/15 09:02:24.848, 142.47 W, 73, 71 %, 25 %
2025/08/15 09:02:25.851, 141.73 W, 73, 70 %, 24 %
2025/08/15 09:02:26.857, 122.47 W, 73, 58 %, 21 %
2025/08/15 09:02:27.860, 127.39 W, 72, 47 %, 17 %
2025/08/15 09:02:28.863, 145.13 W, 73, 71 %, 25 %
2025/08/15 09:02:29.866, 134.33 W, 73, 69 %, 24 %
2025/08/15 09:02:30.870, 137.06 W, 73, 71 %, 25 %
2025/08/15 09:02:31.876, 110.48 W, 73, 66 %, 23 %
2025/08/15 09:02:32.880, 139.36 W, 73, 68 %, 24 %
2025/08/15 09:02:33.883, 135.24 W, 73, 72 %, 25 %
2025/08/15 09:02:34.887, 144.59 W, 73, 70 %, 25 %
2025/08/15 09:02:35.892, 151.03 W, 73, 71 %, 25 %
2025/08/15 09:02:36.896, 149.00 W, 73, 71 %, 25 %
2025/08/15 09:02:37.899, 139.49 W, 73, 71 %, 25 %
2025/08/15 09:02:38.902, 130.93 W, 73, 70 %, 24 %
2025/08/15 09:02:39.906, 146.74 W, 73, 70 %, 24 %
2025/08/15 09:02:40.914, 144.33 W, 73, 71 %, 25 %
2025/08/15 09:02:41.918, 137.38 W, 73, 69 %, 24 %
2025/08/15 09:02:42.921, 131.99 W, 73, 71 %, 25 %
2025/08/15 09:02:43.925, 140.41 W, 73, 70 %, 24 %
2025/08/15 09:02:44.929, 122.97 W, 73, 46 %, 17 %
2025/08/15 09:02:45.932, 139.19 W, 72, 59 %, 22 %
2025/08/15 09:02:46.935, 136.82 W, 73, 70 %, 24 %
2025/08/15 09:02:47.938, 137.45 W, 73, 71 %, 24 %
2025/08/15 09:02:48.943, 133.65 W, 73, 72 %, 25 %
2025/08/15 09:02:49.946, 129.93 W, 73, 70 %, 25 %
2025/08/15 09:02:50.950, 153.28 W, 73, 70 %, 24 %
2025/08/15 09:02:51.953, 132.89 W, 73, 70 %, 25 %
2025/08/15 09:02:52.956, 146.95 W, 73, 71 %, 25 %
2025/08/15 09:02:53.961, 139.22 W, 73, 70 %, 25 %
2025/08/15 09:02:54.964, 137.73 W, 73, 71 %, 24 %
2025/08/15 09:02:55.968, 141.48 W, 73, 70 %, 24 %
2025/08/15 09:02:56.971, 131.60 W, 73, 70 %, 24 %
2025/08/15 09:02:57.974, 138.51 W, 73, 70 %, 24 %
2025/08/15 09:02:58.980, 145.10 W, 73, 70 %, 24 %
2025/08/15 09:02:59.983, 136.65 W, 73, 70 %, 24 %
2025/08/15 09:03:00.986, 142.92 W, 73, 69 %, 24 %
2025/08/15 09:03:01.990, 134.02 W, 73, 70 %, 24 %
2025/08/15 09:03:02.993, 113.11 W, 73, 48 %, 18 %
2025/08/15 09:03:03.999, 133.44 W, 72, 55 %, 20 %
2025/08/15 09:03:05.002, 136.58 W, 73, 70 %, 24 %
2025/08/15 09:03:06.006, 148.85 W, 73, 70 %, 24 %
2025/08/15 09:03:07.010, 141.51 W, 73, 70 %, 25 %
2025/08/15 09:03:08.013, 135.78 W, 73, 71 %, 25 %
2025/08/15 09:03:09.016, 137.99 W, 73, 71 %, 25 %
2025/08/15 09:03:10.019, 130.94 W, 73, 71 %, 25 %
2025/08/15 09:03:11.024, 154.60 W, 74, 71 %, 24 %
2025/08/15 09:03:12.027, 154.96 W, 73, 69 %, 24 %
2025/08/15 09:03:13.031, 143.04 W, 73, 70 %, 25 %
2025/08/15 09:03:14.035, 145.01 W, 73, 71 %, 25 %
2025/08/15 09:03:15.038, 137.15 W, 74, 70 %, 24 %
2025/08/15 09:03:16.041, 125.18 W, 73, 70 %, 24 %
2025/08/15 09:03:17.046, 143.41 W, 74, 70 %, 24 %
2025/08/15 09:03:18.050, 136.24 W, 73, 72 %, 25 %
2025/08/15 09:03:19.056, 138.99 W, 74, 70 %, 24 %
2025/08/15 09:03:20.059, 143.11 W, 73, 71 %, 24 %
2025/08/15 09:03:21.066, 114.44 W, 73, 44 %, 16 %
2025/08/15 09:03:22.070, 139.43 W, 72, 56 %, 20 %
2025/08/15 09:03:23.073, 137.88 W, 73, 70 %, 25 %
2025/08/15 09:03:24.076, 138.53 W, 73, 71 %, 24 %
2025/08/15 09:03:25.079, 150.91 W, 73, 71 %, 25 %
2025/08/15 09:03:26.085, 143.84 W, 73, 71 %, 25 %
2025/08/15 09:03:27.088, 147.17 W, 73, 70 %, 25 %
2025/08/15 09:03:28.091, 139.43 W, 73, 71 %, 25 %
2025/08/15 09:03:29.095, 130.18 W, 73, 70 %, 25 %
2025/08/15 09:03:30.099, 133.30 W, 73, 70 %, 24 %
2025/08/15 09:03:31.102, 135.24 W, 73, 70 %, 24 %
2025/08/15 09:03:32.106, 127.57 W, 73, 64 %, 22 %
2025/08/15 09:03:33.110, 135.02 W, 73, 68 %, 24 %
2025/08/15 09:03:34.116, 143.66 W, 73, 71 %, 25 %
2025/08/15 09:03:35.119, 140.08 W, 73, 66 %, 23 %
2025/08/15 09:03:36.122, 138.10 W, 73, 70 %, 25 %
2025/08/15 09:03:37.125, 124.69 W, 73, 71 %, 25 %
2025/08/15 09:03:38.130, 142.72 W, 73, 71 %, 25 %
2025/08/15 09:03:39.134, 121.50 W, 72, 58 %, 21 %
2025/08/15 09:03:40.137, 139.84 W, 72, 40 %, 14 %
2025/08/15 09:03:41.141, 154.99 W, 73, 70 %, 25 %
2025/08/15 09:03:42.145, 133.93 W, 73, 71 %, 25 %
2025/08/15 09:03:43.149, 147.20 W, 73, 71 %, 25 %
2025/08/15 09:03:44.153, 144.75 W, 73, 71 %, 25 %
2025/08/15 09:03:45.157, 150.74 W, 73, 70 %, 24 %
2025/08/15 09:03:46.162, 146.40 W, 73, 70 %, 24 %
2025/08/15 09:03:47.165, 144.74 W, 73, 71 %, 25 %
2025/08/15 09:03:48.172, 143.04 W, 73, 70 %, 24 %
2025/08/15 09:03:49.175, 152.53 W, 73, 70 %, 25 %
2025/08/15 09:03:50.178, 144.74 W, 73, 70 %, 25 %
2025/08/15 09:03:51.182, 148.65 W, 73, 70 %, 24 %
2025/08/15 09:03:52.185, 136.07 W, 73, 71 %, 25 %
2025/08/15 09:03:53.189, 132.07 W, 73, 71 %, 25 %
2025/08/15 09:03:54.192, 136.82 W, 74, 71 %, 25 %
2025/08/15 09:03:55.196, 143.93 W, 73, 70 %, 25 %
2025/08/15 09:03:56.199, 141.24 W, 73, 71 %, 24 %
2025/08/15 09:03:57.203, 119.02 W, 73, 59 %, 22 %
2025/08/15 09:03:58.207, 132.39 W, 72, 53 %, 18 %
2025/08/15 09:03:59.211, 128.46 W, 73, 71 %, 25 %
2025/08/15 09:04:00.215, 142.52 W, 73, 70 %, 25 %
2025/08/15 09:04:01.218, 143.70 W, 73, 71 %, 25 %
2025/08/15 09:04:02.221, 138.29 W, 73, 70 %, 25 %
2025/08/15 09:04:03.225, 127.62 W, 73, 70 %, 25 %
2025/08/15 09:04:04.228, 137.80 W, 73, 68 %, 24 %
2025/08/15 09:04:05.232, 134.35 W, 73, 71 %, 25 %
2025/08/15 09:04:06.236, 140.86 W, 73, 70 %, 24 %
2025/08/15 09:04:07.240, 144.04 W, 73, 66 %, 23 %
2025/08/15 09:04:08.244, 139.82 W, 73, 70 %, 24 %
2025/08/15 09:04:09.247, 142.06 W, 73, 71 %, 25 %
2025/08/15 09:04:10.250, 140.17 W, 73, 70 %, 24 %
2025/08/15 09:04:11.255, 137.39 W, 73, 70 %, 25 %
2025/08/15 09:04:12.262, 132.99 W, 73, 71 %, 25 %
2025/08/15 09:04:13.265, 128.87 W, 73, 71 %, 24 %
2025/08/15 09:04:14.268, 150.01 W, 73, 71 %, 25 %
2025/08/15 09:04:15.273, 117.39 W, 73, 58 %, 21 %
2025/08/15 09:04:16.276, 137.43 W, 72, 38 %, 13 %
2025/08/15 09:04:17.279, 137.28 W, 73, 71 %, 25 %
2025/08/15 09:04:18.285, 139.95 W, 73, 71 %, 25 %
2025/08/15 09:04:19.288, 150.09 W, 73, 71 %, 24 %
2025/08/15 09:04:20.291, 131.00 W, 73, 70 %, 24 %
2025/08/15 09:04:21.296, 136.42 W, 73, 70 %, 24 %
2025/08/15 09:04:22.300, 139.24 W, 73, 71 %, 24 %
2025/08/15 09:04:23.305, 143.10 W, 73, 71 %, 24 %
2025/08/15 09:04:24.308, 147.50 W, 73, 72 %, 25 %
2025/08/15 09:04:25.312, 136.33 W, 73, 71 %, 25 %
2025/08/15 09:04:26.315, 127.69 W, 73, 71 %, 25 %
2025/08/15 09:04:27.318, 140.59 W, 73, 70 %, 25 %
2025/08/15 09:04:28.322, 145.10 W, 73, 71 %, 24 %
2025/08/15 09:04:29.327, 147.89 W, 73, 71 %, 25 %
2025/08/15 09:04:30.330, 131.66 W, 73, 70 %, 24 %
2025/08/15 09:04:31.333, 140.81 W, 73, 70 %, 24 %
2025/08/15 09:04:32.337, 135.42 W, 73, 72 %, 25 %
2025/08/15 09:04:33.344, 113.11 W, 73, 58 %, 21 %
2025/08/15 09:04:34.347, 147.14 W, 72, 39 %, 14 %
2025/08/15 09:04:35.351, 130.68 W, 73, 66 %, 23 %
2025/08/15 09:04:36.354, 146.61 W, 73, 71 %, 24 %
2025/08/15 09:04:37.358, 139.44 W, 73, 70 %, 25 %
2025/08/15 09:04:38.361, 138.62 W, 73, 70 %, 24 %
2025/08/15 09:04:39.364, 140.63 W, 73, 69 %, 24 %
2025/08/15 09:04:40.369, 144.33 W, 73, 70 %, 25 %
2025/08/15 09:04:41.372, 140.01 W, 73, 71 %, 25 %
2025/08/15 09:04:42.375, 139.77 W, 73, 71 %, 25 %
2025/08/15 09:04:43.379, 138.05 W, 73, 71 %, 25 %
2025/08/15 09:04:44.382, 134.44 W, 73, 70 %, 25 %
2025/08/15 09:04:45.385, 133.21 W, 74, 70 %, 25 %
2025/08/15 09:04:46.390, 144.46 W, 73, 70 %, 25 %
2025/08/15 09:04:47.394, 144.10 W, 73, 69 %, 24 %
2025/08/15 09:04:48.398, 142.27 W, 73, 70 %, 25 %
2025/08/15 09:04:49.402, 135.26 W, 73, 71 %, 25 %
2025/08/15 09:04:50.405, 128.32 W, 73, 71 %, 24 %
2025/08/15 09:04:51.408, 122.29 W, 73, 59 %, 22 %
2025/08/15 09:04:52.413, 145.50 W, 72, 39 %, 14 %
2025/08/15 09:04:53.416, 151.89 W, 73, 71 %, 25 %
2025/08/15 09:04:54.420, 129.52 W, 73, 70 %, 24 %
2025/08/15 09:04:55.424, 143.54 W, 73, 70 %, 25 %
2025/08/15 09:04:56.429, 153.09 W, 73, 71 %, 25 %
2025/08/15 09:04:57.432, 140.96 W, 73, 72 %, 25 %
2025/08/15 09:04:58.435, 149.28 W, 73, 71 %, 25 %
2025/08/15 09:04:59.440, 138.05 W, 73, 71 %, 25 %
2025/08/15 09:05:00.444, 150.80 W, 73, 71 %, 25 %
2025/08/15 09:05:01.447, 139.12 W, 73, 70 %, 24 %
2025/08/15 09:05:02.452, 145.01 W, 74, 71 %, 25 %
2025/08/15 09:05:03.458, 149.16 W, 73, 70 %, 24 %
2025/08/15 09:05:04.461, 137.50 W, 74, 71 %, 25 %
2025/08/15 09:05:05.464, 134.11 W, 74, 71 %, 25 %
2025/08/15 09:05:06.468, 135.91 W, 74, 69 %, 24 %
2025/08/15 09:05:07.471, 129.77 W, 73, 68 %, 24 %
2025/08/15 09:05:08.476, 133.46 W, 73, 70 %, 25 %
2025/08/15 09:05:09.479, 111.53 W, 73, 58 %, 21 %
2025/08/15 09:05:10.484, 130.51 W, 72, 32 %, 11 %
2025/08/15 09:05:11.488, 140.59 W, 73, 68 %, 24 %
2025/08/15 09:05:12.495, 138.57 W, 73, 70 %, 24 %
2025/08/15 09:05:13.498, 136.30 W, 73, 70 %, 24 %
2025/08/15 09:05:14.502, 138.52 W, 73, 70 %, 25 %
2025/08/15 09:05:15.506, 141.23 W, 73, 70 %, 25 %
2025/08/15 09:05:16.509, 150.81 W, 73, 72 %, 25 %
2025/08/15 09:05:17.515, 137.25 W, 73, 70 %, 25 %
2025/08/15 09:05:18.518, 140.11 W, 73, 70 %, 24 %
2025/08/15 09:05:19.522, 139.60 W, 73, 70 %, 24 %
2025/08/15 09:05:20.525, 141.78 W, 73, 70 %, 24 %
2025/08/15 09:05:21.528, 149.63 W, 73, 70 %, 24 %
2025/08/15 09:05:22.531, 137.95 W, 73, 70 %, 25 %
2025/08/15 09:05:23.535, 136.41 W, 73, 71 %, 24 %
2025/08/15 09:05:24.538, 125.65 W, 73, 71 %, 25 %
2025/08/15 09:05:25.543, 138.87 W, 73, 70 %, 24 %
2025/08/15 09:05:26.546, 136.14 W, 73, 70 %, 24 %
2025/08/15 09:05:27.549, 122.48 W, 73, 58 %, 21 %
2025/08/15 09:05:28.553, 140.96 W, 72, 37 %, 13 %
2025/08/15 09:05:29.557, 155.61 W, 73, 71 %, 25 %
2025/08/15 09:05:30.562, 139.83 W, 73, 71 %, 25 %
2025/08/15 09:05:31.565, 139.61 W, 73, 71 %, 25 %
2025/08/15 09:05:32.568, 131.01 W, 73, 71 %, 25 %
2025/08/15 09:05:33.571, 125.27 W, 73, 70 %, 24 %
2025/08/15 09:05:34.574, 150.55 W, 73, 70 %, 24 %
2025/08/15 09:05:35.580, 145.72 W, 73, 71 %, 24 %
2025/08/15 09:05:36.583, 150.23 W, 73, 70 %, 25 %
2025/08/15 09:05:37.587, 137.70 W, 74, 71 %, 25 %
2025/08/15 09:05:38.590, 134.67 W, 73, 68 %, 24 %
2025/08/15 09:05:39.593, 131.80 W, 73, 69 %, 24 %
2025/08/15 09:05:40.597, 138.72 W, 73, 70 %, 25 %
2025/08/15 09:05:41.601, 143.59 W, 73, 70 %, 24 %
2025/08/15 09:05:42.604, 143.29 W, 73, 69 %, 24 %
2025/08/15 09:05:43.612, 128.05 W, 73, 70 %, 25 %
2025/08/15 09:05:44.615, 144.36 W, 73, 71 %, 25 %
2025/08/15 09:05:45.618, 120.11 W, 73, 58 %, 21 %
2025/08/15 09:05:46.621, 139.09 W, 72, 36 %, 13 %
2025/08/15 09:05:47.626, 132.81 W, 73, 71 %, 25 %
2025/08/15 09:05:48.629, 137.89 W, 73, 70 %, 24 %
2025/08/15 09:05:49.633, 146.90 W, 73, 70 %, 24 %
2025/08/15 09:05:50.637, 141.97 W, 73, 71 %, 25 %
2025/08/15 09:05:51.640, 140.75 W, 73, 70 %, 24 %
2025/08/15 09:05:52.643, 140.34 W, 73, 71 %, 24 %
2025/08/15 09:05:53.648, 141.30 W, 73, 70 %, 24 %
2025/08/15 09:05:54.651, 138.85 W, 73, 70 %, 25 %
2025/08/15 09:05:55.654, 135.81 W, 73, 70 %, 25 %
2025/08/15 09:05:56.657, 124.53 W, 73, 69 %, 24 %
2025/08/15 09:05:57.662, 149.47 W, 73, 70 %, 24 %
2025/08/15 09:05:58.666, 137.15 W, 73, 70 %, 25 %
2025/08/15 09:05:59.669, 131.90 W, 73, 71 %, 25 %
2025/08/15 09:06:00.672, 143.29 W, 73, 70 %, 24 %
2025/08/15 09:06:01.675, 137.43 W, 73, 70 %, 24 %
2025/08/15 09:06:02.679, 135.25 W, 73, 70 %, 25 %
2025/08/15 09:06:03.682, 125.33 W, 73, 58 %, 21 %
2025/08/15 09:06:04.685, 129.84 W, 72, 45 %, 16 %
2025/08/15 09:06:05.690, 139.11 W, 73, 70 %, 24 %
2025/08/15 09:06:06.695, 130.51 W, 73, 69 %, 24 %
2025/08/15 09:06:07.699, 142.23 W, 73, 70 %, 24 %
2025/08/15 09:06:08.702, 136.32 W, 73, 71 %, 25 %
2025/08/15 09:06:09.705, 132.62 W, 73, 69 %, 24 %
2025/08/15 09:06:10.709, 139.01 W, 73, 69 %, 24 %
2025/08/15 09:06:11.713, 146.85 W, 73, 70 %, 25 %
2025/08/15 09:06:12.718, 136.16 W, 73, 70 %, 24 %
2025/08/15 09:06:13.721, 125.65 W, 73, 68 %, 23 %
2025/08/15 09:06:14.724, 146.65 W, 73, 70 %, 25 %
2025/08/15 09:06:15.729, 139.36 W, 73, 71 %, 25 %
2025/08/15 09:06:16.733, 148.32 W, 74, 71 %, 24 %
2025/08/15 09:06:17.736, 135.65 W, 74, 70 %, 25 %
2025/08/15 09:06:18.739, 130.65 W, 73, 71 %, 25 %
2025/08/15 09:06:19.742, 129.18 W, 73, 71 %, 25 %
2025/08/15 09:06:20.747, 140.25 W, 74, 71 %, 25 %
2025/08/15 09:06:21.751, 116.72 W, 73, 44 %, 16 %
2025/08/15 09:06:22.754, 95.65 W, 72, 60 %, 22 %
2025/08/15 09:06:23.758, 141.82 W, 73, 71 %, 25 %
2025/08/15 09:06:24.762, 141.49 W, 73, 71 %, 25 %
2025/08/15 09:06:25.766, 134.91 W, 73, 71 %, 24 %
2025/08/15 09:06:26.769, 140.10 W, 73, 70 %, 25 %
2025/08/15 09:06:27.774, 147.56 W, 73, 71 %, 25 %
2025/08/15 09:06:28.777, 135.43 W, 73, 70 %, 24 %
2025/08/15 09:06:29.782, 124.51 W, 73, 70 %, 25 %
2025/08/15 09:06:30.785, 150.47 W, 73, 71 %, 25 %
2025/08/15 09:06:31.788, 139.77 W, 73, 70 %, 24 %
2025/08/15 09:06:32.792, 142.87 W, 73, 71 %, 25 %
2025/08/15 09:06:33.796, 142.67 W, 73, 70 %, 24 %
2025/08/15 09:06:34.799, 143.76 W, 73, 71 %, 25 %
2025/08/15 09:06:35.803, 145.53 W, 73, 70 %, 24 %
2025/08/15 09:06:36.806, 124.59 W, 73, 71 %, 25 %
2025/08/15 09:06:37.809, 143.95 W, 73, 70 %, 24 %
2025/08/15 09:06:38.812, 140.34 W, 73, 70 %, 24 %
2025/08/15 09:06:39.819, 118.18 W, 73, 54 %, 20 %
2025/08/15 09:06:40.822, 129.36 W, 72, 52 %, 19 %
2025/08/15 09:06:41.826, 138.79 W, 73, 67 %, 24 %
2025/08/15 09:06:42.829, 147.59 W, 73, 71 %, 25 %
2025/08/15 09:06:43.833, 133.78 W, 73, 72 %, 25 %
2025/08/15 09:06:44.837, 140.57 W, 73, 70 %, 24 %
2025/08/15 09:06:45.841, 140.03 W, 73, 67 %, 24 %
2025/08/15 09:06:46.845, 139.52 W, 73, 70 %, 24 %
2025/08/15 09:06:47.848, 145.82 W, 73, 70 %, 25 %
2025/08/15 09:06:48.851, 128.79 W, 73, 71 %, 25 %
2025/08/15 09:06:49.855, 142.89 W, 73, 70 %, 25 %
2025/08/15 09:06:50.858, 137.78 W, 73, 70 %, 24 %
2025/08/15 09:06:51.862, 141.64 W, 73, 70 %, 24 %
2025/08/15 09:06:52.865, 137.62 W, 73, 70 %, 25 %
2025/08/15 09:06:53.869, 131.41 W, 73, 72 %, 25 %
2025/08/15 09:06:54.873, 140.16 W, 73, 71 %, 25 %
2025/08/15 09:06:55.876, 138.04 W, 73, 70 %, 25 %
2025/08/15 09:06:56.879, 139.34 W, 73, 70 %, 25 %
2025/08/15 09:06:57.883, 120.93 W, 73, 48 %, 17 %
2025/08/15 09:06:58.887, 54.78 W, 72, 58 %, 21 %
2025/08/15 09:06:59.890, 147.34 W, 73, 71 %, 25 %
2025/08/15 09:07:00.894, 147.84 W, 73, 71 %, 25 %
2025/08/15 09:07:01.897, 131.74 W, 73, 70 %, 25 %
2025/08/15 09:07:02.902, 143.70 W, 73, 70 %, 25 %
2025/08/15 09:07:03.905, 143.45 W, 73, 71 %, 25 %
2025/08/15 09:07:04.908, 145.17 W, 73, 71 %, 25 %
2025/08/15 09:07:05.911, 135.26 W, 73, 70 %, 24 %
2025/08/15 09:07:06.915, 151.41 W, 73, 71 %, 24 %
2025/08/15 09:07:07.920, 137.21 W, 73, 71 %, 25 %
2025/08/15 09:07:08.923, 142.87 W, 73, 70 %, 24 %
2025/08/15 09:07:09.926, 143.51 W, 73, 70 %, 24 %
2025/08/15 09:07:10.930, 127.57 W, 73, 70 %, 24 %
2025/08/15 09:07:11.933, 133.21 W, 73, 70 %, 24 %
2025/08/15 09:07:12.936, 137.80 W, 73, 70 %, 25 %
2025/08/15 09:07:13.940, 137.31 W, 73, 68 %, 24 %
2025/08/15 09:07:14.943, 131.08 W, 73, 71 %, 25 %
2025/08/15 09:07:15.946, 119.26 W, 73, 48 %, 17 %
2025/08/15 09:07:16.950, 55.77 W, 72, 56 %, 21 %
2025/08/15 09:07:17.953, 124.67 W, 73, 69 %, 24 %
2025/08/15 09:07:18.956, 144.04 W, 73, 70 %, 24 %
2025/08/15 09:07:19.959, 138.47 W, 73, 70 %, 25 %
2025/08/15 09:07:20.962, 149.26 W, 73, 72 %, 25 %
2025/08/15 09:07:21.968, 143.23 W, 73, 69 %, 24 %
2025/08/15 09:07:22.973, 141.23 W, 73, 70 %, 24 %
2025/08/15 09:07:23.976, 151.36 W, 73, 70 %, 24 %
2025/08/15 09:07:24.979, 145.31 W, 73, 71 %, 24 %
2025/08/15 09:07:25.982, 137.31 W, 73, 70 %, 24 %
2025/08/15 09:07:26.987, 135.83 W, 73, 71 %, 24 %
2025/08/15 09:07:27.990, 143.54 W, 73, 70 %, 24 %
2025/08/15 09:07:28.993, 140.08 W, 73, 70 %, 24 %
2025/08/15 09:07:29.996, 142.61 W, 74, 71 %, 25 %
2025/08/15 09:07:30.999, 142.81 W, 74, 70 %, 24 %
2025/08/15 09:07:32.003, 129.20 W, 73, 70 %, 24 %
2025/08/15 09:07:33.006, 137.89 W, 74, 71 %, 25 %
2025/08/15 09:07:34.009, 116.45 W, 73, 60 %, 20 %
2025/08/15 09:07:35.013, 122.72 W, 73, 58 %, 21 %
2025/08/15 09:07:36.017, 137.56 W, 73, 71 %, 25 %
2025/08/15 09:07:37.021, 128.36 W, 73, 71 %, 24 %
2025/08/15 09:07:38.024, 136.60 W, 73, 71 %, 25 %
2025/08/15 09:07:39.027, 142.44 W, 73, 71 %, 24 %
2025/08/15 09:07:40.032, 149.41 W, 73, 71 %, 25 %
2025/08/15 09:07:41.035, 136.94 W, 73, 72 %, 25 %
2025/08/15 09:07:42.038, 137.46 W, 73, 67 %, 23 %
2025/08/15 09:07:43.041, 140.81 W, 73, 72 %, 25 %
2025/08/15 09:07:44.044, 132.07 W, 73, 70 %, 24 %
2025/08/15 09:07:45.048, 131.99 W, 73, 69 %, 24 %
2025/08/15 09:07:46.053, 136.05 W, 73, 71 %, 24 %
2025/08/15 09:07:47.057, 138.92 W, 73, 71 %, 24 %
2025/08/15 09:07:48.060, 144.43 W, 74, 72 %, 25 %
2025/08/15 09:07:49.063, 129.36 W, 73, 68 %, 24 %
2025/08/15 09:07:50.068, 135.16 W, 73, 69 %, 24 %
2025/08/15 09:07:51.072, 140.83 W, 73, 71 %, 25 %
2025/08/15 09:07:52.075, 123.61 W, 73, 68 %, 23 %
2025/08/15 09:07:53.079, 124.94 W, 72, 59 %, 22 %
2025/08/15 09:07:54.082, 61.33 W, 70, 29 %, 3 %
2025/08/15 09:07:55.085, 61.16 W, 69, 29 %, 3 %
2025/08/15 09:07:56.088, 51.09 W, 68, 32 %, 3 %
2025/08/15 09:07:57.091, 51.12 W, 68, 31 %, 3 %
2025/08/15 09:07:58.095, 50.40 W, 67, 31 %, 3 %
2025/08/15 09:07:59.099, 50.65 W, 67, 31 %, 3 %
2025/08/15 09:08:00.103, 49.91 W, 67, 31 %, 3 %
2025/08/15 09:08:01.106, 50.40 W, 66, 31 %, 3 %
2025/08/15 09:08:02.109, 50.63 W, 66, 29 %, 3 %
2025/08/15 09:08:03.112, 50.59 W, 66, 32 %, 3 %
2025/08/15 09:08:04.115, 50.35 W, 66, 31 %, 3 %
2025/08/15 09:08:05.120, 50.62 W, 66, 32 %, 3 %
2025/08/15 09:08:06.123, 49.91 W, 65, 31 %, 3 %
2025/08/15 09:08:07.126, 49.91 W, 65, 31 %, 3 %
2025/08/15 09:08:08.130, 50.16 W, 65, 31 %, 3 %
2025/08/15 09:08:09.134, 50.16 W, 65, 31 %, 3 %
2025/08/15 09:08:10.137, 65.15 W, 65, 45 %, 5 %
2025/08/15 09:08:11.140, 66.30 W, 65, 43 %, 5 %
2025/08/15 09:08:12.143, 66.59 W, 65, 38 %, 4 %
2025/08/15 09:08:13.146, 66.06 W, 65, 42 %, 5 %
2025/08/15 09:08:14.153, 66.14 W, 65, 43 %, 5 %
2025/08/15 09:08:15.156, 65.65 W, 65, 43 %, 5 %
2025/08/15 09:08:16.159, 66.36 W, 65, 42 %, 5 %
2025/08/15 09:08:17.162, 66.88 W, 65, 43 %, 5 %
2025/08/15 09:08:18.166, 65.74 W, 65, 42 %, 5 %
2025/08/15 09:08:19.170, 48.15 W, 64, 25 %, 3 %
2025/08/15 09:08:20.173, 47.88 W, 64, 0 %, 0 %
2025/08/15 09:08:21.176, 47.66 W, 63, 0 %, 0 %
2025/08/15 09:08:22.179, 47.69 W, 63, 1 %, 0 %
