2025/08/15 12:55:00.603, 38.52 W, 50, 0 %, 0 %
2025/08/15 12:55:01.607, 38.53 W, 50, 0 %, 0 %
2025/08/15 12:55:02.610, 38.50 W, 50, 0 %, 0 %
2025/08/15 12:55:03.613, 38.52 W, 50, 0 %, 0 %
2025/08/15 12:55:04.617, 48.75 W, 50, 0 %, 0 %
2025/08/15 12:55:05.621, 72.89 W, 51, 55 %, 9 %
2025/08/15 12:55:06.626, 79.79 W, 51, 56 %, 9 %
2025/08/15 12:55:07.629, 75.63 W, 52, 56 %, 9 %
2025/08/15 12:55:08.634, 70.46 W, 51, 54 %, 9 %
2025/08/15 12:55:09.637, 75.63 W, 52, 55 %, 9 %
2025/08/15 12:55:10.641, 81.75 W, 52, 56 %, 9 %
2025/08/15 12:55:11.646, 78.79 W, 52, 56 %, 9 %
2025/08/15 12:55:12.650, 75.45 W, 52, 56 %, 9 %
2025/08/15 12:55:13.654, 72.50 W, 52, 56 %, 9 %
2025/08/15 12:55:14.659, 77.40 W, 52, 56 %, 9 %
2025/08/15 12:55:15.665, 65.86 W, 51, 34 %, 6 %
2025/08/15 12:55:16.668, 73.18 W, 52, 56 %, 9 %
2025/08/15 12:55:17.673, 74.94 W, 52, 56 %, 9 %
2025/08/15 12:55:18.677, 73.31 W, 52, 52 %, 9 %
2025/08/15 12:55:19.681, 72.68 W, 52, 56 %, 9 %
2025/08/15 12:55:20.686, 74.95 W, 52, 55 %, 9 %
2025/08/15 12:55:21.690, 67.79 W, 52, 51 %, 8 %
2025/08/15 12:55:22.694, 81.01 W, 52, 54 %, 9 %
2025/08/15 12:55:23.699, 75.64 W, 52, 56 %, 9 %
2025/08/15 12:55:24.702, 75.39 W, 52, 55 %, 9 %
2025/08/15 12:55:25.706, 75.34 W, 52, 54 %, 9 %
2025/08/15 12:55:26.712, 64.66 W, 52, 30 %, 5 %
2025/08/15 12:55:27.715, 82.06 W, 52, 57 %, 9 %
2025/08/15 12:55:28.720, 73.61 W, 52, 56 %, 9 %
2025/08/15 12:55:29.724, 76.80 W, 52, 57 %, 9 %
2025/08/15 12:55:30.730, 73.41 W, 52, 54 %, 9 %
2025/08/15 12:55:31.733, 79.62 W, 52, 57 %, 9 %
2025/08/15 12:55:32.736, 74.64 W, 52, 56 %, 9 %
2025/08/15 12:55:33.739, 71.65 W, 52, 55 %, 9 %
2025/08/15 12:55:34.743, 78.83 W, 52, 56 %, 9 %
2025/08/15 12:55:35.749, 76.29 W, 52, 57 %, 9 %
2025/08/15 12:55:36.753, 79.79 W, 52, 55 %, 9 %
2025/08/15 12:55:37.757, 63.93 W, 52, 34 %, 6 %
2025/08/15 12:55:38.761, 74.81 W, 52, 55 %, 9 %
2025/08/15 12:55:39.765, 81.61 W, 52, 56 %, 9 %
2025/08/15 12:55:40.769, 73.36 W, 52, 55 %, 9 %
2025/08/15 12:55:41.772, 76.78 W, 52, 56 %, 9 %
2025/08/15 12:55:42.778, 75.84 W, 52, 57 %, 9 %
2025/08/15 12:55:43.781, 76.82 W, 52, 56 %, 9 %
2025/08/15 12:55:44.785, 77.91 W, 52, 56 %, 9 %
2025/08/15 12:55:45.789, 73.19 W, 52, 55 %, 9 %
2025/08/15 12:55:46.792, 73.88 W, 52, 55 %, 9 %
2025/08/15 12:55:47.796, 79.00 W, 52, 56 %, 9 %
2025/08/15 12:55:48.799, 66.52 W, 52, 31 %, 6 %
2025/08/15 12:55:49.804, 70.22 W, 52, 55 %, 9 %
2025/08/15 12:55:50.807, 79.99 W, 52, 55 %, 9 %
2025/08/15 12:55:51.812, 75.44 W, 52, 56 %, 9 %
2025/08/15 12:55:52.815, 78.58 W, 52, 56 %, 9 %
2025/08/15 12:55:53.818, 72.28 W, 52, 48 %, 8 %
2025/08/15 12:55:54.821, 75.66 W, 52, 53 %, 9 %
2025/08/15 12:55:55.826, 70.46 W, 52, 56 %, 9 %
2025/08/15 12:55:56.832, 76.33 W, 52, 55 %, 9 %
2025/08/15 12:55:57.837, 76.36 W, 52, 55 %, 9 %
2025/08/15 12:55:58.841, 76.39 W, 52, 52 %, 9 %
2025/08/15 12:55:59.845, 63.72 W, 52, 33 %, 6 %
2025/08/15 12:56:00.850, 74.37 W, 52, 57 %, 9 %
2025/08/15 12:56:01.854, 75.84 W, 52, 57 %, 9 %
2025/08/15 12:56:02.857, 72.40 W, 52, 56 %, 9 %
2025/08/15 12:56:03.863, 76.29 W, 52, 54 %, 9 %
2025/08/15 12:56:04.866, 73.49 W, 52, 55 %, 9 %
2025/08/15 12:56:05.870, 73.18 W, 52, 57 %, 9 %
2025/08/15 12:56:06.873, 75.87 W, 52, 54 %, 9 %
2025/08/15 12:56:07.877, 75.40 W, 52, 56 %, 9 %
2025/08/15 12:56:08.882, 77.28 W, 52, 51 %, 8 %
2025/08/15 12:56:09.885, 74.29 W, 52, 55 %, 9 %
2025/08/15 12:56:10.889, 65.44 W, 52, 34 %, 6 %
2025/08/15 12:56:11.894, 72.65 W, 52, 56 %, 9 %
2025/08/15 12:56:12.899, 75.85 W, 52, 55 %, 9 %
2025/08/15 12:56:13.903, 77.38 W, 52, 56 %, 9 %
2025/08/15 12:56:14.907, 75.84 W, 52, 56 %, 9 %
2025/08/15 12:56:15.912, 72.39 W, 52, 57 %, 9 %
2025/08/15 12:56:16.919, 78.06 W, 52, 56 %, 9 %
2025/08/15 12:56:17.923, 74.83 W, 52, 55 %, 9 %
2025/08/15 12:56:18.926, 74.74 W, 52, 51 %, 8 %
2025/08/15 12:56:19.931, 73.87 W, 52, 57 %, 9 %
2025/08/15 12:56:20.937, 79.53 W, 52, 55 %, 9 %
2025/08/15 12:56:21.942, 64.83 W, 52, 33 %, 6 %
2025/08/15 12:56:22.946, 79.22 W, 52, 56 %, 9 %
2025/08/15 12:56:23.950, 76.12 W, 52, 56 %, 9 %
2025/08/15 12:56:24.955, 77.81 W, 52, 57 %, 9 %
2025/08/15 12:56:25.959, 70.22 W, 52, 52 %, 9 %
2025/08/15 12:56:26.963, 74.90 W, 52, 50 %, 8 %
2025/08/15 12:56:27.968, 77.00 W, 52, 56 %, 9 %
2025/08/15 12:56:28.971, 80.07 W, 52, 50 %, 8 %
2025/08/15 12:56:29.976, 76.61 W, 52, 56 %, 9 %
2025/08/15 12:56:30.979, 78.88 W, 52, 56 %, 9 %
2025/08/15 12:56:31.986, 75.97 W, 52, 55 %, 9 %
2025/08/15 12:56:32.991, 66.26 W, 52, 34 %, 6 %
2025/08/15 12:56:33.995, 75.64 W, 52, 53 %, 9 %
2025/08/15 12:56:35.000, 75.85 W, 52, 51 %, 8 %
2025/08/15 12:56:36.004, 79.02 W, 52, 53 %, 9 %
2025/08/15 12:56:37.007, 67.14 W, 52, 53 %, 9 %
2025/08/15 12:56:38.011, 74.90 W, 52, 53 %, 9 %
2025/08/15 12:56:39.015, 76.55 W, 52, 52 %, 9 %
2025/08/15 12:56:40.019, 73.90 W, 52, 52 %, 9 %
2025/08/15 12:56:41.022, 72.92 W, 52, 51 %, 8 %
2025/08/15 12:56:42.026, 74.54 W, 52, 53 %, 9 %
2025/08/15 12:56:43.030, 74.95 W, 52, 53 %, 9 %
2025/08/15 12:56:44.033, 75.16 W, 52, 53 %, 9 %
2025/08/15 12:56:45.038, 75.44 W, 51, 24 %, 4 %
2025/08/15 12:56:46.042, 74.17 W, 52, 55 %, 9 %
2025/08/15 12:56:47.047, 73.70 W, 52, 53 %, 9 %
2025/08/15 12:56:48.053, 76.04 W, 52, 52 %, 9 %
2025/08/15 12:56:49.057, 75.06 W, 52, 53 %, 9 %
2025/08/15 12:56:50.061, 79.43 W, 52, 57 %, 9 %
2025/08/15 12:56:51.066, 79.92 W, 52, 56 %, 9 %
2025/08/15 12:56:52.071, 73.96 W, 52, 55 %, 9 %
2025/08/15 12:56:53.076, 74.47 W, 52, 56 %, 9 %
2025/08/15 12:56:54.080, 73.96 W, 52, 56 %, 9 %
2025/08/15 12:56:55.084, 73.70 W, 52, 56 %, 9 %
2025/08/15 12:56:56.090, 64.25 W, 52, 33 %, 6 %
2025/08/15 12:56:57.094, 79.41 W, 52, 55 %, 9 %
2025/08/15 12:56:58.097, 75.59 W, 52, 54 %, 9 %
2025/08/15 12:56:59.102, 76.38 W, 52, 56 %, 9 %
2025/08/15 12:57:00.108, 77.17 W, 52, 55 %, 9 %
2025/08/15 12:57:01.112, 73.63 W, 52, 55 %, 9 %
2025/08/15 12:57:02.116, 76.80 W, 52, 57 %, 9 %
2025/08/15 12:57:03.121, 74.21 W, 52, 55 %, 9 %
2025/08/15 12:57:04.127, 77.12 W, 52, 56 %, 9 %
2025/08/15 12:57:05.131, 77.81 W, 52, 55 %, 9 %
2025/08/15 12:57:06.136, 77.36 W, 52, 56 %, 9 %
2025/08/15 12:57:07.140, 63.64 W, 52, 33 %, 6 %
2025/08/15 12:57:08.143, 75.65 W, 52, 56 %, 9 %
2025/08/15 12:57:09.147, 75.85 W, 52, 55 %, 9 %
2025/08/15 12:57:10.151, 78.05 W, 52, 56 %, 9 %
2025/08/15 12:57:11.156, 74.65 W, 52, 55 %, 9 %
2025/08/15 12:57:12.161, 77.36 W, 52, 56 %, 9 %
2025/08/15 12:57:13.164, 77.86 W, 52, 55 %, 9 %
2025/08/15 12:57:14.168, 73.52 W, 52, 55 %, 9 %
2025/08/15 12:57:15.174, 74.11 W, 52, 55 %, 9 %
2025/08/15 12:57:16.178, 77.92 W, 52, 55 %, 9 %
2025/08/15 12:57:17.182, 72.25 W, 52, 56 %, 9 %
2025/08/15 12:57:18.187, 64.09 W, 52, 33 %, 6 %
2025/08/15 12:57:19.193, 74.67 W, 52, 56 %, 9 %
2025/08/15 12:57:20.198, 76.87 W, 52, 55 %, 9 %
2025/08/15 12:57:21.202, 73.95 W, 52, 56 %, 9 %
2025/08/15 12:57:22.207, 75.93 W, 52, 55 %, 9 %
2025/08/15 12:57:23.213, 78.80 W, 52, 56 %, 9 %
2025/08/15 12:57:24.217, 73.41 W, 52, 56 %, 9 %
2025/08/15 12:57:25.221, 77.31 W, 52, 55 %, 9 %
2025/08/15 12:57:26.226, 74.85 W, 52, 56 %, 9 %
2025/08/15 12:57:27.229, 78.14 W, 52, 56 %, 9 %
2025/08/15 12:57:28.233, 75.21 W, 52, 56 %, 9 %
2025/08/15 12:57:29.237, 61.46 W, 52, 33 %, 6 %
2025/08/15 12:57:30.241, 74.21 W, 52, 54 %, 9 %
2025/08/15 12:57:31.246, 80.26 W, 52, 56 %, 9 %
2025/08/15 12:57:32.250, 75.15 W, 52, 56 %, 9 %
2025/08/15 12:57:33.254, 74.51 W, 52, 55 %, 9 %
2025/08/15 12:57:34.259, 72.20 W, 52, 55 %, 9 %
2025/08/15 12:57:35.263, 74.63 W, 52, 55 %, 9 %
2025/08/15 12:57:36.267, 75.29 W, 52, 56 %, 9 %
2025/08/15 12:57:37.270, 73.62 W, 52, 56 %, 9 %
2025/08/15 12:57:38.275, 78.44 W, 52, 55 %, 9 %
2025/08/15 12:57:39.279, 71.94 W, 53, 56 %, 9 %
2025/08/15 12:57:40.283, 63.85 W, 52, 33 %, 6 %
2025/08/15 12:57:41.288, 77.39 W, 52, 55 %, 9 %
2025/08/15 12:57:42.292, 72.15 W, 52, 55 %, 9 %
2025/08/15 12:57:43.296, 74.91 W, 52, 55 %, 9 %
2025/08/15 12:57:44.301, 74.70 W, 52, 56 %, 9 %
2025/08/15 12:57:45.305, 75.48 W, 53, 56 %, 9 %
2025/08/15 12:57:46.310, 75.89 W, 53, 54 %, 9 %
2025/08/15 12:57:47.316, 79.18 W, 53, 57 %, 9 %
2025/08/15 12:57:48.319, 77.36 W, 53, 56 %, 9 %
2025/08/15 12:57:49.324, 70.99 W, 53, 56 %, 9 %
2025/08/15 12:57:50.328, 80.03 W, 53, 56 %, 9 %
2025/08/15 12:57:51.336, 65.73 W, 52, 33 %, 6 %
2025/08/15 12:57:52.340, 75.13 W, 53, 56 %, 9 %
2025/08/15 12:57:53.343, 76.83 W, 53, 55 %, 9 %
2025/08/15 12:57:54.347, 71.99 W, 53, 52 %, 9 %
2025/08/15 12:57:55.351, 79.78 W, 53, 56 %, 9 %
2025/08/15 12:57:56.354, 72.45 W, 53, 55 %, 9 %
2025/08/15 12:57:57.358, 71.25 W, 53, 56 %, 9 %
2025/08/15 12:57:58.365, 77.08 W, 53, 56 %, 9 %
2025/08/15 12:57:59.368, 72.08 W, 53, 56 %, 9 %
2025/08/15 12:58:00.371, 80.80 W, 53, 56 %, 9 %
2025/08/15 12:58:01.375, 72.24 W, 53, 53 %, 9 %
2025/08/15 12:58:02.383, 64.34 W, 52, 32 %, 6 %
2025/08/15 12:58:03.386, 77.94 W, 53, 55 %, 9 %
2025/08/15 12:58:04.391, 72.74 W, 53, 56 %, 9 %
2025/08/15 12:58:05.395, 77.62 W, 53, 56 %, 9 %
2025/08/15 12:58:06.401, 74.90 W, 53, 56 %, 9 %
2025/08/15 12:58:07.405, 80.29 W, 53, 55 %, 9 %
2025/08/15 12:58:08.410, 77.84 W, 53, 54 %, 9 %
2025/08/15 12:58:09.414, 75.36 W, 53, 55 %, 9 %
2025/08/15 12:58:10.419, 79.18 W, 53, 56 %, 9 %
2025/08/15 12:58:11.423, 75.19 W, 53, 56 %, 9 %
2025/08/15 12:58:12.428, 74.00 W, 53, 56 %, 9 %
2025/08/15 12:58:13.432, 66.81 W, 52, 34 %, 6 %
2025/08/15 12:58:14.436, 76.38 W, 53, 56 %, 9 %
2025/08/15 12:58:15.440, 71.73 W, 53, 55 %, 9 %
2025/08/15 12:58:16.443, 77.36 W, 53, 55 %, 9 %
2025/08/15 12:58:17.446, 75.43 W, 53, 56 %, 9 %
2025/08/15 12:58:18.451, 77.65 W, 53, 55 %, 9 %
2025/08/15 12:58:19.454, 75.16 W, 53, 56 %, 9 %
2025/08/15 12:58:20.458, 75.34 W, 53, 55 %, 9 %
2025/08/15 12:58:21.462, 78.40 W, 53, 56 %, 9 %
2025/08/15 12:58:22.469, 77.74 W, 53, 55 %, 9 %
2025/08/15 12:58:23.474, 75.16 W, 53, 55 %, 9 %
2025/08/15 12:58:24.478, 63.36 W, 53, 33 %, 6 %
2025/08/15 12:58:25.483, 79.62 W, 53, 56 %, 9 %
2025/08/15 12:58:26.487, 78.84 W, 53, 56 %, 9 %
2025/08/15 12:58:27.491, 80.32 W, 53, 56 %, 9 %
2025/08/15 12:58:28.495, 74.16 W, 53, 55 %, 9 %
2025/08/15 12:58:29.499, 77.70 W, 53, 56 %, 9 %
2025/08/15 12:58:30.506, 75.74 W, 53, 56 %, 9 %
2025/08/15 12:58:31.511, 78.37 W, 53, 56 %, 9 %
2025/08/15 12:58:32.515, 76.82 W, 53, 56 %, 9 %
2025/08/15 12:58:33.518, 77.67 W, 53, 49 %, 8 %
2025/08/15 12:58:34.524, 72.31 W, 53, 54 %, 9 %
2025/08/15 12:58:35.529, 66.02 W, 53, 34 %, 6 %
2025/08/15 12:58:36.533, 73.62 W, 53, 55 %, 9 %
2025/08/15 12:58:37.537, 78.46 W, 53, 56 %, 9 %
2025/08/15 12:58:38.541, 66.86 W, 53, 56 %, 9 %
2025/08/15 12:58:39.545, 75.65 W, 53, 55 %, 9 %
2025/08/15 12:58:40.548, 71.05 W, 53, 55 %, 9 %
2025/08/15 12:58:41.554, 73.91 W, 53, 55 %, 9 %
2025/08/15 12:58:42.559, 80.89 W, 53, 56 %, 9 %
2025/08/15 12:58:43.562, 74.37 W, 53, 56 %, 9 %
2025/08/15 12:58:44.566, 72.19 W, 53, 55 %, 9 %
2025/08/15 12:58:45.574, 76.09 W, 53, 54 %, 9 %
2025/08/15 12:58:46.578, 64.21 W, 53, 33 %, 6 %
2025/08/15 12:58:47.582, 78.54 W, 53, 54 %, 9 %
2025/08/15 12:58:48.585, 76.43 W, 53, 55 %, 9 %
2025/08/15 12:58:49.591, 74.95 W, 53, 50 %, 8 %
2025/08/15 12:58:50.595, 69.04 W, 53, 52 %, 9 %
2025/08/15 12:58:51.598, 77.30 W, 53, 53 %, 9 %
2025/08/15 12:58:52.602, 69.00 W, 53, 51 %, 8 %
2025/08/15 12:58:53.605, 72.08 W, 53, 52 %, 9 %
2025/08/15 12:58:54.611, 73.22 W, 53, 52 %, 8 %
2025/08/15 12:58:55.614, 74.20 W, 53, 53 %, 9 %
2025/08/15 12:58:56.617, 71.34 W, 53, 54 %, 9 %
2025/08/15 12:58:57.622, 77.16 W, 53, 53 %, 9 %
2025/08/15 12:58:58.626, 63.10 W, 52, 31 %, 6 %
2025/08/15 12:58:59.630, 75.59 W, 53, 54 %, 9 %
2025/08/15 12:59:00.634, 72.98 W, 53, 52 %, 9 %
2025/08/15 12:59:01.641, 80.15 W, 53, 53 %, 9 %
2025/08/15 12:59:02.645, 76.86 W, 53, 52 %, 9 %
2025/08/15 12:59:03.649, 73.00 W, 53, 52 %, 9 %
2025/08/15 12:59:04.653, 74.17 W, 53, 51 %, 8 %
2025/08/15 12:59:05.658, 71.53 W, 53, 41 %, 7 %
2025/08/15 12:59:06.662, 78.05 W, 53, 54 %, 9 %
2025/08/15 12:59:07.667, 76.85 W, 53, 55 %, 9 %
2025/08/15 12:59:08.670, 72.14 W, 53, 55 %, 9 %
2025/08/15 12:59:09.678, 63.85 W, 53, 27 %, 5 %
2025/08/15 12:59:10.682, 81.15 W, 53, 56 %, 9 %
2025/08/15 12:59:11.686, 74.37 W, 53, 55 %, 9 %
2025/08/15 12:59:12.691, 79.54 W, 53, 56 %, 9 %
2025/08/15 12:59:13.696, 78.05 W, 53, 54 %, 9 %
2025/08/15 12:59:14.701, 75.87 W, 53, 56 %, 9 %
2025/08/15 12:59:15.705, 80.81 W, 53, 56 %, 9 %
2025/08/15 12:59:16.708, 70.51 W, 53, 55 %, 9 %
2025/08/15 12:59:17.713, 78.34 W, 53, 57 %, 9 %
2025/08/15 12:59:18.718, 72.68 W, 53, 53 %, 9 %
2025/08/15 12:59:19.722, 76.62 W, 53, 56 %, 9 %
2025/08/15 12:59:20.725, 64.59 W, 53, 27 %, 5 %
2025/08/15 12:59:21.730, 78.30 W, 53, 56 %, 9 %
2025/08/15 12:59:22.734, 78.63 W, 53, 55 %, 9 %
2025/08/15 12:59:23.738, 73.88 W, 53, 55 %, 9 %
2025/08/15 12:59:24.744, 71.19 W, 53, 56 %, 9 %
2025/08/15 12:59:25.748, 74.57 W, 53, 55 %, 9 %
2025/08/15 12:59:26.752, 73.87 W, 53, 57 %, 9 %
2025/08/15 12:59:27.757, 78.89 W, 53, 56 %, 9 %
2025/08/15 12:59:28.763, 77.84 W, 53, 51 %, 8 %
2025/08/15 12:59:29.767, 78.58 W, 53, 56 %, 9 %
2025/08/15 12:59:30.771, 73.90 W, 53, 56 %, 9 %
2025/08/15 12:59:31.775, 67.10 W, 53, 29 %, 5 %
2025/08/15 12:59:32.781, 77.17 W, 53, 55 %, 9 %
2025/08/15 12:59:33.785, 75.13 W, 53, 56 %, 9 %
2025/08/15 12:59:34.788, 78.47 W, 53, 57 %, 9 %
2025/08/15 12:59:35.792, 77.07 W, 53, 56 %, 9 %
2025/08/15 12:59:36.796, 73.16 W, 53, 55 %, 9 %
2025/08/15 12:59:37.799, 72.01 W, 53, 51 %, 8 %
2025/08/15 12:59:38.804, 73.42 W, 53, 46 %, 8 %
2025/08/15 12:59:39.808, 76.93 W, 53, 56 %, 9 %
2025/08/15 12:59:40.813, 75.64 W, 53, 55 %, 9 %
2025/08/15 12:59:41.816, 76.33 W, 53, 55 %, 9 %
2025/08/15 12:59:42.820, 64.43 W, 53, 40 %, 7 %
2025/08/15 12:59:43.824, 45.44 W, 52, 0 %, 0 %
2025/08/15 12:59:44.828, 77.87 W, 53, 55 %, 9 %
2025/08/15 12:59:45.832, 73.48 W, 53, 56 %, 9 %
2025/08/15 12:59:46.837, 75.31 W, 53, 56 %, 9 %
2025/08/15 12:59:47.841, 81.31 W, 53, 56 %, 9 %
2025/08/15 12:59:48.848, 73.88 W, 53, 51 %, 8 %
2025/08/15 12:59:49.853, 76.82 W, 53, 54 %, 9 %
2025/08/15 12:59:50.857, 76.27 W, 53, 55 %, 9 %
2025/08/15 12:59:51.861, 78.09 W, 53, 56 %, 9 %
2025/08/15 12:59:52.866, 77.18 W, 53, 56 %, 9 %
2025/08/15 12:59:53.870, 72.92 W, 53, 55 %, 9 %
2025/08/15 12:59:54.875, 64.70 W, 53, 34 %, 6 %
2025/08/15 12:59:55.878, 73.95 W, 53, 55 %, 9 %
2025/08/15 12:59:56.884, 72.97 W, 53, 55 %, 9 %
2025/08/15 12:59:57.888, 72.18 W, 53, 55 %, 9 %
2025/08/15 12:59:58.893, 76.29 W, 53, 51 %, 8 %
2025/08/15 12:59:59.897, 71.99 W, 53, 54 %, 9 %
2025/08/15 13:00:00.903, 76.64 W, 53, 56 %, 9 %
2025/08/15 13:00:01.908, 77.81 W, 53, 56 %, 9 %
2025/08/15 13:00:02.912, 74.00 W, 53, 56 %, 9 %
2025/08/15 13:00:03.916, 74.05 W, 53, 55 %, 9 %
2025/08/15 13:00:04.924, 74.42 W, 53, 56 %, 9 %
2025/08/15 13:00:05.928, 64.55 W, 53, 34 %, 6 %
2025/08/15 13:00:06.932, 75.68 W, 53, 55 %, 9 %
2025/08/15 13:00:07.937, 73.91 W, 53, 55 %, 9 %
2025/08/15 13:00:08.940, 78.16 W, 53, 52 %, 9 %
2025/08/15 13:00:09.944, 72.89 W, 53, 51 %, 8 %
2025/08/15 13:00:10.951, 68.74 W, 53, 52 %, 9 %
2025/08/15 13:00:11.955, 74.70 W, 53, 55 %, 9 %
2025/08/15 13:00:12.959, 75.10 W, 53, 56 %, 9 %
2025/08/15 13:00:13.963, 75.85 W, 53, 55 %, 9 %
2025/08/15 13:00:14.970, 79.63 W, 53, 54 %, 9 %
2025/08/15 13:00:15.974, 76.59 W, 53, 55 %, 9 %
2025/08/15 13:00:16.977, 66.07 W, 53, 34 %, 6 %
2025/08/15 13:00:17.982, 71.45 W, 53, 55 %, 9 %
2025/08/15 13:00:18.988, 77.33 W, 53, 53 %, 9 %
2025/08/15 13:00:19.991, 72.44 W, 53, 54 %, 9 %
2025/08/15 13:00:20.995, 75.21 W, 53, 56 %, 9 %
2025/08/15 13:00:21.999, 79.74 W, 53, 57 %, 9 %
2025/08/15 13:00:23.007, 74.16 W, 53, 56 %, 9 %
2025/08/15 13:00:24.011, 75.16 W, 53, 55 %, 9 %
2025/08/15 13:00:25.016, 78.64 W, 53, 55 %, 9 %
2025/08/15 13:00:26.020, 71.94 W, 53, 56 %, 9 %
2025/08/15 13:00:27.027, 78.76 W, 53, 56 %, 9 %
2025/08/15 13:00:28.030, 66.52 W, 53, 33 %, 6 %
2025/08/15 13:00:29.035, 73.71 W, 53, 55 %, 9 %
2025/08/15 13:00:30.039, 78.65 W, 53, 55 %, 9 %
2025/08/15 13:00:31.043, 75.15 W, 53, 56 %, 9 %
2025/08/15 13:00:32.048, 78.75 W, 53, 56 %, 9 %
2025/08/15 13:00:33.054, 77.36 W, 53, 55 %, 9 %
2025/08/15 13:00:34.059, 76.88 W, 53, 56 %, 9 %
2025/08/15 13:00:35.063, 73.18 W, 53, 55 %, 9 %
2025/08/15 13:00:36.066, 77.98 W, 53, 55 %, 9 %
2025/08/15 13:00:37.074, 76.17 W, 53, 55 %, 9 %
2025/08/15 13:00:38.077, 74.36 W, 53, 54 %, 9 %
2025/08/15 13:00:39.081, 66.28 W, 53, 34 %, 6 %
2025/08/15 13:00:40.085, 78.62 W, 53, 55 %, 9 %
2025/08/15 13:00:41.092, 81.11 W, 53, 54 %, 9 %
2025/08/15 13:00:42.096, 77.07 W, 53, 52 %, 9 %
2025/08/15 13:00:43.100, 74.95 W, 53, 55 %, 9 %
2025/08/15 13:00:44.104, 74.86 W, 53, 55 %, 9 %
2025/08/15 13:00:45.111, 76.62 W, 53, 55 %, 9 %
2025/08/15 13:00:46.115, 72.93 W, 53, 56 %, 9 %
2025/08/15 13:00:47.120, 74.51 W, 53, 56 %, 9 %
2025/08/15 13:00:48.123, 77.82 W, 53, 54 %, 9 %
2025/08/15 13:00:49.130, 81.76 W, 53, 56 %, 9 %
2025/08/15 13:00:50.133, 64.09 W, 53, 34 %, 6 %
2025/08/15 13:00:51.138, 75.55 W, 53, 55 %, 9 %
2025/08/15 13:00:52.143, 79.54 W, 53, 56 %, 9 %
2025/08/15 13:00:53.146, 76.98 W, 53, 55 %, 9 %
2025/08/15 13:00:54.150, 77.55 W, 53, 55 %, 9 %
2025/08/15 13:00:55.155, 76.78 W, 53, 55 %, 9 %
2025/08/15 13:00:56.160, 75.19 W, 53, 56 %, 9 %
2025/08/15 13:00:57.164, 73.71 W, 53, 54 %, 9 %
2025/08/15 13:00:58.168, 78.51 W, 53, 55 %, 9 %
2025/08/15 13:00:59.172, 73.43 W, 53, 56 %, 9 %
2025/08/15 13:01:00.178, 74.90 W, 53, 56 %, 9 %
2025/08/15 13:01:01.181, 67.29 W, 53, 34 %, 6 %
2025/08/15 13:01:02.185, 76.23 W, 53, 55 %, 9 %
2025/08/15 13:01:03.189, 79.28 W, 53, 55 %, 9 %
2025/08/15 13:01:04.193, 80.36 W, 53, 56 %, 9 %
2025/08/15 13:01:05.197, 79.07 W, 53, 55 %, 9 %
2025/08/15 13:01:06.201, 77.28 W, 53, 52 %, 8 %
2025/08/15 13:01:07.205, 72.50 W, 53, 53 %, 9 %
2025/08/15 13:01:08.209, 73.19 W, 53, 51 %, 8 %
2025/08/15 13:01:09.216, 72.22 W, 53, 53 %, 9 %
2025/08/15 13:01:10.220, 76.00 W, 53, 53 %, 9 %
2025/08/15 13:01:11.223, 77.46 W, 53, 52 %, 9 %
2025/08/15 13:01:12.228, 65.82 W, 53, 24 %, 4 %
2025/08/15 13:01:13.231, 69.00 W, 53, 51 %, 8 %
2025/08/15 13:01:14.235, 73.39 W, 53, 46 %, 8 %
2025/08/15 13:01:15.240, 75.63 W, 53, 53 %, 9 %
2025/08/15 13:01:16.247, 72.15 W, 53, 51 %, 8 %
2025/08/15 13:01:17.251, 75.16 W, 53, 53 %, 9 %
2025/08/15 13:01:18.254, 75.00 W, 53, 53 %, 9 %
2025/08/15 13:01:19.259, 70.54 W, 53, 53 %, 9 %
2025/08/15 13:01:20.265, 72.88 W, 53, 52 %, 9 %
2025/08/15 13:01:21.269, 73.37 W, 53, 51 %, 8 %
2025/08/15 13:01:22.274, 73.63 W, 53, 50 %, 8 %
2025/08/15 13:01:23.278, 75.69 W, 53, 54 %, 9 %
2025/08/15 13:01:24.284, 67.83 W, 53, 34 %, 6 %
2025/08/15 13:01:25.288, 71.73 W, 53, 55 %, 9 %
2025/08/15 13:01:26.293, 77.40 W, 53, 56 %, 9 %
2025/08/15 13:01:27.296, 72.96 W, 53, 55 %, 9 %
2025/08/15 13:01:28.303, 81.10 W, 53, 55 %, 9 %
2025/08/15 13:01:29.307, 77.78 W, 53, 55 %, 9 %
2025/08/15 13:01:30.311, 75.54 W, 53, 56 %, 9 %
2025/08/15 13:01:31.315, 72.39 W, 53, 54 %, 9 %
2025/08/15 13:01:32.320, 79.28 W, 53, 55 %, 9 %
2025/08/15 13:01:33.325, 75.70 W, 53, 56 %, 9 %
2025/08/15 13:01:34.328, 74.99 W, 53, 54 %, 9 %
2025/08/15 13:01:35.332, 68.08 W, 53, 34 %, 6 %
2025/08/15 13:01:36.337, 76.18 W, 53, 56 %, 9 %
2025/08/15 13:01:37.341, 78.14 W, 53, 56 %, 9 %
2025/08/15 13:01:38.345, 73.51 W, 53, 56 %, 9 %
2025/08/15 13:01:39.351, 73.67 W, 53, 55 %, 9 %
2025/08/15 13:01:40.355, 81.79 W, 53, 55 %, 9 %
2025/08/15 13:01:41.359, 78.27 W, 53, 56 %, 9 %
2025/08/15 13:01:42.362, 71.40 W, 53, 55 %, 9 %
2025/08/15 13:01:43.369, 77.84 W, 53, 55 %, 9 %
2025/08/15 13:01:44.373, 76.65 W, 53, 56 %, 9 %
2025/08/15 13:01:45.377, 72.98 W, 53, 55 %, 9 %
2025/08/15 13:01:46.380, 64.60 W, 53, 31 %, 6 %
2025/08/15 13:01:47.388, 74.39 W, 53, 55 %, 9 %
2025/08/15 13:01:48.392, 77.89 W, 53, 56 %, 9 %
2025/08/15 13:01:49.397, 72.50 W, 53, 55 %, 9 %
2025/08/15 13:01:50.401, 80.82 W, 53, 56 %, 9 %
2025/08/15 13:01:51.406, 71.99 W, 53, 54 %, 9 %
2025/08/15 13:01:52.410, 79.09 W, 53, 56 %, 9 %
2025/08/15 13:01:53.415, 73.65 W, 53, 56 %, 9 %
2025/08/15 13:01:54.419, 72.68 W, 53, 56 %, 9 %
2025/08/15 13:01:55.425, 73.18 W, 53, 56 %, 9 %
2025/08/15 13:01:56.428, 81.36 W, 53, 56 %, 9 %
2025/08/15 13:01:57.432, 65.04 W, 53, 29 %, 5 %
2025/08/15 13:01:58.436, 79.78 W, 53, 56 %, 9 %
2025/08/15 13:01:59.440, 71.20 W, 53, 55 %, 9 %
2025/08/15 13:02:00.445, 79.07 W, 53, 53 %, 9 %
2025/08/15 13:02:01.448, 72.85 W, 53, 55 %, 9 %
2025/08/15 13:02:02.454, 78.36 W, 53, 56 %, 9 %
2025/08/15 13:02:03.457, 81.88 W, 53, 55 %, 9 %
2025/08/15 13:02:04.461, 71.94 W, 53, 55 %, 9 %
2025/08/15 13:02:05.464, 76.97 W, 53, 56 %, 9 %
2025/08/15 13:02:06.469, 75.60 W, 53, 55 %, 9 %
2025/08/15 13:02:07.472, 77.64 W, 53, 55 %, 9 %
2025/08/15 13:02:08.476, 64.09 W, 53, 32 %, 5 %
2025/08/15 13:02:09.481, 80.24 W, 53, 56 %, 9 %
2025/08/15 13:02:10.485, 72.46 W, 53, 57 %, 9 %
2025/08/15 13:02:11.492, 76.88 W, 53, 56 %, 9 %
2025/08/15 13:02:12.496, 75.40 W, 53, 57 %, 9 %
2025/08/15 13:02:13.501, 81.07 W, 53, 54 %, 9 %
2025/08/15 13:02:14.505, 69.29 W, 53, 56 %, 9 %
2025/08/15 13:02:15.510, 76.34 W, 53, 56 %, 9 %
2025/08/15 13:02:16.513, 73.43 W, 53, 54 %, 9 %
2025/08/15 13:02:17.518, 71.39 W, 53, 55 %, 9 %
2025/08/15 13:02:18.521, 76.46 W, 53, 53 %, 9 %
2025/08/15 13:02:19.525, 64.59 W, 53, 53 %, 8 %
2025/08/15 13:02:20.530, 71.20 W, 53, 54 %, 9 %
2025/08/15 13:02:21.534, 78.70 W, 53, 55 %, 9 %
2025/08/15 13:02:22.540, 74.62 W, 53, 56 %, 9 %
2025/08/15 13:02:23.543, 76.87 W, 53, 56 %, 9 %
2025/08/15 13:02:24.546, 77.33 W, 53, 54 %, 9 %
2025/08/15 13:02:25.550, 75.70 W, 53, 56 %, 9 %
2025/08/15 13:02:26.553, 74.39 W, 53, 55 %, 9 %
2025/08/15 13:02:27.558, 77.45 W, 53, 55 %, 9 %
2025/08/15 13:02:28.562, 78.31 W, 53, 55 %, 9 %
2025/08/15 13:02:29.565, 78.88 W, 53, 55 %, 9 %
2025/08/15 13:02:30.569, 65.13 W, 53, 55 %, 9 %
2025/08/15 13:02:31.576, 76.38 W, 53, 34 %, 5 %
2025/08/15 13:02:32.579, 73.91 W, 53, 55 %, 9 %
2025/08/15 13:02:33.583, 73.81 W, 53, 54 %, 9 %
2025/08/15 13:02:34.587, 76.33 W, 53, 56 %, 9 %
2025/08/15 13:02:35.592, 74.77 W, 53, 54 %, 9 %
2025/08/15 13:02:36.596, 74.11 W, 53, 55 %, 9 %
2025/08/15 13:02:37.601, 76.90 W, 53, 56 %, 9 %
2025/08/15 13:02:38.604, 74.86 W, 53, 55 %, 9 %
2025/08/15 13:02:39.607, 77.45 W, 53, 55 %, 9 %
2025/08/15 13:02:40.611, 76.74 W, 53, 55 %, 9 %
2025/08/15 13:02:41.616, 65.75 W, 53, 56 %, 9 %
2025/08/15 13:02:42.624, 71.66 W, 53, 34 %, 6 %
2025/08/15 13:02:43.628, 75.84 W, 53, 57 %, 9 %
2025/08/15 13:02:44.632, 78.39 W, 53, 55 %, 9 %
2025/08/15 13:02:45.636, 75.43 W, 53, 56 %, 9 %
2025/08/15 13:02:46.640, 75.36 W, 53, 55 %, 9 %
2025/08/15 13:02:47.643, 73.42 W, 53, 57 %, 9 %
2025/08/15 13:02:48.648, 71.45 W, 53, 53 %, 9 %
2025/08/15 13:02:49.652, 80.42 W, 53, 50 %, 8 %
2025/08/15 13:02:50.655, 76.19 W, 53, 53 %, 9 %
2025/08/15 13:02:51.663, 74.89 W, 53, 56 %, 9 %
2025/08/15 13:02:52.666, 52.29 W, 53, 54 %, 9 %
2025/08/15 13:02:53.671, 74.85 W, 53, 54 %, 9 %
2025/08/15 13:02:54.675, 72.97 W, 53, 57 %, 9 %
2025/08/15 13:02:55.681, 71.74 W, 53, 56 %, 9 %
2025/08/15 13:02:56.684, 75.48 W, 53, 56 %, 9 %
2025/08/15 13:02:57.689, 79.18 W, 53, 56 %, 9 %
2025/08/15 13:02:58.692, 65.09 W, 53, 53 %, 9 %
2025/08/15 13:02:59.696, 76.67 W, 53, 57 %, 9 %
2025/08/15 13:03:00.701, 77.03 W, 53, 57 %, 9 %
2025/08/15 13:03:01.705, 75.11 W, 53, 56 %, 9 %
2025/08/15 13:03:02.709, 75.89 W, 53, 55 %, 9 %
2025/08/15 13:03:03.713, 46.87 W, 53, 49 %, 8 %
2025/08/15 13:03:04.717, 70.70 W, 53, 55 %, 9 %
2025/08/15 13:03:05.721, 76.43 W, 53, 56 %, 9 %
2025/08/15 13:03:06.725, 76.25 W, 53, 57 %, 9 %
2025/08/15 13:03:07.728, 78.18 W, 53, 56 %, 9 %
2025/08/15 13:03:08.731, 71.78 W, 53, 51 %, 8 %
2025/08/15 13:03:09.735, 75.74 W, 53, 56 %, 9 %
2025/08/15 13:03:10.739, 74.70 W, 53, 54 %, 9 %
2025/08/15 13:03:11.744, 80.40 W, 53, 55 %, 9 %
2025/08/15 13:03:12.748, 73.96 W, 53, 56 %, 9 %
2025/08/15 13:03:13.751, 77.12 W, 53, 55 %, 9 %
2025/08/15 13:03:14.755, 47.79 W, 53, 56 %, 9 %
2025/08/15 13:03:15.758, 77.57 W, 53, 53 %, 9 %
2025/08/15 13:03:16.762, 77.05 W, 53, 56 %, 9 %
2025/08/15 13:03:17.767, 71.72 W, 53, 55 %, 9 %
2025/08/15 13:03:18.770, 72.00 W, 53, 48 %, 8 %
2025/08/15 13:03:19.774, 80.26 W, 53, 55 %, 9 %
2025/08/15 13:03:20.778, 74.41 W, 53, 55 %, 9 %
2025/08/15 13:03:21.783, 75.18 W, 53, 49 %, 8 %
2025/08/15 13:03:22.786, 70.96 W, 53, 53 %, 9 %
2025/08/15 13:03:23.790, 72.48 W, 53, 53 %, 9 %
2025/08/15 13:03:24.794, 76.36 W, 53, 52 %, 9 %
2025/08/15 13:03:25.797, 73.18 W, 53, 53 %, 9 %
2025/08/15 13:03:26.802, 62.74 W, 53, 32 %, 6 %
2025/08/15 13:03:27.807, 75.18 W, 53, 54 %, 9 %
2025/08/15 13:03:28.813, 72.19 W, 53, 45 %, 7 %
2025/08/15 13:03:29.816, 76.66 W, 53, 52 %, 9 %
2025/08/15 13:03:30.820, 74.11 W, 53, 51 %, 8 %
2025/08/15 13:03:31.824, 73.27 W, 53, 53 %, 9 %
2025/08/15 13:03:32.832, 78.11 W, 53, 53 %, 9 %
2025/08/15 13:03:33.836, 73.91 W, 53, 52 %, 8 %
2025/08/15 13:03:34.841, 75.38 W, 53, 53 %, 9 %
2025/08/15 13:03:35.844, 71.70 W, 53, 54 %, 9 %
2025/08/15 13:03:36.850, 76.72 W, 53, 53 %, 9 %
2025/08/15 13:03:37.855, 65.03 W, 53, 29 %, 5 %
2025/08/15 13:03:38.858, 71.78 W, 53, 46 %, 8 %
2025/08/15 13:03:39.861, 79.09 W, 53, 55 %, 9 %
2025/08/15 13:03:40.865, 76.47 W, 53, 55 %, 9 %
2025/08/15 13:03:41.869, 81.39 W, 53, 55 %, 9 %
2025/08/15 13:03:42.873, 74.90 W, 53, 54 %, 9 %
2025/08/15 13:03:43.877, 74.41 W, 53, 56 %, 9 %
2025/08/15 13:03:44.881, 74.90 W, 53, 55 %, 9 %
2025/08/15 13:03:45.887, 75.59 W, 53, 56 %, 9 %
2025/08/15 13:03:46.891, 82.03 W, 53, 55 %, 9 %
2025/08/15 13:03:47.895, 73.13 W, 53, 55 %, 9 %
2025/08/15 13:03:48.900, 74.21 W, 53, 50 %, 8 %
2025/08/15 13:03:49.904, 75.17 W, 53, 33 %, 5 %
2025/08/15 13:03:50.907, 77.17 W, 53, 55 %, 9 %
2025/08/15 13:03:51.912, 77.86 W, 53, 55 %, 9 %
2025/08/15 13:03:52.918, 81.39 W, 53, 55 %, 9 %
2025/08/15 13:03:53.922, 72.68 W, 53, 56 %, 9 %
2025/08/15 13:03:54.926, 75.49 W, 53, 53 %, 9 %
2025/08/15 13:03:55.930, 76.62 W, 53, 55 %, 9 %
2025/08/15 13:03:56.936, 74.41 W, 53, 56 %, 9 %
2025/08/15 13:03:57.940, 78.01 W, 53, 54 %, 9 %
2025/08/15 13:03:58.944, 71.91 W, 53, 53 %, 9 %
2025/08/15 13:03:59.947, 73.71 W, 53, 54 %, 9 %
2025/08/15 13:04:00.955, 48.13 W, 53, 33 %, 6 %
2025/08/15 13:04:01.959, 77.76 W, 53, 56 %, 9 %
2025/08/15 13:04:02.962, 77.82 W, 53, 56 %, 9 %
2025/08/15 13:04:03.966, 77.32 W, 53, 55 %, 9 %
2025/08/15 13:04:04.971, 77.12 W, 53, 54 %, 9 %
2025/08/15 13:04:05.974, 76.17 W, 53, 55 %, 9 %
2025/08/15 13:04:06.977, 74.51 W, 53, 55 %, 9 %
2025/08/15 13:04:07.981, 79.43 W, 53, 57 %, 9 %
2025/08/15 13:04:08.985, 74.90 W, 53, 55 %, 9 %
2025/08/15 13:04:09.989, 78.54 W, 53, 55 %, 9 %
2025/08/15 13:04:10.993, 75.13 W, 53, 55 %, 9 %
2025/08/15 13:04:11.998, 65.48 W, 53, 33 %, 6 %
2025/08/15 13:04:13.003, 79.74 W, 53, 56 %, 9 %
2025/08/15 13:04:14.007, 79.59 W, 53, 55 %, 9 %
2025/08/15 13:04:15.011, 76.53 W, 53, 57 %, 9 %
2025/08/15 13:04:16.015, 74.21 W, 53, 55 %, 9 %
2025/08/15 13:04:17.021, 71.25 W, 53, 56 %, 9 %
2025/08/15 13:04:18.026, 75.64 W, 54, 56 %, 9 %
2025/08/15 13:04:19.030, 78.80 W, 53, 56 %, 9 %
2025/08/15 13:04:20.034, 76.13 W, 53, 55 %, 9 %
2025/08/15 13:04:21.040, 74.64 W, 53, 55 %, 9 %
2025/08/15 13:04:22.044, 77.12 W, 53, 55 %, 9 %
2025/08/15 13:04:23.049, 64.80 W, 53, 33 %, 6 %
2025/08/15 13:04:24.052, 74.23 W, 53, 56 %, 9 %
2025/08/15 13:04:25.059, 78.84 W, 53, 55 %, 9 %
2025/08/15 13:04:26.062, 78.99 W, 53, 55 %, 9 %
2025/08/15 13:04:27.067, 71.98 W, 53, 53 %, 9 %
2025/08/15 13:04:28.071, 73.96 W, 53, 55 %, 9 %
2025/08/15 13:04:29.077, 80.84 W, 53, 54 %, 9 %
2025/08/15 13:04:30.082, 75.01 W, 53, 56 %, 9 %
2025/08/15 13:04:31.086, 76.97 W, 53, 56 %, 9 %
2025/08/15 13:04:32.090, 80.77 W, 53, 56 %, 9 %
2025/08/15 13:04:33.094, 77.61 W, 53, 55 %, 9 %
2025/08/15 13:04:34.099, 65.90 W, 53, 34 %, 6 %
2025/08/15 13:04:35.103, 77.81 W, 53, 55 %, 9 %
2025/08/15 13:04:36.106, 78.39 W, 53, 56 %, 9 %
2025/08/15 13:04:37.111, 76.33 W, 53, 55 %, 9 %
2025/08/15 13:04:38.115, 74.41 W, 53, 56 %, 9 %
2025/08/15 13:04:39.119, 76.39 W, 53, 55 %, 9 %
2025/08/15 13:04:40.125, 69.69 W, 53, 53 %, 9 %
2025/08/15 13:04:41.129, 73.43 W, 53, 54 %, 9 %
2025/08/15 13:04:42.133, 75.65 W, 53, 55 %, 9 %
2025/08/15 13:04:43.137, 75.69 W, 53, 56 %, 9 %
2025/08/15 13:04:44.144, 79.87 W, 53, 57 %, 9 %
2025/08/15 13:04:45.148, 65.08 W, 53, 34 %, 6 %
2025/08/15 13:04:46.153, 45.16 W, 52, 0 %, 0 %
2025/08/15 13:04:47.156, 44.92 W, 52, 0 %, 0 %
2025/08/15 13:04:48.162, 39.00 W, 52, 0 %, 0 %
2025/08/15 13:04:49.165, 38.99 W, 51, 0 %, 0 %
2025/08/15 13:04:50.169, 38.92 W, 51, 0 %, 0 %
2025/08/15 13:04:51.172, 39.24 W, 51, 0 %, 0 %
2025/08/15 13:04:52.175, 38.77 W, 51, 0 %, 0 %
2025/08/15 13:04:53.180, 38.77 W, 51, 0 %, 0 %
2025/08/15 13:04:54.183, 38.77 W, 51, 0 %, 0 %
2025/08/15 13:04:55.187, 73.81 W, 51, 58 %, 10 %
2025/08/15 13:04:56.192, 76.62 W, 52, 55 %, 9 %
2025/08/15 13:04:57.196, 73.67 W, 52, 55 %, 9 %
2025/08/15 13:04:58.201, 71.98 W, 52, 52 %, 8 %
2025/08/15 13:04:59.205, 70.95 W, 52, 51 %, 8 %
2025/08/15 13:05:00.208, 76.85 W, 52, 54 %, 9 %
2025/08/15 13:05:01.213, 77.03 W, 52, 54 %, 9 %
2025/08/15 13:05:02.219, 75.63 W, 52, 56 %, 9 %
2025/08/15 13:05:03.223, 78.97 W, 52, 55 %, 9 %
2025/08/15 13:05:04.227, 81.69 W, 52, 57 %, 9 %
2025/08/15 13:05:05.230, 73.90 W, 52, 54 %, 9 %
2025/08/15 13:05:06.238, 75.53 W, 52, 44 %, 7 %
2025/08/15 13:05:07.241, 76.30 W, 52, 54 %, 9 %
2025/08/15 13:05:08.245, 70.71 W, 52, 56 %, 9 %
2025/08/15 13:05:09.249, 72.73 W, 52, 52 %, 9 %
2025/08/15 13:05:10.256, 75.77 W, 52, 56 %, 9 %
2025/08/15 13:05:11.259, 78.79 W, 52, 55 %, 9 %
2025/08/15 13:05:12.264, 73.63 W, 52, 55 %, 9 %
2025/08/15 13:05:13.268, 77.45 W, 52, 55 %, 9 %
2025/08/15 13:05:14.272, 77.08 W, 52, 54 %, 9 %
2025/08/15 13:05:15.277, 78.79 W, 52, 54 %, 9 %
2025/08/15 13:05:16.281, 76.87 W, 52, 54 %, 9 %
2025/08/15 13:05:17.287, 73.82 W, 52, 26 %, 4 %
2025/08/15 13:05:18.291, 76.88 W, 52, 54 %, 9 %
2025/08/15 13:05:19.295, 74.95 W, 53, 55 %, 9 %
2025/08/15 13:05:20.298, 76.42 W, 52, 53 %, 9 %
2025/08/15 13:05:21.304, 78.60 W, 52, 53 %, 9 %
2025/08/15 13:05:22.307, 76.24 W, 53, 56 %, 9 %
2025/08/15 13:05:23.311, 74.62 W, 53, 55 %, 9 %
2025/08/15 13:05:24.314, 77.07 W, 53, 55 %, 9 %
2025/08/15 13:05:25.319, 74.05 W, 53, 55 %, 9 %
2025/08/15 13:05:26.322, 71.65 W, 53, 55 %, 9 %
2025/08/15 13:05:27.327, 78.10 W, 53, 55 %, 9 %
2025/08/15 13:05:28.331, 64.62 W, 52, 34 %, 6 %
2025/08/15 13:05:29.336, 76.36 W, 53, 56 %, 9 %
2025/08/15 13:05:30.342, 70.45 W, 52, 48 %, 8 %
2025/08/15 13:05:31.345, 72.14 W, 52, 52 %, 8 %
2025/08/15 13:05:32.350, 76.18 W, 53, 56 %, 9 %
2025/08/15 13:05:33.353, 73.70 W, 53, 56 %, 9 %
2025/08/15 13:05:34.359, 71.00 W, 53, 55 %, 9 %
2025/08/15 13:05:35.364, 75.44 W, 53, 55 %, 9 %
2025/08/15 13:05:36.368, 75.74 W, 53, 56 %, 9 %
2025/08/15 13:05:37.373, 75.39 W, 53, 55 %, 9 %
2025/08/15 13:05:38.377, 74.62 W, 53, 57 %, 9 %
2025/08/15 13:05:39.380, 64.59 W, 52, 34 %, 6 %
2025/08/15 13:05:40.385, 75.89 W, 53, 53 %, 9 %
2025/08/15 13:05:41.390, 72.81 W, 53, 52 %, 8 %
2025/08/15 13:05:42.395, 73.90 W, 53, 53 %, 9 %
2025/08/15 13:05:43.399, 72.14 W, 53, 53 %, 9 %
2025/08/15 13:05:44.402, 72.93 W, 53, 51 %, 8 %
2025/08/15 13:05:45.409, 72.74 W, 53, 52 %, 9 %
2025/08/15 13:05:46.412, 78.97 W, 53, 53 %, 9 %
2025/08/15 13:05:47.417, 79.62 W, 53, 52 %, 9 %
2025/08/15 13:05:48.421, 72.42 W, 53, 52 %, 9 %
2025/08/15 13:05:49.428, 71.70 W, 53, 52 %, 8 %
2025/08/15 13:05:50.432, 73.67 W, 53, 52 %, 9 %
2025/08/15 13:05:51.436, 75.70 W, 52, 18 %, 3 %
2025/08/15 13:05:52.441, 73.58 W, 53, 54 %, 9 %
2025/08/15 13:05:53.446, 72.39 W, 53, 52 %, 9 %
2025/08/15 13:05:54.451, 76.03 W, 53, 53 %, 9 %
2025/08/15 13:05:55.454, 75.38 W, 53, 51 %, 8 %
2025/08/15 13:05:56.460, 73.11 W, 53, 50 %, 8 %
2025/08/15 13:05:57.464, 77.81 W, 52, 55 %, 9 %
2025/08/15 13:05:58.468, 72.39 W, 53, 55 %, 9 %
2025/08/15 13:05:59.473, 78.89 W, 53, 55 %, 9 %
2025/08/15 13:06:00.477, 71.53 W, 53, 56 %, 9 %
2025/08/15 13:06:01.481, 75.87 W, 53, 56 %, 9 %
2025/08/15 13:06:02.486, 61.81 W, 52, 31 %, 6 %
2025/08/15 13:06:03.490, 76.82 W, 53, 53 %, 9 %
2025/08/15 13:06:04.495, 76.62 W, 53, 55 %, 9 %
2025/08/15 13:06:05.500, 76.93 W, 53, 55 %, 9 %
2025/08/15 13:06:06.504, 79.09 W, 53, 55 %, 9 %
2025/08/15 13:06:07.508, 74.44 W, 53, 55 %, 9 %
2025/08/15 13:06:08.514, 74.61 W, 53, 55 %, 9 %
2025/08/15 13:06:09.518, 73.48 W, 53, 54 %, 9 %
2025/08/15 13:06:10.522, 78.84 W, 53, 56 %, 9 %
2025/08/15 13:06:11.526, 72.94 W, 53, 54 %, 9 %
2025/08/15 13:06:12.532, 77.31 W, 53, 56 %, 9 %
2025/08/15 13:06:13.535, 64.59 W, 52, 34 %, 6 %
2025/08/15 13:06:14.540, 80.35 W, 53, 56 %, 9 %
2025/08/15 13:06:15.544, 70.22 W, 53, 56 %, 9 %
2025/08/15 13:06:16.551, 76.12 W, 53, 55 %, 9 %
2025/08/15 13:06:17.556, 79.14 W, 53, 57 %, 9 %
2025/08/15 13:06:18.560, 71.11 W, 53, 55 %, 9 %
2025/08/15 13:06:19.564, 77.35 W, 53, 57 %, 9 %
2025/08/15 13:06:20.569, 76.87 W, 53, 53 %, 9 %
2025/08/15 13:06:21.575, 75.69 W, 53, 55 %, 9 %
2025/08/15 13:06:22.579, 78.74 W, 53, 56 %, 9 %
2025/08/15 13:06:23.584, 76.18 W, 53, 54 %, 9 %
2025/08/15 13:06:24.587, 66.77 W, 53, 34 %, 6 %
2025/08/15 13:06:25.591, 74.84 W, 53, 56 %, 9 %
2025/08/15 13:06:26.596, 74.21 W, 53, 56 %, 9 %
2025/08/15 13:06:27.599, 77.84 W, 53, 55 %, 9 %
2025/08/15 13:06:28.604, 79.48 W, 53, 54 %, 9 %
2025/08/15 13:06:29.608, 73.18 W, 53, 54 %, 9 %
2025/08/15 13:06:30.613, 78.30 W, 53, 55 %, 9 %
2025/08/15 13:06:31.617, 75.10 W, 53, 55 %, 9 %
2025/08/15 13:06:32.621, 80.43 W, 53, 56 %, 9 %
2025/08/15 13:06:33.626, 75.10 W, 53, 55 %, 9 %
2025/08/15 13:06:34.630, 71.42 W, 53, 49 %, 8 %
2025/08/15 13:06:35.636, 67.29 W, 52, 33 %, 6 %
2025/08/15 13:06:36.641, 77.12 W, 53, 55 %, 9 %
2025/08/15 13:06:37.644, 74.85 W, 53, 56 %, 9 %
2025/08/15 13:06:38.647, 78.26 W, 53, 55 %, 9 %
2025/08/15 13:06:39.652, 75.92 W, 53, 55 %, 9 %
2025/08/15 13:06:40.656, 76.72 W, 53, 56 %, 9 %
2025/08/15 13:06:41.660, 76.86 W, 53, 56 %, 9 %
2025/08/15 13:06:42.665, 77.18 W, 53, 56 %, 9 %
2025/08/15 13:06:43.669, 78.35 W, 53, 57 %, 9 %
2025/08/15 13:06:44.672, 75.15 W, 53, 56 %, 9 %
2025/08/15 13:06:45.676, 78.09 W, 53, 55 %, 9 %
2025/08/15 13:06:46.681, 65.68 W, 53, 34 %, 6 %
2025/08/15 13:06:47.685, 76.14 W, 53, 56 %, 9 %
2025/08/15 13:06:48.690, 71.53 W, 53, 56 %, 9 %
2025/08/15 13:06:49.694, 76.14 W, 53, 55 %, 9 %
2025/08/15 13:06:50.697, 76.83 W, 53, 56 %, 9 %
2025/08/15 13:06:51.703, 75.54 W, 53, 55 %, 9 %
2025/08/15 13:06:52.708, 81.10 W, 53, 55 %, 9 %
2025/08/15 13:06:53.712, 80.32 W, 53, 56 %, 9 %
2025/08/15 13:06:54.715, 76.39 W, 53, 54 %, 9 %
2025/08/15 13:06:55.722, 78.20 W, 53, 56 %, 9 %
2025/08/15 13:06:56.726, 77.86 W, 53, 55 %, 9 %
2025/08/15 13:06:57.731, 64.13 W, 53, 33 %, 6 %
2025/08/15 13:06:58.736, 74.23 W, 53, 52 %, 8 %
2025/08/15 13:06:59.741, 75.38 W, 53, 56 %, 9 %
2025/08/15 13:07:00.745, 78.58 W, 53, 56 %, 9 %
2025/08/15 13:07:01.749, 76.08 W, 53, 54 %, 9 %
2025/08/15 13:07:02.753, 75.90 W, 53, 56 %, 9 %
2025/08/15 13:07:03.758, 80.79 W, 53, 57 %, 9 %
2025/08/15 13:07:04.762, 75.40 W, 53, 54 %, 9 %
2025/08/15 13:07:05.765, 78.84 W, 53, 56 %, 9 %
2025/08/15 13:07:06.770, 72.28 W, 53, 54 %, 9 %
2025/08/15 13:07:07.774, 74.90 W, 53, 56 %, 9 %
2025/08/15 13:07:08.779, 64.58 W, 53, 31 %, 6 %
2025/08/15 13:07:09.783, 77.18 W, 53, 56 %, 9 %
2025/08/15 13:07:10.790, 71.70 W, 53, 55 %, 9 %
2025/08/15 13:07:11.793, 79.37 W, 53, 56 %, 9 %
2025/08/15 13:07:12.796, 74.36 W, 53, 54 %, 9 %
2025/08/15 13:07:13.799, 76.06 W, 53, 56 %, 9 %
2025/08/15 13:07:14.804, 74.46 W, 53, 55 %, 9 %
2025/08/15 13:07:15.808, 76.56 W, 53, 55 %, 9 %
2025/08/15 13:07:16.811, 76.67 W, 53, 55 %, 9 %
2025/08/15 13:07:17.816, 75.84 W, 53, 55 %, 9 %
2025/08/15 13:07:18.820, 76.23 W, 53, 51 %, 8 %
2025/08/15 13:07:19.826, 65.61 W, 53, 28 %, 5 %
2025/08/15 13:07:20.830, 73.22 W, 53, 54 %, 9 %
2025/08/15 13:07:21.834, 75.85 W, 53, 55 %, 9 %
2025/08/15 13:07:22.838, 79.46 W, 53, 56 %, 9 %
2025/08/15 13:07:23.845, 76.34 W, 53, 56 %, 9 %
2025/08/15 13:07:24.849, 77.10 W, 53, 56 %, 9 %
2025/08/15 13:07:25.853, 79.28 W, 53, 54 %, 9 %
2025/08/15 13:07:26.857, 74.80 W, 53, 54 %, 9 %
2025/08/15 13:07:27.862, 77.10 W, 53, 55 %, 9 %
2025/08/15 13:07:28.866, 73.68 W, 53, 51 %, 8 %
2025/08/15 13:07:29.870, 71.50 W, 53, 54 %, 9 %
2025/08/15 13:07:30.875, 63.39 W, 53, 31 %, 5 %
2025/08/15 13:07:31.879, 75.92 W, 53, 55 %, 9 %
2025/08/15 13:07:32.884, 79.78 W, 53, 55 %, 9 %
2025/08/15 13:07:33.888, 74.37 W, 53, 56 %, 9 %
2025/08/15 13:07:34.894, 78.10 W, 53, 56 %, 9 %
2025/08/15 13:07:35.898, 75.75 W, 53, 56 %, 9 %
2025/08/15 13:07:36.903, 77.31 W, 53, 56 %, 9 %
2025/08/15 13:07:37.907, 73.87 W, 53, 53 %, 9 %
2025/08/15 13:07:38.913, 71.97 W, 53, 50 %, 8 %
2025/08/15 13:07:39.917, 81.63 W, 53, 55 %, 9 %
2025/08/15 13:07:40.921, 73.96 W, 53, 55 %, 9 %
2025/08/15 13:07:41.926, 64.59 W, 53, 42 %, 7 %
2025/08/15 13:07:42.931, 76.18 W, 53, 53 %, 9 %
2025/08/15 13:07:43.935, 70.25 W, 53, 56 %, 9 %
2025/08/15 13:07:44.940, 74.61 W, 53, 56 %, 9 %
2025/08/15 13:07:45.944, 72.82 W, 53, 55 %, 9 %
2025/08/15 13:07:46.950, 80.36 W, 53, 56 %, 9 %
2025/08/15 13:07:47.954, 74.21 W, 53, 55 %, 9 %
2025/08/15 13:07:48.958, 72.39 W, 53, 56 %, 9 %
2025/08/15 13:07:49.962, 75.64 W, 53, 56 %, 9 %
2025/08/15 13:07:50.966, 76.08 W, 53, 55 %, 9 %
2025/08/15 13:07:51.971, 74.37 W, 53, 55 %, 9 %
2025/08/15 13:07:52.974, 62.95 W, 53, 55 %, 9 %
2025/08/15 13:07:53.979, 79.74 W, 53, 55 %, 9 %
2025/08/15 13:07:54.983, 76.87 W, 53, 56 %, 9 %
2025/08/15 13:07:55.986, 73.47 W, 53, 54 %, 9 %
2025/08/15 13:07:56.989, 71.74 W, 53, 53 %, 9 %
2025/08/15 13:07:57.994, 73.16 W, 53, 53 %, 9 %
2025/08/15 13:07:58.998, 70.22 W, 53, 53 %, 9 %
2025/08/15 13:08:00.002, 75.85 W, 53, 51 %, 8 %
2025/08/15 13:08:01.006, 73.46 W, 53, 52 %, 9 %
2025/08/15 13:08:02.010, 75.89 W, 53, 53 %, 9 %
2025/08/15 13:08:03.016, 71.42 W, 53, 52 %, 8 %
2025/08/15 13:08:04.019, 75.48 W, 53, 54 %, 9 %
2025/08/15 13:08:05.023, 63.32 W, 53, 32 %, 6 %
2025/08/15 13:08:06.026, 79.98 W, 53, 52 %, 8 %
2025/08/15 13:08:07.031, 73.36 W, 53, 52 %, 9 %
2025/08/15 13:08:08.035, 71.99 W, 53, 52 %, 8 %
2025/08/15 13:08:09.039, 76.57 W, 53, 53 %, 9 %
2025/08/15 13:08:10.044, 70.54 W, 53, 45 %, 7 %
2025/08/15 13:08:11.049, 69.27 W, 53, 53 %, 9 %
2025/08/15 13:08:12.053, 72.42 W, 53, 51 %, 8 %
2025/08/15 13:08:13.060, 75.92 W, 53, 51 %, 8 %
2025/08/15 13:08:14.063, 71.42 W, 53, 56 %, 9 %
2025/08/15 13:08:15.068, 78.84 W, 53, 55 %, 9 %
2025/08/15 13:08:16.071, 78.62 W, 53, 56 %, 9 %
2025/08/15 13:08:17.075, 76.76 W, 53, 21 %, 4 %
2025/08/15 13:08:18.079, 79.58 W, 53, 55 %, 9 %
2025/08/15 13:08:19.083, 76.82 W, 53, 56 %, 9 %
2025/08/15 13:08:20.086, 75.68 W, 53, 55 %, 9 %
2025/08/15 13:08:21.090, 75.25 W, 53, 53 %, 9 %
2025/08/15 13:08:22.093, 81.27 W, 53, 56 %, 9 %
2025/08/15 13:08:23.097, 75.15 W, 53, 55 %, 9 %
2025/08/15 13:08:24.102, 75.84 W, 53, 56 %, 9 %
2025/08/15 13:08:25.106, 74.44 W, 53, 55 %, 9 %
2025/08/15 13:08:26.110, 75.34 W, 53, 55 %, 9 %
2025/08/15 13:08:27.113, 80.32 W, 53, 56 %, 9 %
2025/08/15 13:08:28.119, 75.15 W, 53, 29 %, 5 %
2025/08/15 13:08:29.123, 81.38 W, 53, 57 %, 9 %
2025/08/15 13:08:30.128, 72.64 W, 53, 54 %, 9 %
2025/08/15 13:08:31.133, 75.63 W, 53, 56 %, 9 %
2025/08/15 13:08:32.139, 77.40 W, 53, 55 %, 9 %
2025/08/15 13:08:33.143, 76.92 W, 53, 55 %, 9 %
2025/08/15 13:08:34.147, 76.83 W, 53, 55 %, 9 %
2025/08/15 13:08:35.152, 75.18 W, 53, 56 %, 9 %
2025/08/15 13:08:36.156, 81.10 W, 53, 55 %, 9 %
2025/08/15 13:08:37.159, 75.39 W, 53, 55 %, 9 %
2025/08/15 13:08:38.163, 79.43 W, 53, 56 %, 9 %
2025/08/15 13:08:39.169, 72.82 W, 53, 34 %, 6 %
2025/08/15 13:08:40.173, 73.67 W, 53, 57 %, 9 %
2025/08/15 13:08:41.177, 73.87 W, 53, 56 %, 9 %
2025/08/15 13:08:42.182, 77.79 W, 53, 56 %, 9 %
2025/08/15 13:08:43.186, 72.03 W, 53, 50 %, 8 %
2025/08/15 13:08:44.190, 77.56 W, 53, 56 %, 9 %
2025/08/15 13:08:45.195, 79.04 W, 53, 56 %, 9 %
2025/08/15 13:08:46.198, 75.31 W, 53, 56 %, 9 %
2025/08/15 13:08:47.206, 75.05 W, 53, 56 %, 9 %
2025/08/15 13:08:48.210, 77.82 W, 53, 56 %, 9 %
2025/08/15 13:08:49.214, 74.95 W, 53, 57 %, 9 %
2025/08/15 13:08:50.218, 45.94 W, 53, 34 %, 6 %
2025/08/15 13:08:51.224, 81.06 W, 53, 55 %, 9 %
2025/08/15 13:08:52.228, 79.54 W, 53, 56 %, 9 %
2025/08/15 13:08:53.232, 80.35 W, 53, 57 %, 9 %
2025/08/15 13:08:54.236, 76.62 W, 53, 56 %, 9 %
2025/08/15 13:08:55.243, 78.06 W, 53, 57 %, 9 %
2025/08/15 13:08:56.247, 73.67 W, 53, 56 %, 9 %
2025/08/15 13:08:57.251, 75.55 W, 53, 56 %, 9 %
2025/08/15 13:08:58.255, 76.57 W, 53, 57 %, 9 %
2025/08/15 13:08:59.260, 77.07 W, 53, 57 %, 9 %
2025/08/15 13:09:00.264, 73.93 W, 53, 56 %, 9 %
2025/08/15 13:09:01.267, 70.54 W, 53, 32 %, 6 %
2025/08/15 13:09:02.273, 74.42 W, 53, 53 %, 9 %
2025/08/15 13:09:03.278, 72.44 W, 53, 54 %, 9 %
2025/08/15 13:09:04.282, 74.90 W, 53, 54 %, 9 %
2025/08/15 13:09:05.286, 70.71 W, 53, 53 %, 9 %
2025/08/15 13:09:06.292, 73.95 W, 53, 53 %, 9 %
2025/08/15 13:09:07.297, 71.73 W, 53, 53 %, 9 %
2025/08/15 13:09:08.301, 78.26 W, 53, 54 %, 9 %
2025/08/15 13:09:09.304, 73.62 W, 53, 53 %, 9 %
2025/08/15 13:09:10.309, 73.96 W, 53, 51 %, 8 %
2025/08/15 13:09:11.312, 73.37 W, 53, 53 %, 9 %
2025/08/15 13:09:12.316, 63.32 W, 53, 33 %, 6 %
2025/08/15 13:09:13.319, 75.10 W, 53, 54 %, 9 %
2025/08/15 13:09:14.323, 72.18 W, 53, 53 %, 9 %
2025/08/15 13:09:15.329, 69.52 W, 53, 51 %, 8 %
2025/08/15 13:09:16.333, 73.96 W, 53, 54 %, 9 %
2025/08/15 13:09:17.337, 78.14 W, 53, 51 %, 8 %
2025/08/15 13:09:18.341, 72.44 W, 53, 52 %, 8 %
2025/08/15 13:09:19.344, 79.09 W, 53, 53 %, 9 %
2025/08/15 13:09:20.347, 79.17 W, 53, 54 %, 9 %
2025/08/15 13:09:21.352, 73.63 W, 53, 51 %, 8 %
2025/08/15 13:09:22.358, 78.06 W, 53, 52 %, 8 %
2025/08/15 13:09:23.362, 74.41 W, 53, 52 %, 8 %
2025/08/15 13:09:24.366, 62.62 W, 53, 31 %, 6 %
2025/08/15 13:09:25.370, 75.48 W, 53, 53 %, 9 %
2025/08/15 13:09:26.377, 73.19 W, 53, 52 %, 9 %
2025/08/15 13:09:27.381, 69.50 W, 53, 53 %, 9 %
2025/08/15 13:09:28.386, 78.34 W, 53, 52 %, 9 %
2025/08/15 13:09:29.390, 75.89 W, 53, 54 %, 9 %
2025/08/15 13:09:30.394, 77.86 W, 53, 55 %, 9 %
2025/08/15 13:09:31.399, 74.43 W, 53, 51 %, 8 %
2025/08/15 13:09:32.402, 77.07 W, 53, 54 %, 9 %
2025/08/15 13:09:33.407, 74.94 W, 53, 51 %, 8 %
2025/08/15 13:09:34.414, 74.70 W, 53, 52 %, 9 %
2025/08/15 13:09:35.417, 62.90 W, 53, 24 %, 4 %
2025/08/15 13:09:36.421, 73.00 W, 53, 53 %, 9 %
2025/08/15 13:09:37.425, 75.64 W, 53, 53 %, 9 %
2025/08/15 13:09:38.432, 72.93 W, 53, 55 %, 9 %
2025/08/15 13:09:39.435, 79.59 W, 53, 53 %, 9 %
2025/08/15 13:09:40.439, 75.43 W, 53, 55 %, 9 %
2025/08/15 13:09:41.443, 69.97 W, 53, 53 %, 9 %
2025/08/15 13:09:42.447, 74.65 W, 53, 55 %, 9 %
2025/08/15 13:09:43.450, 74.90 W, 53, 53 %, 9 %
2025/08/15 13:09:44.454, 73.94 W, 53, 55 %, 9 %
2025/08/15 13:09:45.458, 75.15 W, 53, 55 %, 9 %
2025/08/15 13:09:46.464, 77.60 W, 53, 49 %, 8 %
2025/08/15 13:09:47.468, 64.77 W, 53, 31 %, 6 %
2025/08/15 13:09:48.472, 74.21 W, 53, 52 %, 9 %
2025/08/15 13:09:49.476, 71.49 W, 53, 54 %, 9 %
2025/08/15 13:09:50.481, 69.52 W, 53, 53 %, 9 %
2025/08/15 13:09:51.484, 74.62 W, 53, 54 %, 9 %
2025/08/15 13:09:52.488, 73.39 W, 53, 52 %, 9 %
2025/08/15 13:09:53.492, 71.44 W, 53, 53 %, 9 %
2025/08/15 13:09:54.496, 74.16 W, 53, 54 %, 9 %
2025/08/15 13:09:55.501, 71.20 W, 53, 54 %, 9 %
2025/08/15 13:09:56.505, 77.03 W, 53, 55 %, 9 %
2025/08/15 13:09:57.510, 73.62 W, 53, 54 %, 9 %
2025/08/15 13:09:58.514, 66.60 W, 53, 33 %, 6 %
2025/08/15 13:09:59.518, 72.20 W, 53, 55 %, 9 %
2025/08/15 13:10:00.522, 72.69 W, 53, 55 %, 9 %
2025/08/15 13:10:01.527, 78.82 W, 53, 55 %, 9 %
2025/08/15 13:10:02.531, 69.94 W, 53, 55 %, 9 %
2025/08/15 13:10:03.535, 69.01 W, 53, 53 %, 9 %
2025/08/15 13:10:04.539, 72.15 W, 53, 54 %, 9 %
2025/08/15 13:10:05.544, 75.89 W, 53, 53 %, 9 %
2025/08/15 13:10:06.550, 71.99 W, 53, 53 %, 9 %
2025/08/15 13:10:07.554, 70.71 W, 53, 55 %, 9 %
2025/08/15 13:10:08.559, 73.95 W, 53, 54 %, 9 %
2025/08/15 13:10:09.563, 72.89 W, 53, 54 %, 9 %
2025/08/15 13:10:10.568, 75.31 W, 53, 26 %, 4 %
2025/08/15 13:10:11.572, 75.10 W, 53, 55 %, 9 %
2025/08/15 13:10:12.577, 80.80 W, 53, 52 %, 9 %
2025/08/15 13:10:13.581, 70.02 W, 53, 54 %, 9 %
2025/08/15 13:10:14.586, 70.23 W, 53, 49 %, 8 %
2025/08/15 13:10:15.590, 77.70 W, 53, 51 %, 8 %
2025/08/15 13:10:16.594, 77.63 W, 53, 52 %, 8 %
2025/08/15 13:10:17.599, 69.76 W, 53, 52 %, 9 %
2025/08/15 13:10:18.606, 69.03 W, 53, 42 %, 7 %
2025/08/15 13:10:19.610, 65.78 W, 53, 41 %, 7 %
2025/08/15 13:10:20.613, 73.42 W, 53, 50 %, 8 %
2025/08/15 13:10:21.617, 69.96 W, 53, 51 %, 8 %
2025/08/15 13:10:22.623, 68.46 W, 52, 31 %, 6 %
2025/08/15 13:10:23.627, 73.22 W, 53, 51 %, 8 %
2025/08/15 13:10:24.632, 78.65 W, 53, 50 %, 8 %
2025/08/15 13:10:25.636, 70.26 W, 53, 51 %, 8 %
2025/08/15 13:10:26.639, 74.16 W, 53, 52 %, 8 %
2025/08/15 13:10:27.643, 69.51 W, 53, 53 %, 9 %
2025/08/15 13:10:28.646, 70.76 W, 53, 51 %, 8 %
2025/08/15 13:10:29.650, 78.56 W, 53, 53 %, 9 %
2025/08/15 13:10:30.653, 75.11 W, 53, 46 %, 7 %
2025/08/15 13:10:31.658, 74.85 W, 53, 54 %, 9 %
2025/08/15 13:10:32.662, 75.10 W, 53, 54 %, 9 %
2025/08/15 13:10:33.666, 59.20 W, 53, 54 %, 9 %
2025/08/15 13:10:34.672, 74.73 W, 53, 35 %, 6 %
2025/08/15 13:10:35.676, 74.39 W, 53, 54 %, 9 %
2025/08/15 13:10:36.681, 78.79 W, 53, 54 %, 9 %
2025/08/15 13:10:37.685, 77.66 W, 53, 53 %, 9 %
2025/08/15 13:10:38.691, 66.85 W, 53, 54 %, 9 %
2025/08/15 13:10:39.696, 79.59 W, 53, 53 %, 9 %
2025/08/15 13:10:40.700, 75.18 W, 53, 54 %, 9 %
2025/08/15 13:10:41.704, 76.86 W, 53, 55 %, 9 %
2025/08/15 13:10:42.710, 73.42 W, 53, 55 %, 9 %
2025/08/15 13:10:43.713, 72.47 W, 53, 53 %, 9 %
2025/08/15 13:10:44.717, 78.35 W, 53, 54 %, 9 %
2025/08/15 13:10:45.722, 65.77 W, 52, 33 %, 6 %
2025/08/15 13:10:46.728, 75.59 W, 53, 54 %, 9 %
2025/08/15 13:10:47.732, 76.11 W, 53, 53 %, 9 %
2025/08/15 13:10:48.737, 78.36 W, 53, 55 %, 9 %
2025/08/15 13:10:49.740, 77.17 W, 53, 55 %, 9 %
2025/08/15 13:10:50.743, 73.00 W, 53, 50 %, 8 %
2025/08/15 13:10:51.748, 73.44 W, 53, 51 %, 8 %
2025/08/15 13:10:52.752, 73.91 W, 53, 55 %, 9 %
2025/08/15 13:10:53.758, 78.09 W, 53, 54 %, 9 %
2025/08/15 13:10:54.762, 78.36 W, 53, 53 %, 9 %
2025/08/15 13:10:55.765, 76.86 W, 53, 53 %, 9 %
2025/08/15 13:10:56.770, 65.04 W, 52, 29 %, 5 %
2025/08/15 13:10:57.775, 75.31 W, 53, 53 %, 9 %
2025/08/15 13:10:58.779, 77.89 W, 53, 53 %, 9 %
2025/08/15 13:10:59.783, 76.18 W, 53, 53 %, 9 %
2025/08/15 13:11:00.788, 75.69 W, 53, 53 %, 9 %
2025/08/15 13:11:01.794, 74.44 W, 53, 53 %, 9 %
2025/08/15 13:11:02.798, 74.46 W, 53, 53 %, 9 %
2025/08/15 13:11:03.803, 74.17 W, 53, 54 %, 9 %
2025/08/15 13:11:04.806, 72.73 W, 53, 54 %, 9 %
2025/08/15 13:11:05.813, 81.08 W, 53, 55 %, 9 %
2025/08/15 13:11:06.818, 78.50 W, 53, 53 %, 9 %
2025/08/15 13:11:07.821, 74.41 W, 53, 54 %, 9 %
2025/08/15 13:11:08.825, 71.42 W, 53, 31 %, 6 %
2025/08/15 13:11:09.829, 74.20 W, 53, 53 %, 9 %
2025/08/15 13:11:10.833, 76.08 W, 53, 54 %, 9 %
2025/08/15 13:11:11.838, 78.58 W, 53, 53 %, 9 %
2025/08/15 13:11:12.843, 74.00 W, 53, 54 %, 9 %
2025/08/15 13:11:13.846, 71.29 W, 53, 53 %, 9 %
2025/08/15 13:11:14.851, 78.39 W, 53, 55 %, 9 %
2025/08/15 13:11:15.854, 72.24 W, 53, 53 %, 9 %
2025/08/15 13:11:16.861, 73.91 W, 53, 53 %, 9 %
2025/08/15 13:11:17.866, 72.20 W, 53, 53 %, 9 %
2025/08/15 13:11:18.870, 72.44 W, 53, 45 %, 7 %
2025/08/15 13:11:19.874, 64.80 W, 53, 33 %, 6 %
2025/08/15 13:11:20.880, 73.58 W, 53, 54 %, 9 %
2025/08/15 13:11:21.883, 75.84 W, 53, 54 %, 9 %
2025/08/15 13:11:22.888, 68.08 W, 53, 46 %, 8 %
2025/08/15 13:11:23.892, 78.92 W, 53, 51 %, 8 %
2025/08/15 13:11:24.897, 73.71 W, 53, 53 %, 9 %
2025/08/15 13:11:25.901, 77.91 W, 53, 53 %, 9 %
2025/08/15 13:11:26.906, 75.39 W, 53, 53 %, 9 %
2025/08/15 13:11:27.910, 79.33 W, 53, 53 %, 9 %
2025/08/15 13:11:28.917, 73.95 W, 53, 52 %, 9 %
2025/08/15 13:11:29.922, 74.16 W, 53, 53 %, 9 %
2025/08/15 13:11:30.926, 76.43 W, 53, 53 %, 9 %
2025/08/15 13:11:31.929, 72.96 W, 53, 31 %, 5 %
2025/08/15 13:11:32.933, 77.36 W, 53, 54 %, 9 %
2025/08/15 13:11:33.937, 73.88 W, 53, 53 %, 9 %
2025/08/15 13:11:34.940, 74.61 W, 53, 54 %, 9 %
2025/08/15 13:11:35.946, 79.28 W, 53, 53 %, 9 %
2025/08/15 13:11:36.951, 71.24 W, 53, 53 %, 9 %
2025/08/15 13:11:37.955, 71.53 W, 53, 54 %, 9 %
2025/08/15 13:11:38.959, 71.99 W, 53, 54 %, 9 %
2025/08/15 13:11:39.964, 72.98 W, 53, 54 %, 9 %
2025/08/15 13:11:40.969, 75.11 W, 53, 53 %, 9 %
2025/08/15 13:11:41.972, 74.86 W, 53, 53 %, 9 %
2025/08/15 13:11:42.976, 65.82 W, 53, 34 %, 6 %
2025/08/15 13:11:43.984, 77.10 W, 53, 55 %, 9 %
2025/08/15 13:11:44.987, 73.62 W, 53, 54 %, 9 %
2025/08/15 13:11:45.991, 74.16 W, 53, 53 %, 9 %
2025/08/15 13:11:46.996, 77.76 W, 53, 54 %, 9 %
2025/08/15 13:11:48.002, 73.22 W, 53, 53 %, 9 %
2025/08/15 13:11:49.006, 77.44 W, 53, 52 %, 9 %
2025/08/15 13:11:50.010, 70.76 W, 53, 54 %, 9 %
2025/08/15 13:11:51.014, 76.13 W, 53, 53 %, 9 %
2025/08/15 13:11:52.020, 69.73 W, 53, 52 %, 9 %
2025/08/15 13:11:53.025, 68.77 W, 53, 52 %, 8 %
2025/08/15 13:11:54.028, 66.06 W, 52, 25 %, 4 %
2025/08/15 13:11:55.033, 73.95 W, 53, 47 %, 8 %
2025/08/15 13:11:56.036, 74.36 W, 53, 50 %, 8 %
2025/08/15 13:11:57.039, 79.04 W, 53, 51 %, 8 %
2025/08/15 13:11:58.042, 74.21 W, 53, 51 %, 8 %
2025/08/15 13:11:59.046, 71.68 W, 53, 53 %, 9 %
2025/08/15 13:12:00.050, 70.17 W, 53, 52 %, 8 %
2025/08/15 13:12:01.054, 74.21 W, 53, 53 %, 9 %
2025/08/15 13:12:02.058, 77.38 W, 53, 53 %, 9 %
2025/08/15 13:12:03.062, 75.40 W, 53, 53 %, 9 %
2025/08/15 13:12:04.070, 76.66 W, 53, 53 %, 9 %
2025/08/15 13:12:05.074, 70.46 W, 53, 52 %, 9 %
2025/08/15 13:12:06.077, 64.55 W, 53, 32 %, 6 %
2025/08/15 13:12:07.082, 79.07 W, 53, 53 %, 9 %
2025/08/15 13:12:08.088, 75.64 W, 53, 53 %, 9 %
2025/08/15 13:12:09.093, 72.38 W, 53, 53 %, 9 %
2025/08/15 13:12:10.097, 72.64 W, 53, 51 %, 8 %
2025/08/15 13:12:11.101, 74.70 W, 53, 52 %, 9 %
2025/08/15 13:12:12.106, 73.19 W, 53, 52 %, 9 %
2025/08/15 13:12:13.109, 80.85 W, 53, 53 %, 9 %
2025/08/15 13:12:14.113, 76.09 W, 53, 54 %, 9 %
2025/08/15 13:12:15.117, 73.16 W, 53, 54 %, 9 %
2025/08/15 13:12:16.120, 79.58 W, 53, 54 %, 9 %
2025/08/15 13:12:17.125, 64.83 W, 53, 36 %, 6 %
2025/08/15 13:12:18.129, 74.61 W, 53, 55 %, 9 %
2025/08/15 13:12:19.133, 75.13 W, 53, 54 %, 9 %
2025/08/15 13:12:20.138, 72.88 W, 53, 54 %, 9 %
2025/08/15 13:12:21.142, 79.14 W, 53, 54 %, 9 %
2025/08/15 13:12:22.145, 73.47 W, 53, 54 %, 9 %
2025/08/15 13:12:23.150, 74.74 W, 53, 54 %, 9 %
2025/08/15 13:12:24.155, 77.61 W, 53, 52 %, 8 %
2025/08/15 13:12:25.159, 79.05 W, 53, 54 %, 9 %
2025/08/15 13:12:26.164, 77.84 W, 53, 52 %, 9 %
2025/08/15 13:12:27.168, 77.09 W, 53, 49 %, 8 %
2025/08/15 13:12:28.173, 80.32 W, 53, 55 %, 9 %
2025/08/15 13:12:29.178, 65.04 W, 53, 33 %, 6 %
2025/08/15 13:12:30.182, 74.46 W, 53, 55 %, 9 %
2025/08/15 13:12:31.185, 74.37 W, 53, 52 %, 9 %
2025/08/15 13:12:32.191, 78.69 W, 53, 49 %, 8 %
2025/08/15 13:12:33.194, 72.14 W, 53, 49 %, 8 %
2025/08/15 13:12:34.198, 65.28 W, 53, 51 %, 8 %
2025/08/15 13:12:35.204, 72.27 W, 53, 49 %, 8 %
2025/08/15 13:12:36.210, 75.97 W, 53, 50 %, 8 %
2025/08/15 13:12:37.213, 75.48 W, 53, 48 %, 8 %
2025/08/15 13:12:38.217, 76.62 W, 53, 50 %, 8 %
2025/08/15 13:12:39.220, 76.46 W, 53, 52 %, 8 %
2025/08/15 13:12:40.224, 74.44 W, 53, 50 %, 8 %
2025/08/15 13:12:41.228, 60.15 W, 52, 31 %, 6 %
2025/08/15 13:12:42.231, 74.16 W, 53, 51 %, 8 %
2025/08/15 13:12:43.235, 76.28 W, 53, 52 %, 8 %
2025/08/15 13:12:44.240, 72.18 W, 53, 50 %, 8 %
2025/08/15 13:12:45.244, 67.09 W, 53, 48 %, 8 %
2025/08/15 13:12:46.248, 75.13 W, 53, 51 %, 8 %
2025/08/15 13:12:47.252, 74.21 W, 53, 51 %, 8 %
2025/08/15 13:12:48.258, 77.65 W, 53, 47 %, 8 %
2025/08/15 13:12:49.263, 74.92 W, 53, 53 %, 9 %
2025/08/15 13:12:50.266, 74.62 W, 53, 53 %, 9 %
2025/08/15 13:12:51.270, 76.57 W, 53, 53 %, 9 %
2025/08/15 13:12:52.276, 48.87 W, 53, 54 %, 9 %
2025/08/15 13:12:53.280, 74.57 W, 53, 28 %, 5 %
2025/08/15 13:12:54.284, 75.15 W, 53, 52 %, 8 %
2025/08/15 13:12:55.288, 80.61 W, 53, 55 %, 9 %
2025/08/15 13:12:56.292, 74.54 W, 53, 56 %, 9 %
2025/08/15 13:12:57.296, 77.16 W, 53, 55 %, 9 %
2025/08/15 13:12:58.301, 74.12 W, 53, 55 %, 9 %
2025/08/15 13:12:59.305, 78.58 W, 53, 52 %, 8 %
2025/08/15 13:13:00.308, 69.77 W, 53, 53 %, 9 %
2025/08/15 13:13:01.312, 78.05 W, 53, 55 %, 9 %
2025/08/15 13:13:02.316, 69.52 W, 53, 54 %, 9 %
2025/08/15 13:13:03.320, 74.15 W, 53, 56 %, 9 %
2025/08/15 13:13:04.325, 64.70 W, 53, 34 %, 6 %
2025/08/15 13:13:05.328, 73.42 W, 53, 55 %, 9 %
2025/08/15 13:13:06.332, 74.39 W, 53, 52 %, 8 %
2025/08/15 13:13:07.336, 74.90 W, 53, 55 %, 9 %
2025/08/15 13:13:08.343, 80.77 W, 53, 53 %, 9 %
2025/08/15 13:13:09.347, 75.59 W, 53, 53 %, 9 %
2025/08/15 13:13:10.352, 76.67 W, 53, 53 %, 9 %
2025/08/15 13:13:11.356, 69.96 W, 53, 54 %, 9 %
2025/08/15 13:13:12.361, 79.87 W, 53, 54 %, 9 %
2025/08/15 13:13:13.364, 76.38 W, 53, 53 %, 9 %
2025/08/15 13:13:14.369, 74.16 W, 53, 54 %, 9 %
2025/08/15 13:13:15.372, 65.82 W, 53, 33 %, 6 %
2025/08/15 13:13:16.376, 77.95 W, 53, 53 %, 9 %
2025/08/15 13:13:17.381, 71.45 W, 53, 54 %, 9 %
2025/08/15 13:13:18.385, 74.59 W, 53, 53 %, 9 %
2025/08/15 13:13:19.389, 70.95 W, 53, 53 %, 9 %
2025/08/15 13:13:20.394, 71.23 W, 53, 53 %, 9 %
2025/08/15 13:13:21.399, 75.96 W, 53, 55 %, 9 %
2025/08/15 13:13:22.403, 75.64 W, 53, 55 %, 9 %
2025/08/15 13:13:23.407, 75.54 W, 53, 55 %, 9 %
2025/08/15 13:13:24.412, 76.39 W, 53, 53 %, 9 %
2025/08/15 13:13:25.415, 76.87 W, 53, 55 %, 9 %
2025/08/15 13:13:26.418, 66.60 W, 53, 38 %, 6 %
2025/08/15 13:13:27.423, 76.63 W, 53, 55 %, 9 %
2025/08/15 13:13:28.428, 74.96 W, 53, 56 %, 9 %
2025/08/15 13:13:29.431, 80.55 W, 53, 56 %, 9 %
2025/08/15 13:13:30.434, 72.44 W, 53, 55 %, 9 %
2025/08/15 13:13:31.439, 73.62 W, 53, 53 %, 9 %
2025/08/15 13:13:32.443, 79.96 W, 53, 55 %, 9 %
2025/08/15 13:13:33.447, 74.36 W, 53, 54 %, 9 %
2025/08/15 13:13:34.451, 78.25 W, 53, 55 %, 9 %
2025/08/15 13:13:35.456, 72.96 W, 53, 55 %, 9 %
2025/08/15 13:13:36.459, 78.14 W, 53, 55 %, 9 %
2025/08/15 13:13:37.464, 73.42 W, 53, 56 %, 9 %
2025/08/15 13:13:38.469, 78.01 W, 53, 53 %, 9 %
2025/08/15 13:13:39.473, 73.37 W, 53, 54 %, 9 %
2025/08/15 13:13:40.477, 76.13 W, 53, 55 %, 9 %
2025/08/15 13:13:41.485, 74.32 W, 53, 54 %, 9 %
2025/08/15 13:13:42.489, 76.51 W, 53, 55 %, 9 %
2025/08/15 13:13:43.493, 77.15 W, 53, 55 %, 9 %
2025/08/15 13:13:44.496, 79.83 W, 53, 54 %, 9 %
2025/08/15 13:13:45.501, 76.13 W, 53, 55 %, 9 %
2025/08/15 13:13:46.505, 75.64 W, 53, 54 %, 9 %
2025/08/15 13:13:47.509, 78.35 W, 53, 55 %, 9 %
2025/08/15 13:13:48.513, 75.64 W, 53, 56 %, 9 %
2025/08/15 13:13:49.517, 72.49 W, 53, 26 %, 4 %
2025/08/15 13:13:50.522, 77.40 W, 53, 54 %, 9 %
2025/08/15 13:13:51.526, 74.69 W, 53, 54 %, 9 %
2025/08/15 13:13:52.532, 75.68 W, 53, 56 %, 9 %
2025/08/15 13:13:53.536, 72.88 W, 53, 55 %, 9 %
2025/08/15 13:13:54.540, 74.30 W, 53, 56 %, 9 %
2025/08/15 13:13:55.544, 73.63 W, 53, 55 %, 9 %
2025/08/15 13:13:56.551, 74.59 W, 53, 56 %, 9 %
2025/08/15 13:13:57.556, 77.57 W, 53, 55 %, 9 %
2025/08/15 13:13:58.560, 74.59 W, 53, 56 %, 9 %
2025/08/15 13:13:59.564, 77.32 W, 53, 55 %, 9 %
2025/08/15 13:14:00.568, 47.79 W, 53, 34 %, 6 %
2025/08/15 13:14:01.573, 47.35 W, 52, 23 %, 1 %
2025/08/15 13:14:02.577, 40.25 W, 52, 20 %, 1 %
2025/08/15 13:14:03.581, 40.72 W, 51, 21 %, 1 %
2025/08/15 13:14:04.585, 41.46 W, 51, 24 %, 1 %
2025/08/15 13:14:05.590, 41.38 W, 51, 24 %, 1 %
2025/08/15 13:14:06.595, 41.69 W, 51, 24 %, 1 %
2025/08/15 13:14:07.599, 41.71 W, 51, 24 %, 1 %
2025/08/15 13:14:08.602, 41.44 W, 51, 24 %, 1 %
2025/08/15 13:14:09.609, 41.44 W, 51, 24 %, 1 %
2025/08/15 13:14:10.612, 41.24 W, 51, 24 %, 1 %
2025/08/15 13:14:11.616, 41.42 W, 51, 23 %, 1 %
2025/08/15 13:14:12.620, 41.24 W, 50, 23 %, 1 %
2025/08/15 13:14:13.625, 40.72 W, 50, 23 %, 1 %
2025/08/15 13:14:14.629, 40.87 W, 50, 23 %, 1 %
2025/08/15 13:14:15.634, 40.23 W, 50, 24 %, 1 %
2025/08/15 13:14:16.637, 40.97 W, 50, 23 %, 1 %
2025/08/15 13:14:17.643, 38.25 W, 50, 0 %, 0 %
2025/08/15 13:14:18.647, 41.43 W, 50, 27 %, 2 %
2025/08/15 13:14:19.651, 41.21 W, 50, 29 %, 2 %
2025/08/15 13:14:20.656, 41.21 W, 50, 28 %, 2 %
2025/08/15 13:14:21.661, 41.21 W, 50, 28 %, 2 %
2025/08/15 13:14:22.665, 41.62 W, 49, 29 %, 2 %
2025/08/15 13:14:23.669, 41.43 W, 49, 29 %, 2 %
2025/08/15 13:14:24.673, 41.11 W, 49, 29 %, 2 %
2025/08/15 13:14:25.678, 41.49 W, 49, 28 %, 2 %
2025/08/15 13:14:26.681, 40.97 W, 49, 30 %, 2 %
2025/08/15 13:14:27.686, 41.22 W, 49, 29 %, 2 %
2025/08/15 13:14:28.692, 38.03 W, 49, 0 %, 0 %
2025/08/15 13:14:29.695, 38.01 W, 49, 0 %, 0 %
2025/08/15 13:14:30.698, 38.01 W, 49, 0 %, 0 %
